"","Redshift_crosscheck","T90","log10Fluence","log10PeakFlux","PhotonIndex","log10NH","Gamma","log10Fa","log10Ta","Alpha","Beta","log10TaErr","BetaErr","AlphaErr","T90Err","FluenceErr","PeakFluxErr","PhotonIndexErr","log10FaErr"
"GRB050315",1.949,95.6,-5.492144128,0.285557309,2.11,21.91683806,1.99544,-11.3757179,4.86356,1.10818,0.856,0.04512,0.001,0.049165,14.02006162,8.84848484848485e-08,0.133333333,0.054545455,0.03245
"GRB050318",1.44,32,-5.966576245,0.499687083,1.9,20.92661714,1.98053,-11.15490196,4.132084541,1.874408221,0.95,0.043780336,0.037,0.085906519,10.96645741,4.66666666666667e-08,0.121212121,0.060606061,0.06181969
"GRB050319",3.24,152.5,-5.882728704,0.181843588,2.02,20.93735437,2.01045,-10.70553377,3.73997,0.863159,0.971,0.06193,0.009,0.034558,10.95539119,8.96969696969697e-08,0.127272727,0.115151515,0.04165
"GRB050401",2.9,33.3,-5.085128182,1.029383778,1.4,22.12570242,1.78711,-9.653647026,3.12435,0.984108,0.9995,0.02833,0.0174145,0.0260615,0.6253575,1.85454545454545e-07,0.557575758,0.042424242,0.019455
"GRB050505",4.27,58.9,-5.603800653,0.267171728,1.41,22.23063027,2.01835,-11.04817696,4.270583544,1.462094791,0.973,0.030067592,5e-04,0.035926291,6.838970679,1.08484848484848e-07,0.187878788,0.072727273,0.03272177
"GRB050730",3.967,156.5,-5.623423043,-0.259637311,1.53,21.73850309,1.6177,-10.09854168,4.05018,2.38763,0.5615,0.017795,0.000210492,0.0538,18.03329907,9.21212121212121e-08,0.084848485,0.066666667,0.0266
"GRB050802",1.7102,19,-5.698970004,0.439332694,1.54,21.25883595,1.8557,-10.28650946,3.63973,1.44729,0.8585,0.0326,0.002369606,0.03274,10.19803903,9.51515151515152e-08,0.266666667,0.078787879,0.0275
"GRB050803",3.5,87.9,-5.66756154,-0.017728767,1.38,21.34755638,2.11696,-10.86012091,4.21721,1.52234,1.218,0.04766,0.22485626,0.048695,10.43812723,8.18181818181818e-08,0.066666667,0.066666667,0.0489
"GRB050824",0.8278,22.6,-6.575118363,-0.301029996,2.76,20.9708274,1.94709,-12.23882419,5.08558,0.954481,0.86,0.12722,0.01,0.0899785,4.070927175,3.15151515151515e-08,0.090909091,0.23030303,0.06855
"GRB050826",0.297,35.5,-6.384049948,-0.420216403,1.16,21.96085591,2.45742,-12.33348202,4.76235,1.801,1.11,0.13858,0.03,0.23538,5.865069501,4.36363636363636e-08,0.078787879,0.187878788,0.23405
"GRB050904",6.29,174.2,-5.316052869,-0.207608311,1.25,22.39388568,1.90813,-11.4544,4.6841,3.44235688,0.848,0.098475,0,0.624745,10.75621588,1.09090909090909e-07,0.103030303,0.042424242,0.29485
"GRB060115",3.53,139.6,-5.76700389,-0.060480747,1,21.43355223,2.10553,-11.29499204,3.69688,0.889919,1,0.123015,0.085,0.053884,15.0870791,9.09090909090909e-08,0.072727273,0.303030303,0.0812
"GRB060124",2.296,750,-6.336299075,-0.050609993,1.84,21.9172644,2.00895,-10.6893,4.47599,1.3641,0.99,0.036665,0.076380116,0.01627,1.306782322,3.21212121212121e-08,0.109090909,0.115151515,0.04445
"GRB060206",4.048,7.6,-6.080398976,0.445604203,1.2,22.33966406,2.20424,-10.63078414,3.93814,1.17565,1.265,0.07444,0.013041887,0.02867,1.933560454,2.54545454545455e-08,0.103030303,0.181818182,0.07055
"GRB060210",3.91,255,-5.11577123,0.434568904,1.53,22.3877421,2.08163,-10.66756154,4.15028,1.20511,0.979,0.030365,0.083622271,0.02297,121.976523,2.47878787878788e-07,0.16969697,0.054545455,0.0292
"GRB060218",0.0331,2100,-5.804100348,-0.602059991,2.26,21.59972155,3.52495,-11.82390874,5.07614,1.3185,3.17,0.14064,0.02,0.108235,NA,9.21212121212121e-08,0.066666667,0.103030303,0.1602
"GRB060306",1.559,61.2,-5.671620397,0.775974331,1.8,21.61973178,2.28823,-10.70553377,3.61496,1.03794,0.76,0.04452,0.01,0.02498,3.518840719,7.15151515151515e-08,0.193939394,0.060606061,0.03495
"GRB060418",1.489,103.1,-5.079354999,0.814247596,1.7,21.65363309,1.94118,-9.792961075,3.11887,1.47655,0.98,0.057245,0.005,0.044705,45.254834,1.53333333333333e-07,0.212121212,0.036363636,0.04904
"GRB060526",3.221,298.2,-5.899629455,0.222716471,2.01,16.11154478,1.90677,-11.3053948,3.8752,1.05873,0.93,0.09216,0.0305,0.0623145,23.04821868,1e-07,0.109090909,0.145454545,0.06785
"GRB060604",2.1357,95,-6.395773947,-0.468521083,2.01,21.99003057,2.1711,-11.76955108,4.45991,1.21596,1.02,0.04994,0,0.04695,17,6.42424242424242e-08,0.078787879,0.254545455,0.04195
"GRB060605",3.78,79.1,-6.156767222,-0.337242168,1.55,21.77333803,2.02128,-11.26121944,4.04162,1.9179,0.835,0.037375,0.10149311,0.085,35.01416491,5.45454545454545e-08,0.072727273,0.121212121,0.05315
"GRB060614",0.125,108.7,-4.690369833,1.06069784,2.02,20.51216256,1.89544,-11.78251606,5.03344,1.9453,0.783,0.0289,0.006,0.05983,3.31042292,2.2e-07,0.448484848,0.024242424,0.0429
"GRB060707",3.425,66.2,-5.795880017,0.004321374,0.6,21.20847898,2.09345,-10.9132,3.5545,0.861995,1.12,0.127895,0.035,0.0364485,6.314200491,9.15151515151515e-08,0.139393939,0.363636364,0.07695
"GRB060708",1.92,10.2,-6.306273051,0.28780173,1.68,20.79066861,2.20484,-10.86966623,3.50569,1.12969,1.485,0.062725,0.33410152,0.028525,3.601244236,2.24242424242424e-08,0.084848485,0.072727273,0.06115
"GRB060714",2.711,115,-5.548213564,0.10720997,1.93,22.0125926,2.04425,-10.86012091,3.73449,1.20488,0.87,0.046765,0.005,0.035305,9.129365384,1.01212121212121e-07,0.078787879,0.066666667,0.0352
"GRB060729",0.54,115.3,-5.583359493,0.068185862,1.75,20.86562801,1.92492,-11.15058059,5.1057,1.35481,1.317,0.012825,0.077392286,0.013425,33.90346061,1.27878787878788e-07,0.078787879,0.084848485,0.0116
"GRB060814",1.9229,145.3,-4.835647144,0.861534411,1.53,22.00679538,2.11591,-10.91009489,4.22387,1.29504,0.97,0.034855,0,0.024565,4.898458524,1.44848484848485e-07,0.175757576,0.018181818,0.0353
"GRB060906",3.686,43.5,-5.655607726,0.294466226,2.03,22.41960057,2.07859,-11.8827287,4.33479,1.71887,1.06,0.072145,0.005,0.169635,8.166987204,8.24242424242424e-08,0.16969697,0.066666667,0.08845
"GRB060908",1.8836,19.3,-5.552841969,0.481442629,1,21.80952201,2.13395,-9.627087997,2.81918,1.38309,1.185,0.05993,0.003474954,0.04964,1.330335293,6.72727272727273e-08,0.151515152,0.181818182,0.045185
"GRB060926",3.2,8,-6.659555885,0.037426498,2.54,22.50004427,2.00443,-10.84771166,3.351,1.45111,1.357,0.09927,0.009157091,0.11561,1.212679677,1.51515151515152e-08,0.084848485,0.139393939,0.08245
"GRB060927",5.47,22.5,-5.946921557,0.431363764,0.9,22.10710478,1.94856,-10.77728353,3.15198,1.39098,0.83,0.108435,0.178498106,0.118785,1.294276634,4.12121212121212e-08,0.103030303,0.242424242,0.08115
"GRB061021",0.3463,46.2,-5.528708289,0.78604121,1.3,20.87141063,1.99282,-10.04095861,3.23849,1.01707,0.785,0.03399,0.016800037,0.010415,5.398832468,6.12121212121212e-08,0.163636364,0.036363636,0.0264
"GRB061121",1.314,81.3,-4.863279433,1.324282455,1.41,21.75351565,1.90181,-10.03011836,3.78753,1.35185,0.9485,0.01703,0.002358211,0.01585,46.12748458,1.20606060606061e-07,0.278787879,0.018181818,0.01265
"GRB061201",0.111,0.76,-6.476253533,0.586587305,0.81,21.16656331,1.65934,-10.4134127,3.49343,1.98937,0.145,0.093885,0.061048094,0.169505,0.098954548,1.63636363636364e-08,0.187878788,0.090909091,0.09365
"GRB070110",2.352,88.4,-5.790484985,-0.22184875,1.58,21.3989672,2.08596,-11.04866248,4.26825,1.42725,1.186,0.053995,0.12166788,0.046555,14.47803302,6.54545454545455e-08,0.072727273,0.072727273,0.05475
"GRB070208",1.165,47.7,-6.351639989,-0.045757491,1.94,21.8647258,2.20341,-10.86327943,3.44468,1.2125,1.14,0.14114,0.015,0.06357,22.627417,6.12121212121212e-08,0.133333333,0.218181818,0.1619
"GRB070223",1.6295,88.5,-5.769551079,-0.161150909,1.85,21.70173804,2.25837,-11.86327943,4.22335,0.991734,1.03,0.203105,0.06,0.079308,8.08530616,7.27272727272727e-08,0.090909091,0.072727273,0.16615
"GRB070306",1.4959,209.5,-5.269217724,0.609594409,1.66,22.44245468,1.94468,-11.2737,4.86926,1.89982,0.831,0.02824,0.001,0.06188,64.76757163,1.73333333333333e-07,0.127272727,0.060606061,0.0335
"GRB070508",0.82,20.9,-4.707743929,1.382017043,1.1,21.89306622,1.82568,-9.161150909,3.02525,1.37377,0.764,0.01189,5e-04,0.013355,0.735923906,1.65454545454545e-07,0.36969697,0.060606061,0.010795
"GRB070521",2.0865,37.9,-5.096367484,0.814913181,1.1,22.27524914,2.00022,-10.01233374,3.55243,1.44502,0.98,0.04844,0.147518075,0.0562,2.819384324,1.07272727272727e-07,0.163636364,0.121212121,0.04901
"GRB070529",2.4996,109.2,-5.590066877,0.155336037,1.34,22.56252244,1.97999,-10.24641694,3.09323,1.21432,0.76,0.068045,0.015,0.03501,19.9827799,1.48484848484848e-07,0.218181818,0.096969697,0.0552
"GRB070802",2.45,16.4,-6.552841969,-0.397940009,1.79,21.91375294,1.99014,-11.6716204,3.92184,1.16348,0.78,0.236245,0.045,0.2088785,3.019812592,3.03030303030303e-08,0.060606061,0.163636364,0.17395
"GRB070809",0.2187,1.3,-7,0.079181246,1.69,20.80619355,1.37246,-11.9625735,4.18985,1.17521,0.396,0.206985,0.0595,0.395643,0.271528985,6.06060606060606e-09,0.121212121,0.133333333,0.1917
"GRB071003",1.60435,150,-5.080921908,0.799340549,1.36,20.86974084,1.91015,-11.67760082,4.78411,1.97901,0.837,0.098505,0.032,0.183105,4.494400066,1.81818181818182e-07,0.242424242,0.042424242,0.1359
"GRB071020",2.145,4.2,-5.638272164,0.924279286,1.11,20.99642367,1.59788,-9.169411331,2.311950854,1.119196934,0.844,0.039262062,0.001,0.011153209,0.581982802,6.06060606060606e-08,0.181818182,0.03030303,0.035099822
"GRB071117",1.331,6.6,-5.619788758,1.053078443,1.57,22.04291793,2.0457,-11.23542972,3.901990464,1.104952391,0.94,0.117162967,0.01,0.089387802,1.824859447,6.06060606060606e-08,0.242424242,0.036363636,0.101024385
"GRB080310",2.42,365,-5.638272164,0.113943352,2.32,10.56142698,2.09352,-11.3990271,4.32608056,1.59590648,0.878,0.03798676,0.0375,0.065276352,17.39875121,1.21212121212121e-07,0.121212121,0.096969697,0.04247343
"GRB080411",1.03,56,-4.578396073,1.635483747,1.75,21.57289018,1.97674,-10.11350927,4.20932562,1.28909841,0.91,0.049275581,0,0.010296793,1.000967534,6.06060606060606e-08,0.545454545,0.018181818,0.06043543
"GRB080430",0.767,16.2,-5.920818754,0.414973348,1.73,21.51787914,2.03541,-11.17198494,4.21762911,0.99269763,3.18,0.038388523,0.0755,0.020935069,2.183113364,6.06060606060606e-08,0.121212121,0.054545455,0.028180965
"GRB080516",3.2,5.8,-6.585026652,0.255272505,1.82,22.03528962,2.3315,-11.12090412,3.77452827,0.94016916,1.48,0.111057696,0.03,0.084888358,0.213016433,2.42424242424242e-08,0.181818182,0.163636364,0.077803665
"GRB080607",3.036,79,-4.619788758,1.36361198,1.31,22.38386741,2.03418,-10.0540393,3.46298403,1.7256074,1.06,0.069659314,0.02,0.037637388,3.285061929,0,0.666666667,0.024242424,0.11042072
"GRB080710",0.845,120,-5.853871964,0,1.47,20.89722339,2.00149,-11.23284413,4.09266933,1.52133785,1.3,0.054210787,0.150517844,0.06401643,17.43704666,1.21212121212121e-07,0.121212121,0.139393939,0.06269498
"GRB080721",2.591,16.2,-4.920818754,1.320146286,1.11,21.79728278,1.9433,-8.714442691,2.87876286,1.33437559,0.735,0.007554816,0,0.006435673,144,6.06060606060606e-07,1.090909091,0.048484848,0.007019299
"GRB080810",3.35,106,-5.337242168,0.301029996,1.34,21.45079548,2.11482,-9.931814138,3.2687548,1.44529526,1.079,0.039738688,0.0015,0.036139295,4.337190332,1.21212121212121e-07,0.121212121,0.036363636,0.031830706
"GRB080928",1.692,280,-5.602059991,0.322219295,1.77,21.51035195,2.13864,-11.1260984,4.08450503,1.76031774,0.99,0.047916769,0,0.075970735,20.80043462,1.21212121212121e-07,0.060606061,0.072727273,0.064484035
"GRB081007",0.5295,10,-6.148741651,0.414973348,2.51,21.69605744,2.102,-10.58502665,3.58176278,1.00469263,0.92,0.084284398,0.005,0.039134851,2.937133306,4.84848484848485e-08,0.242424242,0.121212121,0.053161115
"GRB081008",1.9685,185.5,-5.366531544,0.113943352,1.69,21.1376737,1.98207,-10.79317412,3.85550833,1.47398467,0.84,0.056285684,0.025,0.063988679,40.34414957,1.21212121212121e-07,0.060606061,0.042424242,0.06052989
"GRB081029",3.8479,270,-5.677780705,-0.301029996,1.43,21.49704581,1.95818,-11.86327943,4.48156171,2.51960373,0.87,0.04285341,0.001,0.169198521,45.6827768,1.21212121212121e-07,0.121212121,0.109090909,0.083250805
"GRB081221",2.26,34,-4.742321425,1.260071388,1.21,21.57331844,2.4947,-9.354577731,2.93195749,1.23586126,0.991,0.031176651,5e-04,0.012861856,0.8019177,1.81818181818182e-07,0.303030303,0.078787879,0.0249855
"GRB081230",2.1,60.7,-6.086186148,-0.15490196,1.97,20.67248024,2.08621,-11.32975415,3.66959365,0.99376498,1.02,0.08735027,0.02,0.040381418,13.77430841,4.84848484848485e-08,0.060606061,0.096969697,0.0701444
"GRB090102",1.547,27,-7.167491087,0.740362689,1.36,21.72376179,1.76997,-9.457174573,3.15380077,1.42487631,0.667,0.041590346,0.002673458,0.021786596,2.240000004,1.81818181818182e-09,0.484848485,0.048484848,0.036239983
"GRB090205",4.6497,8.8,-6.721246399,-0.301029996,2.15,21.81792086,2.03416,-11.3419886,3.70655,1.29089,1.01,0.114585,0.025,0.084185,1.794079127,1.81818181818182e-08,0.060606061,0.139393939,0.13445
"GRB090423",8.26,10.3,-6.229147988,0.230448921,0.8,22.7516324,1.8158,-11.2798407,3.91521772,1.43267533,0.77,0.077643595,0.005,0.064053366,1.061728761,2.42424242424242e-08,0.121212121,0.303030303,0.08569564
"GRB090424",0.544,48,-4.677780705,1.851258349,1.19,21.63012977,1.96315,-9.050609993,2.99599056,1.1284106,0.924,0.013394814,0,0.005546887,2.27250697,0,1.212121212,0.090909091,0.011257098
"GRB090426",2.609,1.2,-6.744727495,0.380211242,1.93,21.31103934,2.03664,-10.66550001,2.64657,1.00429,0.64,0.104665,0.0165,0.042666,0.257899207,1.81818181818182e-08,0.181818182,0.133333333,0.08725
"GRB090510",0.903,0.3,-6.468521083,0.986771734,0.98,20.64281656,1.75106,-10.11463878,3.17793555,2.00074629,0.6405,0.035002467,0.008486248,0.071440408,1.680304712,2.42424242424242e-08,0.666666667,0.121212121,0.042229995
"GRB090519",3.85,64,-5.920818754,-0.22184875,1.02,22.13069392,1.46604,-11.76000021,3.44619,1.42452,0.63,0.24029,0.03,0.3065,8.24011649,6.06060606060606e-08,0.121212121,0.121212121,0.21145
"GRB090529",2.625,100,-6.167491087,-0.397940009,2,13.51385525,2.22623,-12.1873998,4.472757799,0.8815438,0.64,0.21900534,0.125,0.113675222,10.5274432,1.03030303030303e-07,0.060606061,0.181818182,0.11547934
"GRB090530",1.266,48,-5.958607315,0.397940009,1.61,20.90942658,2.03975,-11.16052195,3.6839464,0.88610581,1.09,0.115365029,0.035,0.038514202,35.77708764,6.06060606060606e-08,0.181818182,0.103030303,0.089175625
"GRB090618",0.54,113.2,-3.978810701,1.589949601,1.42,21.39200012,1.82831,-9.640164518,3.67275453,1.30942861,0.8945,0.014245613,0.002482662,0.010591616,0.593538562,6.06060606060606e-07,0.484848485,0.048484848,0.009695255
"GRB090809",2.737,5.4,-6.468521083,0.041392685,1.34,21.91952315,1.94644,-11.8559,4.56066,1.6367,0.96,0.237865,0.01,0.319405,1.216253263,3.03030303030303e-08,0.121212121,0.145454545,0.338
"GRB090812",2.452,66.7,-5.236572006,0.556302501,1.24,21.77771022,1.88559,-10.16730017,3.52924,1.37252,0.53,0.13258,0.015,0.08412,14.65837332,1.21212121212121e-07,0.121212121,0.03030303,0.10615
"GRB090927",1.37,2.2,-6.698970004,0.301029996,1.8,21.01785522,2.06549,-11.6716204,4.20121889,1.13087741,0.92,0.093241949,0.01,0.074843971,0.400898978,1.81818181818182e-08,0.121212121,0.121212121,0.076268475
"GRB091018",0.971,4.4,-5.853871964,1.012837225,1.77,21.19187281,1.98015,-9.627087997,2.89655535,1.18074867,0.91,0.034497878,0.002061639,0.016335114,0.601065704,6.06060606060606e-08,0.242424242,0.145454545,0.024288603
"GRB091020",1.71,34.6,-5.431798276,0.62324929,1.53,21.70587483,2.08587,-9.71219827,2.95265011,1.17417264,0.895,0.045271255,0.002182887,0.018244861,4.875038864,6.06060606060606e-08,0.181818182,0.042424242,0.034480687
"GRB091029",2.752,39.2,-5.619788758,0.255272505,1.46,21.45058625,2.11535,-11.34678749,4.30368998,1.12123368,1.064,0.034224003,0.002,0.026782025,4.829610314,6.06060606060606e-08,0.060606061,0.163636364,0.02563352
"GRB091127",0.49,7.1,-5.045757491,1.667452953,2.05,20.87872913,1.80187,-9.844663963,3.98466812,1.39581701,0.758,0.021935207,0.00244132,0.013587309,0.150359555,1.81818181818182e-07,1.636363636,0.042424242,0.018562516
"GRB050416A",0.6528,2.5,-6.435333936,0.688419822,3.08,21.75162856,2.06183,-10.5559552,2.99481,0.842217,0.9,0.070765,0.005,0.0149485,0.44407209,2.24242424242424e-08,0.290909091,0.133333333,0.0484
"GRB050820A",2.6147,26,-5.463441557,0.389166084,1.25,21.61964524,1.96878,-10.01818139,3.750945731,1.136499703,0.9,0.238477529,0.0405,0.012525701,22.67611617,1.46666666666667e-07,0.139393939,0.072727273,0.266741013
"GRB050922C",2.198,4.5,-5.790484985,0.860936621,1.37,21.44930866,2.2119,-9.477555766,2.52429,1.22035,1.064,0.034305,0.013,0.013275,0.450457546,3.27272727272727e-08,0.193939394,0.036363636,0.03194
"GRB051016B",0.9364,4,-6.769551079,0.113943352,2.4,21.71466751,1.89482,-11.59006688,4.25742,1.14771,0.73,0.058175,0.005,0.04854,0.469570015,1.33333333333333e-08,0.096969697,0.139393939,0.04535
"GRB051109A",2.346,37.2,-5.657577319,0.595496222,1.51,21.97057233,2.06584,-10.51999306,3.91123,1.22299,1.06,0.04637,0.054794381,0.019155,7.089588968,1.64848484848485e-07,0.418181818,0.121212121,0.04815
"GRB051109B",0.08,14.3,-6.591760035,-0.259637311,1.97,21.36742302,2.12549,-11.57511836,3.65548,1.251,1.06,0.126645,0.01,0.12217,3.778168861,2.48484848484848e-08,0.078787879,0.145454545,0.0922
"GRB051221A",0.5465,1.4,-5.93930216,1.079181246,1.39,21.27394758,2.0589,-11.69464863,4.20075,1.09586,0.89,0.085085,0.005,0.05576,0.204978045,2.12121212121212e-08,0.236363636,0.036363636,0.063
"GRB060223A",4.41,11.3,-6.171984936,0.130333768,1.74,22.49782636,2.01015,-10.9636,2.78682,1.1892,0.81,0.23477,0.045,0.18005,1.095536415,2.90909090909091e-08,0.109090909,0.072727273,0.1982
"GRB060502A",1.5026,28.4,-5.63638802,0.227886705,1.46,21.45692297,2.02719,-10.55284197,3.3865,0.897152,0.87,0.075085,0.015,0.0205255,9.827838,6.18181818181818e-08,0.127272727,0.048484848,0.05675
"GRB060510B",4.9,275.2,-5.390405591,-0.244125144,1.78,22.00215742,2.1317,-12.2656,4.43617,1.00735,1.38,0.31628,0.03,0.2313695,21.28954544,1.06666666666667e-07,0.066666667,0.048484848,0.2206
"GRB060607A",3.0749,102.2,-5.59345982,0.146128036,1.47,21.79614607,1.61002,-11.02273379,4.37412,3.43151,0.564,0.02584,0.012077154,0.163115,31.06976133,6.78787878787879e-08,0.078787879,0.048484848,0.0761
"GRB060904B",0.703,171.5,-5.790484985,0.387389826,1.64,21.59122827,2.18877,-11.11633856,3.87074,1.36265,1.58,0.081295,0.136141492,0.04215,11.34305921,8.66666666666667e-08,0.127272727,0.084848485,0.08665
"GRB060912A",0.937,5,-5.869666232,0.933487288,1.74,21.36738202,1.8948,-10.1079054,2.455171016,1.045731532,0.63,0.156564864,0.0785,0.028937785,0.58,3.75757575757576e-08,0.266666667,0.054545455,0.147419953
"GRB061110A",0.7578,40.7,-5.974694135,-0.27572413,1.67,16.57386563,1.82722,-8.33235,2.24983,4.46435,1.98,0.03335,0.0015,0.11946,4.024501448,4.60606060606061e-08,0.072727273,0.072727273,0.2103
"GRB061222A",2.088,71.4,-5.097453221,0.930949031,1.35,22.56660835,1.92748,-9.954677021,3.92091,1.35061,0.86,0.024435,0.005,0.018075,16,9.57575757575758e-08,0.157575758,0.024242424,0.02311
"GRB070714B",0.923,64,-6.142667504,0.431363764,1.36,21.64321572,2.07429,-10.74232143,3.22974,1.64623,0.93,0.0946,0.005,0.108425,8.408797283,5.45454545454545e-08,0.121212121,0.115151515,0.09935
"GRB070721B",3.626,340,-5.443697499,0.176091259,1.34,21.89473409,1.52512,-10.50863831,3.94739,2.5054,0.52,0.10084,0,0.09144,21.32020684,1.21212121212121e-07,0.181818182,0.066666667,0.3648
"GRB070810A",2.17,11,-6.161150909,0.278753601,2.04,21.93100401,2.17076,-10.77728353,3.36583,1.36994,1.02,0.07187,0.01,0.077915,4.99064124,3.63636363636364e-08,0.121212121,0.084848485,0.06175
"GRB080319B",0.937,50,-4.091514981,1.394451681,1.04,20.8771334,1.81426,-12.15181088,5.36799912,1.42250979,0.73,0.087626454,0,0.075139905,0.179108908,6.06060606060606e-07,0.303030303,0.012121212,0.097779455
"GRB080319C",1.95,34,-5.443697499,0.716003344,1.37,21.75037415,1.61029,-8.91721463,3.19029,1.45203,1.94,0.04713,0.199995173,0.02854,8.885029446,6.06060606060606e-08,0.181818182,0.042424242,0.05004
"GRB080905B",2.374,128,-5.744727495,-0.301029996,1.78,22.33533151,1.86248,-10.11125904,3.67820615,1.36946226,0.375,0.038825489,0.00558525,0.033301752,28.05833332,1.21212121212121e-07,0.060606061,0.090909091,0.03236457
"GRB080916A",0.6887,60,-5.397940009,0.431363764,1.17,21.7431239,1.88453,-10.75269955,3.60698,0.998947,0.83,0.073495,0.01,0.0260505,6.325897569,6.06060606060606e-08,0.121212121,0.127272727,0.0592
"GRB081028A",3.038,260,-5.431798276,-0.301029996,1.25,20.90308999,2.51,-11.3994,4.75426,2.20023,0.945,0.03025,5e-04,0.054715,32.58849643,1.21212121212121e-07,0.060606061,0.23030303,0.0572
"GRB081203A",2.1,294,-5.113509275,0.462397998,1.54,21.66176916,2.03508,-10.9243983,4.02089,1.86904,0.82,0.03932,0.0325,0.064395,82.96987405,1.81818181818182e-07,0.121212121,0.036363636,0.05695
"GRB090418A",1.608,56,-5.337242168,0.278753601,1.48,22.02365981,2.03408,-10.04720756,3.52813657,1.52909667,0.98,0.030759021,0.003531332,0.042154514,4.129211073,1.21212121212121e-07,0.181818182,0.042424242,0.028659405
"GRB090516A",4.109,210,-5.045757491,0.204119983,1.84,21.19589965,2.09,-11.27490548,4.33113504,1.76098314,0.502,0.029715315,0.479087085,0.053351589,64,3.63636363636364e-07,0.121212121,0.066666667,0.03779605
"GRB091109A",3.076,48,-5.795880017,0.113943352,1.31,21.89596701,1.96352,-11.14630179,3.37933883,1.06152816,0.89,0.074268877,0.03,0.033719571,16.70810678,1.21212121212121e-07,0.242424242,0.151515152,0.05941034
"GRB091208B",1.063,14.9,-5.48148606,1.181843588,1.74,21.91211094,2.03333,-10.18045606,3.31388094,1.1606541,0.86,0.052928177,0.034663611,0.030502454,2.897723268,1.21212121212121e-07,0.606060606,0.066666667,0.036806415
"GRB100219A",4.6667,18.8,-6.431798276,-0.397940009,1.34,18.42501386,1.58721,-12.13548892,4.7218991,3.69298474,0.46,0.103773463,0.005,0.730853403,6.647711502,3.63636363636364e-08,0.060606061,0.151515152,0.326395625
"GRB100316B",1.18,3.8,-6.698970004,0.113943352,2.23,21.41315218,2.23535,-11.1481304,3.5543767,1.36246063,1.08,0.207348761,0.02,0.13322096,0.445223532,1.21212121212121e-08,0.060606061,0.109090909,0.10431242
"GRB100418A",0.6235,7,-6.468521083,0,2.16,15.61943666,2.26662,-12.48811664,5.54363,1.81145,0.84,0.075475,0.01,0.16786,0.963279858,3.03030303030303e-08,0.121212121,0.151515152,0.10745
"GRB100425A",1.755,37,-6.327902142,0.146128036,2.42,20.53466438,2.17077,-11.50168945,3.60199415,0.86819371,1.46,0.115125536,0.035,0.055076895,3.773539953,5.45454545454545e-08,0.121212121,0.193939394,0.070859065
"GRB100513A",4.772,84,-5.853871964,-0.22184875,1.62,22.05240534,2.25722,-11.57186521,3.74522911,0.96306136,1.36,0.128616618,0.025,0.061569437,14.87086076,6.06060606060606e-08,0.060606061,0.084848485,0.09817689
"GRB100621A",0.542,63.6,-4.677780705,1.10720997,1.9,22.28454803,2.3024,-9.804100348,3.64164386,0.94079321,0.27,0.060455075,0.150679792,0.024177265,1.683600844,0,0.181818182,0.018181818,0.041282476
"GRB100625A",0.452,0.33,-6.638272164,0.414973348,0.9,20.33244048,2.40449,-10.87942607,2.43862257,1.84657968,1.08,0.239414064,0.175,0.242981501,213.3588526,1.21212121212121e-08,0.121212121,0.060606061,0.36164147
"GRB100704A",3.6,197.5,-5.22184875,0.633468456,1.73,21.52730245,2.11575,-10.35163999,3.62503495,1.01294211,1.29,0.053639373,0.01,0.01813996,23.25931459,1.21212121212121e-07,0.121212121,0.036363636,0.04763446
"GRB100724A",1.288,1.4,-6.795880017,0.278753601,1.92,21.01720452,1.94442,-10.67778071,2.86502502,1.11237691,0.83,0.168928757,0.05,0.065002869,0.155794716,1.21212121212121e-08,0.121212121,0.127272727,0.14742817
"GRB100728A",1.567,198.5,-4.420216403,0.707570176,1.18,21.52592288,1.90402,-10.17587417,4.03148606,1.5588143,0.96,0.053762484,0.005,0.034265796,12.6465837,0,0.121212121,0.012121212,0.0760751
"GRB100814A",1.44,174.5,-5.045757491,0.397940009,1.47,20.89608288,1.89414,-11.49349497,5.22729477,1.76532941,1.1425,0.035347138,0.01745135,0.084015169,9.468174905,1.21212121212121e-07,0.121212121,0.024242424,0.04362636
"GRB100816A",0.804,2.9,-5.698970004,1.037426498,0.73,21.34783526,1.91138,-11.5559552,3.97801299,1.04455013,1.09,0.112014005,0.015,0.047175154,0.621173086,6.06060606060606e-08,0.242424242,0.145454545,0.08674922
"GRB100901A",1.408,439,-5.677780705,-0.096910013,1.52,21.53188109,1.98285,-11.34103516,4.91124,1.50754,1.075,0.02425,5e-04,0.036255,22.56299024,1.81818181818182e-07,0.121212121,0.127272727,0.0283
"GRB100906A",1.727,114.4,-4.920818754,1.004321374,1.78,21.96198081,2.02817,-10.4698003,3.94074768,1.71220056,0.87,0.039933316,0,0.059340084,1.591145486,0,0.242424242,0.018181818,0.048743085
"GRB101219B",0.55,34,-5.677780705,-0.22184875,1.56,20.49692965,1.85684,-11.99567863,4.42003952,0.66918137,0.94,0.166829365,0.105,0.039390628,5.420624286,2.42424242424242e-07,0.181818182,0.096969697,0.089446275
"GRB110106B",0.618,24.8,-5.698970004,0.322219295,1.76,21.29748256,2.05121,-10.81530857,3.87203946,1.22519883,1.03,0.058714404,0.005,0.049891228,16.62661769,6.06060606060606e-08,0.181818182,0.066666667,0.045543555
"GRB110213A",1.46,48,-5.229147988,0.204119983,1.83,21.56708403,1.96436,-9.896196279,3.84089,1.8412,1.1905,0.023515,0.226362665,0.02785,16,2.42424242424242e-07,0.363636364,0.072727273,0.03588
"GRB110422A",1.77,25.9,-4.387216143,1.487138375,0.86,22.02088312,1.89199,-9.681936665,3.50066971,1.42239886,0.778,0.029472713,0.005,0.022779716,0.566646277,6.06060606060606e-07,0.606060606,0.060606061,0.024137407
"GRB110503A",1.613,10,-5,0.130333768,0.88,21.13638759,1.90907,-9.08249449,2.54166555,1.14649063,0.687,0.028887961,0.001,0.006289914,3.405445073,2.42424242424242e-07,0.036363636,0.151515152,0.028998071
"GRB110715A",0.82,13,-4.928117993,1.731588765,1.25,22.0746007,1.85342,-9.075720714,2.61109719,0.95853538,0.755,0.035600881,0.0015,0.009554076,4,1.21212121212121e-07,0.666666667,0.072727273,0.02377653
"GRB110731A",2.83,38.8,-5.22184875,1.041392685,1.15,21.95954126,1.85145,-12.08512818,5.08952072,1.42351927,0.39,0.090702815,0.13,0.110855301,11.66246372,6.06060606060606e-08,0.181818182,0.03030303,0.097418495
"GRB110808A",1.348,48,-6.48148606,-0.397940009,2.32,14.56450155,2.33721,-12.08440021,4.50711,0.807091,1.4,0.155655,0.025,0.0776,22.627417,4.84848484848485e-08,0.121212121,0.260606061,0.0837
"GRB110818A",3.36,103,-5.397940009,0.204119983,1.58,22.06812647,1.95985,-11.28316228,3.84627415,1.37167718,0.83,0.059648416,0.01,0.067338189,18.0548006,1.21212121212121e-07,0.181818182,0.066666667,0.05514905
"GRB111008A",4.9898,63.46,-5.27572413,0.806179974,1.86,22.17059025,1.94053,-10.66756154,3.98993393,1.21584288,0.829,0.035676696,0.001,0.027351291,2.36485691,1.81818181818182e-07,0.424242424,0.054545455,0.028511085
"GRB111117A",2.211,0.47,-6.853871964,0.130333768,0.65,21.35810434,2.19593,-11.56224944,3.040958613,1.320391508,0.79,0.16895411,0.045,0.11777667,0.053665607,1.09090909090909e-08,0.121212121,0.133333333,0.1607292
"GRB111123A",3.1516,290,-5.13667714,-0.045757491,1.68,21.35034301,2.55463,-11.60730305,4.42202873,1.46723371,1.25,0.070655771,0.005,0.105884147,88.09086218,1.81818181818182e-07,0.060606061,0.042424242,0.07308827
"GRB111209A",0.677,1400,-4.443697499,-0.301029996,1.48,21.14009932,1.81212,-9.057000407,4.13326,2.77382,0.2529,0.010455,4.99999999999997e-05,0.04435,29.55180898,6.06060606060606e-07,0.060606061,0.018181818,0.02099
"GRB111228A",0.714,101.2,-5.070581074,1.093421685,2.27,21.41342718,2.03824,-10.65757732,4.10627835,1.15297662,0.99,0.037264425,0,0.023299272,5.415902489,1.21212121212121e-07,0.303030303,0.036363636,0.030118345
"GRB120118B",2.943,23.26,-5.744727495,0.342422681,2.08,21.451745,2.20884,-10.95467702,3.68307,1.0241,1.01,0.131765,0.005,0.077156,19.64696058,6.06060606060606e-08,0.181818182,0.066666667,0.1172
"GRB120327A",2.813,62.9,-5.443697499,0.591064607,1.52,22.16619025,1.75797,-10.15181088,3.48517215,1.44859414,0.63,0.051679097,0.02,0.058002882,7.52171255,6.06060606060606e-08,0.121212121,0.036363636,0.04362492
"GRB120404A",2.876,38.7,-5.795880017,0.079181246,1.85,21.70983536,1.89579,-11.02687215,3.79948,1.90651,0.69,0.068285,0.005,0.121385,16,6.06060606060606e-08,0.121212121,0.078787879,0.11705
"GRB120422A",0.283,5.35,-6.638272164,-0.22184875,1.19,16.83373789,2.32199,-12.73992861,5.23266697,0.86153199,1.1,0.217818621,0.035,0.214451933,2.236067977,2.42424242424242e-08,0.121212121,0.145454545,0.11830242
"GRB120729A",0.8,71.5,-5.619788758,0.462397998,1.62,21.34792103,1.8831,-10.29756946,3.52138487,2.26312734,0.645,0.047294772,0.013331067,0.130088482,36.74353317,6.06060606060606e-08,0.121212121,0.048484848,0.06906832
"GRB120802A",3.796,50,-5.721246399,0.477121255,1.21,22.12127744,2.03526,-11.17198494,3.53838419,0.54215516,0.91,0.220557212,0.055,0.11816229,31.02460027,1.81818181818182e-07,0.121212121,0.284848485,0.07803221
"GRB120804A",1.3,0.81,-6.055517328,1.033423755,1.34,21.60814292,2.05668,-9.76498948,2.56606,1.09546,0.86,0.17802,0.015,0.037085,0.083234562,3.03030303030303e-08,0.363636364,0.048484848,0.16554
"GRB120811C",2.671,26.8,-5.522878745,0.612783857,1.4,21.91722026,1.92121,-10.14327111,3.15909591,1.01613299,0.65,0.084200302,0.090734018,0.03800099,3.693579286,1.81818181818182e-07,0.121212121,0.181818182,0.05294686
"GRB120907A",0.97,16.9,-6.173925197,0.462397998,1.73,21.0438101,1.82021,-10.37675071,3.2113827,1.05329104,0.78,0.062296694,0.005,0.028647271,1.370430613,6.66666666666667e-08,0.242424242,0.151515152,0.04130341
"GRB120922A",3.1,173,-5.207608311,0.301029996,1.58,21.0163605,2.06954,-10.59516628,3.59799,1.06622,1.17,0.133375,0.005,0.03563,30.24009631,4.24242424242424e-07,0.121212121,0.218181818,0.16365
"GRB121024A",2.298,69,-5.958607315,0.113943352,1.41,21.94617755,2.00683,-11.31158018,4.17178823,1.30353551,0.87,0.065435085,0,0.06666149,32.06243908,6.06060606060606e-08,0.121212121,0.133333333,0.063305895
"GRB121027A",1.773,62.6,-5.698970004,0.113943352,1.82,22.07736427,2.37144,-11.92081875,5.40919042,1.50995764,1.16,0.037953731,0,0.058939694,4.820058467,6.06060606060606e-08,0.121212121,0.054545455,0.041584155
"GRB121128A",2.2,23.3,-5.161150909,1.11058971,1.32,22.04029767,1.98504,-9.617982957,3.23392922,1.54546584,0.9455,0.029795568,0.010337721,0.032445001,1.63061216,2.42424242424242e-07,0.242424242,0.109090909,0.028690024
"GRB121211A",1.023,182,-5.886056648,0,2.36,21.66138196,2.0682,-11.2823295,4.20933518,1.15615612,0.95,0.063247159,0.005,0.074602829,39.28730733,1.61818181818182e-07,0.181818182,0.157575758,0.054250775
"GRB130408A",3.757,28,-5.638272164,0.69019608,1.28,20.06405721,2.03183,-10.32975415,3.58393,1.39277,0.945,0.070305,0.117120218,0.0643,13.06603535,2.42424242424242e-07,0.606060606,0.157575758,0.077
"GRB130418A",1.218,300,-5.744727495,-0.22184875,2.07,21.12149747,1.68684,-9.247183569,2.59006,1.28449,0.198,0.06867,0.003,0.031625,46.08809848,1.21212121212121e-07,0.121212121,0.103030303,0.06047
"GRB130420A",1.297,123.5,-5.148741651,0.531478917,1.52,20.79265849,2.29559,-10.8728952,3.56731,0.914676,1.17,0.08535,0.005,0.0286905,11.73673073,1.81818181818182e-07,0.121212121,0.151515152,0.05505
"GRB130505A",2.27,88,-4.677780705,1.477121255,1.18,20.71960885,1.92439,-8.91721463,3.24559,1.3304,0.724,0.024355,0,0.01565,116.2582295,6.06060606060606e-07,1.878787879,0.042424242,0.014975
"GRB130511A",1.3033,5.43,-6.657577319,0.113943352,1.35,21.01365445,2.06879,-10.51570016,2.65954,1.16497,0.65,0.089385,0.01,0.04916,2.212184473,2.42424242424242e-08,0.121212121,0.187878788,0.0838
"GRB130514A",3.6,204,-5.040958608,0.447158031,1.8,21.19799139,2.0604,-10.7212464,3.68772,1.17745,0.65,0.078365,0.08,0.04188,12.81269759,1.21212121212121e-07,0.181818182,0.03030303,0.078
"GRB130603B",0.356,0.18,-6.200659451,0.806179974,0.82,21.35365854,2.20112,-10.51286162,3.52927,1.50729,0.84,0.045125,0.029144184,0.07082,0.024000049,1.81818181818182e-08,0.181818182,0.042424242,0.04335
"GRB130604A",1.06,37.7,-5.853871964,-0.096910013,1.51,21.35024026,2.08823,-8.316052869,2.071571247,1.742079764,0.98,0.100184013,0.015,0.041653571,4.559271868,6.06060606060606e-08,0.121212121,0.072727273,0.166441725
"GRB130606A",5.913,276.58,-5.537602002,0.414973348,1.52,20.24962877,1.86465,-10.18045606,3.30222,1.37571,0.44,0.07782,0.045,0.05186,19.31096766,1.21212121212121e-07,0.121212121,0.072727273,0.06815
"GRB130831A",0.4791,32.5,-5.187086643,1.133538908,1.93,19.84752454,1.79449,-9.89279003,3.31959,1.28481,1.01,0.089045,0.009011148,0.06727,1.864331486,1.21212121212121e-08,0.363636364,0.03030303,0.054815
"GRB130925A",0.347,179,-4.387216143,0.86332286,1.85,21.99154725,2.69002,-10.62525165,5.84588,1.38344,1.5915,0.06424,0.206936072,0.12684,3.540892566,6.06060606060606e-07,0.363636364,0.084848485,0.06235
"GRB131004A",0.717,1.54,-6.552841969,0.531478917,1.81,21.41915412,2.21436,-9.847711656,3.06764,2.37965,1.09,0.2446,0.01,0.27747,0.326337244,1.21212121212121e-08,0.121212121,0.066666667,0.339855
"GRB131030A",1.295,41.1,-4.537602002,1.44870632,1.3,20.84178667,2.09466,-9.294136288,2.84594,1.11188,0.693,0.027575,0.0075,0.00815,4.042662472,0,0.424242424,0.018181818,0.025175
"GRB131105A",1.686,112.3,-5.148741651,0.544068044,1.45,21.32749584,2.24976,-10.91009489,3.9488,1.19347,0.94,0.047885,0.005,0.04544,4.086802216,3.03030303030303e-07,0.363636364,0.066666667,0.03335
"GRB131117A",4.042,11,-6.602059991,-0.15490196,-0.4,22.01669496,2.15896,-10.838632,2.87134,0.951056,0.86,0.12461,0.025,0.0362555,3.16227766,2.42424242424242e-08,0.060606061,0.854545455,0.0823
"GRB140206A",2.73,93.6,-4.795880017,1.28780173,1.04,22.00531353,1.88134,-9.730487056,3.59073,1.22509,0.672,0.021325,0.021902336,0.015545,13.75282388,1.81818181818182e-07,0.303030303,0.090909091,0.012995
"GRB140213A",1.2076,60,-4.920818754,1.371067862,1.8,20.99187128,1.96657,-10.12551818,3.829176603,1.108879519,0.83,0.068643889,0.005,0.021746292,2.62312486,0,0.484848485,0.024242424,0.06303582
"GRB140419A",3.956,94.7,-4.795880017,0.69019608,1.21,22.04094236,1.87322,-10.00568285,3.68383,1.36898,0.678,0.02442,0.001,0.017885,3.817215769,0,0.121212121,0.024242424,0.023985
"GRB140423A",3.26,134,-5.026872146,0.322219295,1.33,21.81946365,2.06486,-10.85078089,3.90552,1.18974,0.77,0.05495,0.149849463,0.045115,23.01198296,1.81818181818182e-07,0.121212121,0.036363636,0.05035
"GRB140430A",1.6,173.6,-5.958607315,0.397940009,2,21.67796993,2.15785,-11.36251027,4.14388,0.875171,1.03,0.13071,0.035,0.0833725,3.69174647,1.21212121212121e-07,0.121212121,0.133333333,0.0861
"GRB140506A",0.889,111.1,-5.552841969,1.037426498,1.68,21.81764402,1.74751,-9.903089987,3.30686,0.948932,0.9,0.06882,0.047966029,0.01557,9.556709938,1.81818181818182e-07,0.545454545,0.096969697,0.05516
"GRB140509A",2.4,23.2,-5.920818754,0.204119983,1.59,20.90144742,1.93407,-11.09770006,3.58709,1.40649,0.86,0.088715,0.22,0.10418,5.171156949,1.21212121212121e-07,0.242424242,0.121212121,0.08395
"GRB140512A",0.725,154.8,-4.853871964,0.832508913,1.45,21.32824297,1.84304,-9.504455662,3.53686,1.25134,0.871,0.022285,0.002482817,0.02006,4.787065924,1.81818181818182e-07,0.181818182,0.024242424,0.01504
"GRB140518A",4.707,60.5,-6,0,0.92,22.46148952,1.93772,-11.31158018,3.77824,1.64981,0.94,0.070125,0,0.18819,2.429189161,6.06060606060606e-08,0.060606061,0.36969697,0.09045
"GRB140614A",4.233,720,-5.886056648,NA,1.5,12.04338193,1.77015,-10.9589,3.70006,1.35595,0.83,0.098945,0.05,0.093145,160.0586725,2.42424242424242e-07,NA,0.278787879,0.1129
"GRB140629A",2.275,42,-5.619788758,0.62324929,1.86,21.74269921,1.95996,-9.847711656,2.85608,1.16056,0.815,0.06161,0.001678552,0.03501,11.54148842,1.21212121212121e-07,0.242424242,0.066666667,0.042785
"GRB140903A",0.351,0.3,-6.853871964,0.397940009,1.99,21.07864529,1.63218,-11.30980392,4.29222,1.22723,0.57,0.074155,0,0.110285,0.034176028,6.06060606060606e-09,0.121212121,0.072727273,0.06395
"GRB141004A",0.573,3.92,-6.173925197,0.785329835,1.86,21.49730845,1.79496,-10.61083392,3.30337,1.54959,1.08,0.081935,0.005,0.09774,1.073372291,1.81818181818182e-08,0.181818182,0.048484848,0.0853
"GRB141121A",1.47,549.9,-5.27572413,-0.045757491,1.73,21.59590717,1.93447,-12.65757732,5.76634,2.33322,0.82,0.090095,0.01,0.2969,37.82221354,2.42424242424242e-07,0.181818182,0.078787879,0.1675
"GRB141220A",1.3195,7.21,-5.585026652,0.949390007,0.62,21.48574413,1.80565,-9.872830386,2.77561,1.42066,1.1,0.057375,0.07,0.050735,0.473776348,6.06060606060606e-08,0.424242424,0.23030303,0.042455
"GRB150120B",3.5,24.3,-6.26760624,0.079181246,2.2,21.52664292,2.01678,-10.79048499,3.39431,1.17705,0.92,0.090535,0.005,0.057705,3.388285726,4.84848484848485e-08,0.121212121,0.151515152,0.0711
"GRB150314A",1.758,14.79,-4.657577319,1.58546073,1.08,22.01715025,1.84772,-8.609064893,2.49217,1.19079,0.73,0.015855,0,0.009925,2.631341157,1.81818181818182e-07,0.545454545,0.018181818,0.015025
"GRB150403A",2.06,40.9,-4.769551079,1.245512668,1.23,21.79039707,1.70996,-8.821023053,3.19694,1.24471,0.679,0.006975,0,0.00458,12.01358912,1.81818181818182e-07,-0.363636364,0.024242424,0.005105
"GRB150821A",0.755,172.1,-6.102372909,NA,2.1,22.340573,2.21622,-8.853871964,2.95174,1.82628,0.848,0.015485,5e-04,0.027365,99.0437544,1.15151515151515e-07,NA,0.224242424,0.021105
"GRB150910A",1.359,112.2,-5.318758763,0.041392685,1.42,20.842422,1.78547,-9.970616222,3.85419,2.03808,0.6645,0.02868,0.002458792,0.06663,38.54947573,2.42424242424242e-07,0.242424242,0.072727273,0.703965
"GRB151021A",2.33,110.2,-4.552841969,0.986771734,1.57,22.33647975,1.96079,-9.642065153,3.15765,1.33346,1.27,0.05208,0.04,0.02141,3.648780623,6.06060606060606e-07,0.484848485,0.024242424,0.06282
"GRB151027A",0.81,129.69,-5.107905397,0.832508913,1.72,21.65076489,2.00612,-9.935542011,3.99907,1.74508,0.9235,0.01731,0.002440971,0.02499,5.47526252,1.21212121212121e-07,0.363636364,0.03030303,0.02221
"GRB151029A",1.423,8.95,-6.408935393,0.255272505,0.49,21.55195354,2.307153,-10.76639985,2.7098,1.23481,1.25,0.12415,0.33,0.07301,80.34516699,3.63636363636364e-08,0.181818182,0.654545455,0.09735
"GRB151031A",1.167,5,-6.494850022,0.230448921,2.41,21.98623592,2.12551,-11.5214335,3.69323,0.897942,1.24,0.166825,0.01,0.1244685,2.236067977,1.81818181818182e-08,0.121212121,0.109090909,1.01707
"GRB151112A",4.1,19.32,-6.026872146,0.278753601,1.77,21.0151543,2.17922,-11.6171,4.43227,1.1526,1.24,0.063015,0.005,0.06854,24.18108748,7.27272727272727e-08,0.121212121,0.127272727,0.0472
"GRB151215A",2.59,17.8,-6.508638306,0.204119983,1.99,11.58323846,2.20942,-10.72815839,3.06337,1.07478,1.015,0.11588,0.35435971,0.071395,1.003450114,4.24242424242424e-08,0.121212121,0.2,0.093
"GRB160117B",0.87,60,-6.4710833,NA,1.73,20.95374423,1.83834,-11.74958,4.10299,0.973333,0.64,0.162075,0.015,0.093958,2.461495511,NA,NA,NA,0.12265
"GRB160121A",1.96,12,-6.214670165,0.079181246,1.77,16.38465801,2.2054,-11.17263073,3.8244,0.798663,1.02,0.120385,0.03,0.106048,2.383886728,3.03030303030303e-08,0.121212121,0.078787879,0.0694
"GRB160203A",3.52,20.2,-5.920818754,0.113943352,1.93,22.0158332,1.75592,-11.36754271,3.66139836,1.146279559,0.61,0.087010427,0.25,0.0601909,3.236126049,6.06060606060606e-08,0.242424242,0.121212121,0.08458679
"GRB160227A",2.38,316.5,-5.508638306,-0.22184875,0.75,21.4198963,1.72551,-10.99567863,4.47751,1.10229,0.679,0.03885,0.001,0.03434,75.36821526,1.21212121212121e-07,0.060606061,0.309090909,0.03055
"GRB160327A",4.99,28,-5.853871964,0.255272505,1.84,20.72655851,1.93554,-11.22402567,3.76407,1.49693,0.78,0.06033,0.02,0.1004,9.225420765,6.06060606060606e-08,0.121212121,0.066666667,0.0673
"GRB160804A",0.736,144.2,-4.943095149,0.462397998,1.4,21.30214687,1.87827,-11.5214335,4.38419,0.948229,0.92,0.095375,0.005,0.070062,19.22975247,1.81818181818182e-07,0.181818182,0.139393939,0.05875
"GRB161108A",1.159,105.1,-5.958607315,-0.22184875,1.85,21.16074757,2.00325,-11.81247928,4.69106,0.883711,0.84,0.18179,0.005,0.0812555,11.8942948,6.06060606060606e-08,0.060606061,0.103030303,0.13355
"GRB161117A",1.549,125.7,-4.698970004,0.832508913,1.19,21.87736847,1.92624,-10.74958,4.08464,1.141,1.375,0.04019,0.674290141,0.02365,1.095627703,0,0.181818182,0.072727273,0.03835
"GRB161129A",0.645,35.53,-5.443697499,0.531478917,1.57,21.51361441,1.74506,-10.43651891,3.70506,2.32574,0.71,0.050725,0.005,0.10628,2.093571159,6.06060606060606e-08,0.121212121,0.036363636,0.10625
"GRB161219B",0.1475,6.94,-5.823908741,0.72427587,1.29,21.16590877,1.86204,-10.13667714,4.0135,0.871656,0.73,0.03841,0,0.008668,0.791979781,6.06060606060606e-08,0.242424242,0.212121212,0.0277
"GRB170202A",3.645,46.2,-5.48148606,0.672097858,1.68,21.7153121,1.99768,-10.65364703,3.77629,1.1958,1.04,0.068655,0,0.059155,11.44830537,6.06060606060606e-08,0.181818182,0.042424242,0.04485
"GRB170405A",3.51,164.7,-5.431798276,NA,1.59,13.21022485,1.8473,-10.31069114,3.6300738,1.81152426,0.612,0.035670699,0.0475,0.072401387,35.39093667,1.81818181818182e-07,NA,0.072727273,0.048255345
"GRB170519A",0.818,216.4,-5.958607315,-0.15490196,1.94,21.33992622,1.97351,-11.06348626,4.1513,1.37345,0.975,0.052235,0.224423613,0.066745,49.40433008,1.21212121212121e-07,0.060606061,0.157575758,0.053
"GRB170531B",2.366,164.13,-5.698970004,-0.096910013,1.95,9.634585075,2.06685,-11.39577395,3.80257,1.02082,0.99,0.11435,0.035,0.107427,8.820503864,1.21212121212121e-07,0.121212121,0.084848485,0.08415
"GRB170705A",2.01,217.3,-5.022276395,1.1430148,1.65,21.08891889,1.89159,-10.18641901,3.63746,0.774169,0.66,0.06603,0.005,0.027333,18.07805176,1.81818181818182e-07,0.242424242,0.03030303,0.04055
"GRB170714A",0.793,1000,-5.552841969,-0.397940009,1.76,21.06857915,1.84715,-10.075204,4.28080232,3.42119695,0.6815,0.023936409,0,0.149576982,92.58644712,1.81818181818182e-07,0.121212121,0.103030303,0.066395795
"GRB170903A",0.886,29.2,-5.619788758,0.591064607,1.94,21.73970839,2.20256,-11.26042766,4.41384,0.971187,1.14,0.065935,0.005,0.051271,3.59505881,1.21212121212121e-07,0.303030303,0.072727273,0.04095
"GRB171205A",0.0368,189.4,-5.443697499,0,1.41,19.67443398,1.66173,-12.42945706,5.48376,1.13263,0.67,0.109545,0.01,0.115455,35.1681973,1.81818181818182e-07,0.181818182,0.084848485,0.0719
"GRB171222A",2.409,174.8,-5.721246399,-0.15490196,2.07,20.02880298,1.99001,-12.10957898,4.78231,0.718496,1.34,0.378455,0.015,0.126956,22.66456934,1.21212121212121e-07,0.121212121,0.103030303,0.20975
"GRB180205A",1.409,15.5,-6,0.531478917,2.04,21.4933967,1.88733,-10.30627305,3.21372,1.09633,1.03,0.088815,0.005,0.042095,3.123262328,6.06060606060606e-08,0.181818182,0.078787879,0.06455
"GRB180329B",1.998,210,-5.48148606,0.146128036,0.97,21.41988474,1.86768,-11.14935376,4.02296,1.50063,0.77,0.04314,0,0.069665,44.04594331,1.81818181818182e-07,0.242424242,0.339393939,0.04825
"GRB180404A",1,35.2,-5.886056648,0.113943352,1.95,20.48730103,1.62007,-11.62342304,4.20449,1.17089,0.72,0.1242,0.065,0.10229,87.94658108,6.06060606060606e-08,0.121212121,0.072727273,0.0661
"GRB180620B",1.1175,198.8,-5,0.556302501,1.3,21.21643247,1.99236,-10.98296666,4.6659,1.09835,0.9,0.067125,0.005,0.059445,27.4443118,1.81818181818182e-07,0.121212121,0.121212121,0.0437
"GRB180624A",2.855,486.4,-5.236572006,0.146128036,1.91,21.1034582,2.06008,-11.54363397,4.171185481,1.243849338,0.95,0.099379055,0,0.123366444,38.50431688,1.81818181818182e-07,0.121212121,0.060606061,0.088149935
"GRB180720B",0.654,48.897,-4.065501549,1.831869774,1.36,21.24271531,1.8461,-8.847711656,3.62033,1.34127,0.729,0.00614,0,0.005375,3.688453378,6.06060606060606e-07,1.575757576,0.018181818,0.004975
"GRB180728A",0.117,8.68,-4.528708289,2.120573931,1.97,21.58733599,1.70111,-9.42365865,3.8695,1.1986,0.8595,0.014745,0.042486494,0.0091,0.297321378,3.63636363636364e-07,1.757575758,0.018181818,0.009885
"GRB181010A",1.39,16.4,-6.161150909,0.146128036,1.52,22.27837171,1.76613,-9.928117993,3.15711,1.07011,1.115,0.057805,0.007041969,0.033375,2.192792779,4.24242424242424e-08,0.121212121,0.090909091,0.034615
"GRB181020A",2.938,238,-5.091514981,0.886490725,1.25,20.65703194,1.93674,-10.42365865,4.29043,2.64643,1.228,0.047555,0.029531206,0.091985,11.5888181,1.81818181818182e-07,0.181818182,0.036363636,0.1418
"GRB181110A",1.505,138.4,-5.004364805,0.568201724,2.02,20.88432911,1.76057,-10.39577395,3.7664,1.92336,1.7505,0.05473,0.141485526,0.07443,10.92778323,1.81818181818182e-07,0.181818182,0.03030303,0.0907
"GRB190106A",1.859,76.8,-5.22184875,0.740362689,1.43,14.74289944,1.94587,-10.43297363,4.19124,1.26841,1.9365,0.031095,0.225510462,0.027005,2.252724553,1.21212121212121e-07,0.181818182,0.127272727,0.02855
"GRB190114A",3.3765,66.6,-6.096910013,-0.301029996,2.06,21.6447605,1.83214,-10.75202673,3.74534,1.18375,0.86,0.042215,0,0.04616,10.18381229,7.27272727272727e-08,0.121212121,0.133333333,0.03365
"GRB190627A",1.942,1.6,-7.004364805,0.041392685,2.38,21.25707831,1.95997,-11.39794001,4.71457,1.55937,0.964,0.06135,0.023,0.11984,0.284871976,1.33333333333333e-08,0.181818182,0.23030303,0.06155
"GRB190719C",2.469,185.7,-5.292429824,0.740362689,1.64,20.95382587,1.5415,-11.257,4.88123,1.55953,0.915,0.1943,0.22,0.21085,9.689285646,3e-07,0.3,0.09,0.2175
"GRB190829A",0.0785,58.2,-5.193820026,1.255272505,2.56,22.04910001,2.0913,-9.56068,4.0838,1.03996,1.16,0.0191599999999998,0.075,0.00967499999999999,8.854522046,7e-07,2.7,0.21,0.013585
"GRB191011A",1.722,7.37,-6.48148606,0.255272505,1.94,21.65033473,1.81479,-10.8132081,3.15321333,1.30602449,0.94,0.06597695,0.19,0.05756962,0.950286355,4e-08,0.2,0.17,0.05719327
"GRB191221B",1.148,48,-4.721246399,0.681241237,1.24,16.3283796,1.843,-8.11145684,1.95518066,1.15734724,1.39,0.05366691,0.175,0.00551831,16,1e-06,0.7,0.05,0.06184721
"GRB200205B",1.465,458,-5.26760624,0.301029996,1.36,16.75891189,1.90881,-11.7337376,4.53640048,1.56884903,0.516,0.08886983,0.18,0.19267266,5.385164807,2e-07,0.2,0.22,0.10035241
"GRB200829A",1.25,13.04,-4.292429824,1.994317153,0.83,21.08966848,1.88219,-8.6381,2.97975,1.29833,0.64,0.00926000000000005,0.0195,0.00866,2.91,1e-06,1.6,0.03,0.00954999999999995
"GRB201020A",2.903,14.17,-6.036212173,0.322219295,2.25,20.93258486,2.0761,-11.0900559,3.96908872,1.55158826,0.99,0.04826492,1.04,0.08306159,4.750244299,7e-08,0.2,0.14,0.04915322
"GRB201104B",1.954,8.66,-5.744727495,0.612783857,1.47,21.73058526,1.55046,-9.38944702,2.72159651,1.19537497,0.605,0.02972805,0.175,0.02348264,0.161839373,1e-07,0.3,0.07,0.02110237
"GRB201221A",5.7,44.5,-5.744727495,0,1.4,22.86332108,1.45068,-10.8802,3.69587,1.06263,0.4,0.223272,0.525,0.0994399,6.154185581,2e-07,0.3,0.15,0.08575
"GRB210210A",0.715,6.6,-6.008773924,0.84509804,1.53,21.12319546,1.85188,-10.1403778,3.72413045,1.5451851,0.965,0.08857348,0.15,0.10645081,0.58931824,8e-08,0.5,0.58,0.05799791
"GRB210222B",2.198,12.82,-6.468521083,0.146128036,2.37,21.14612804,1.98,-10.4520599,3.24642494,1.37828029,0.56,0.04927183,0.64,0.005516005,1.284049858,7e-08,0.3,0.33,0.04184217
"GRB210411C",2.826,12.8,-5.920818754,0.681241237,1.6,21.05996459,1.88408,-9.72925773,2.93128506,1.16829405,1.21,0.05901459,0.14,0.03209979,0.597059548,1e-07,0.3,0.4,0.05048963
"GRB210517A",2.486,3.06,-6.823908741,0.176091259,1.85,21.15768338,1.71079,-10.8415194,3.057651,1.21043545,0.66,0.32132806,0.22,0.08060357,1.409113169,3e-08,0.2,0.25,0.25872455
"GRB210610A",3.54,13.62,-6,0.380211242,1.41,21.35337952,1.83562,-10.4044334,3.15453451,1.0816785,0.88,1.28215864,0.195,0.07850685,3.151309574,1e-07,0.4,0.19,0.85146569
"GRB210610B",1.13,69.38,-4.443697499,1.130333768,0.98,21.03780485,1.91684,-9.19036,2.89514,1.05139,0.78,0.0283100000000001,0.029,0.01291,2.53,1e-06,0.7,0.11,0.0225999999999997
"GRB210619B",1.937,60.9,-4.022276395,2.06069784,1.41,21.83430305,1.92306,-8.55006175,2.91049117,1.12578835,0.745,0.01099582,0.07,0.00437126,0.277416677,1e-06,2.2,0.02,0.01027813
"GRB210722A",1.145,50.2,-5.602059991,0.342422681,1.62,20.54058972,1.83712,-10.3507,3.6504,1.43908,0.81,0.0395981,0.09,0.048071,10.53830531,2e-07,0.5,0.14,0.0364819
"GRB210731A",1.2525,22.51,-5.657577319,0.204119983,-0.25,20.92054437,2.06317,-11.9404653,4.80200435,1.74153741,1.525,0.11699725,0.235,0.27863334,2.663642552,2e-07,0.3,0.59,0.16085961
"GRB210822A",1.736,180.8,-4.698970004,1.442479769,1.3,21.53322281,1.70788,-8.20842,2.4985,1.267456,0.77,0.01621,0.026,0.008455,42.72,4e-07,0.7,0.4,0.017735
"GRB211024B",1.1137,603.5,-5.167491087,-0.045757491,1.63,20.98677173,2.08,-8.56429146,3.43921565,1.92622006,1.07,0.01167528,0.055,0.00965772,20.65497765,3e-07,0.2,0.09,0.01916437
"GRB220101A",4.618,173.36,-4.602059991,0.86332286,1.13,21.90370028,1.62241,-8.69262974,3.04134881,1.20052929,0.491,0.02317526,0.016,0.01255481,12.50116167,0,0.3,0.13,0.01431841
"GRB220117A",4.961,49.81,-5.795880017,0.278753601,1.84,21.99532933,1.78537,-10.1070569,3.43803362,1.68612083,1.2,0.04500955,0.55,0.06200239,3.431095393,2e-07,0.4,0.18,0.05084186
"GRB220521A",5.57,13.55,-6.091514981,0.672097858,1.97,21.85427081,2.02179,-10.6276115,3.30131796,1.71067512,1.1,0.13206168,0.4,0.12291833,2.691501432,8e-08,0.4,0.18,0.16334814
"GRB220611A",2.3608,57,-6.173925197,NA,1.87,20.42473959,1.90103,-12.4941008,5.53,2.26249671,0.32,0.81046481,0.35,0.50304248,12.36931688,1.3e-07,0.4,0.29,0.22640221
"GRB230116D",3.81,41,-6.090443971,-0.22184875,1.38,12.161368,1.76412,-11.1278,3.79761,1.57289,0.84,0.13824,0.22,0.23491,11.18033989,1.2e-07,0.2,0.22,0.1014
"GRB230325A",1.664,38.05,-5.886056648,0.51851394,1.82,22.22918251,2.0855,-10.9066853,3.7823081,0.931411844,1.025,0.20042492,0.18,0.05714513,11.56039866,2e-07,0.4,0.18,0.1875455
"GRB230328B",0.09,19.23,-5.366531544,0.924279286,1.22,21.14580437,1.89331,-10.1038,3.66388,1.20938,0.865,0.03231,0.84,0.02421,3.815689721,2e-07,0.5,0.29,0.0267
"GRB230414B",3.568,25.98,-6.327902142,-0.22184875,1.6,21.69224395,2.02038,-11.9505263,4.8792574,2.06160972,0.37,0.069549,2.19,0.21988187,8.855190621,1e-07,0.2,0.3,0.11074106
"GRB230506C",3.7,31,-5.769551079,0.380211242,1.89,20.96124782,2.08995,-11.4531,4.25859,1.14181,1.11,0.11841,0.29,0.11299,6.32455532,2e-07,0.5,0.17,0.1023
"GRB230818A",2.42,9.82,-5.721246399,0.826074803,1.36,21.31377445,2.00403,-11.0883,3.9564,1.39195,1.02,0.12794,0.29,0.19715,1.249953617,1e-07,0.5,0.1,0.2044
"GRB231210B",3.13,7.47,-5.853871964,0.591064607,1.08,21.82763844,1.66432281,-10.048,3.24045,1.60174,0.84,0.04808,0.362,0.060675,0.647,2e-07,0.7,0.19,0.05243
