"","log10PeakFlux","log10NH","PhotonIndex","log10Ta","Gamma","log10Fa","log10T90","Alpha","log10PeakFluxSqr","log10NHSqr","PhotonIndexSqr","log10TaSqr","GammaSqr","log10FaSqr","log10T90Sqr","AlphaSqr","Response"
"GRB060115",-0.060480747,21.43355223,1,3.69688,2.10553,-11.29499204,2.14488541828714,0.889919,0.00365792075767801,459.397161196138,1,13.6669217344,4.4332565809,127.576845183663,4.60053345758081,0.791955826561,0.656098202012832
"GRB060124",-0.050609993,21.9172644,1.84,4.47599,2.00895,-10.6893,2.8750612633917,1.3641,0.00256137139146005,480.366478779507,3.3856,20.0344864801,4.0358801025,114.26113449,8.26597726825548,1.86076881,0.517987203025078
"GRB060206",0.445604203,22.33966406,1.2,3.93814,2.20424,-10.63078414,0.880813592280791,1.17565,0.198563105731265,499.060590313656,1.44,15.5089466596,4.8586739776,113.013571431276,0.775832584346592,1.3821529225,0.703119346236078
"GRB060210",0.434568904,22.3877421,1.53,4.15028,2.08163,-10.66756154,2.40654018043396,1.20511,0.188850132323761,501.210996336112,2.3409,17.2248240784,4.3331834569,113.796869209687,5.79143564004309,1.4522901121,0.691081492122968
"GRB060218",-0.602059991,21.59972155,2.26,5.07614,2.25722,-11.82390874,3.32221929473392,1.3185,0.36247623276292,466.547971037534,5.1076,25.7671972996,5.0950421284,139.804817891848,11.0371410423023,1.73844225,0.0141423615450058
"GRB060306",0.775974331,21.61973178,1.8,3.61496,2.28823,-10.70553377,1.78675142214556,1.03794,0.602136162370898,467.412802239142,3.24,13.0679358016,5.2359965329,114.60845330061,3.19248064453919,1.0773194436,0.408070285887185
"GRB060418",0.814247596,21.65363309,1.7,3.11887,1.94118,-9.792961075,2.01325866528352,1.47655,0.662999147591779,468.879825996343,2.89,9.7273500769,3.7681797924,95.9020866164651,4.05321045333917,2.1801999025,0.396024896608593
"GRB060526",0.222716471,20.842422,2.01,3.8752,1.90677,-11.3053948,2.47450763911698,1.05873,0.0496026264546938,434.406554826084,4.0401,15.01717504,3.6357718329,127.811951583867,6.12318805604827,1.1209092129,0.625415352154408
"GRB060604",-0.468521083,21.99003057,2.01,4.45991,2.1711,-11.76955108,1.97772360528885,1.21596,0.219512005215493,483.561444469534,4.0401,19.8907972081,4.71367521,138.522332624729,3.91139065891672,1.4785587216,0.496334505996816
"GRB060605",-0.337242168,21.77333803,1.55,4.04162,2.02128,-11.26121944,1.89817648349768,1.9179,0.11373227987734,474.078248968644,2.4025,16.3346922244,4.0855728384,126.815063275834,3.6030739625036,3.67834041,0.679427896612119
"GRB060614",1.06069784,20.51216256,2.02,5.03344,1.89544,-11.78251606,2.03622954408629,1.9453,1.12507990778067,420.748812887866,4.0804,25.3355182336,3.5926927936,138.827684704158,4.14623075620988,3.78419209,0.0511525224473813
"GRB060707",0.004321374,21.20847898,0.6,3.5545,2.09345,-10.9132,1.8208579894397,0.861995,1.8674273247876e-05,449.799580645102,0.36,12.63447025,4.3825329025,119.09793424,3.31552381770639,0.743035380025,0.645913275033844
"GRB060708",0.28780173,20.79066861,1.68,3.50569,2.20484,-10.86966623,1.00860017176192,1.12969,0.0828298357909929,432.251901250839,2.8224,12.2898623761,4.8613194256,118.149643951602,1.01727430647817,1.2761994961,0.465382851448418
"GRB060714",0.10720997,22.0125926,1.93,3.73449,2.04425,-10.86012091,2.06069784035361,1.20488,0.0114939776674009,484.554232973575,3.7249,13.9464155601,4.1789580625,117.942226179819,4.24647558923804,1.4517358144,0.569490954348783
"GRB060729",0.068185862,20.86562801,1.75,5.1057,1.92492,-11.15058059,2.0618293072947,1.35481,0.00464931177668304,435.374432251696,3.0625,26.06817249,3.7053170064,124.335447494085,4.25114009241934,1.8355101361,0.187520720836463
"GRB060814",0.861534411,22.00679538,1.53,4.22387,2.11591,-10.91009489,2.16226561429802,1.29504,0.742241541337117,484.299042897189,2.3409,17.8410777769,4.4770751281,119.030170508804,4.6753925867756,1.6771286016,0.465813957269479
"GRB060906",0.294466226,22.41960057,2.03,4.33479,2.07859,-11.8827287,1.63848925695464,1.71887,0.0867103582546831,502.638489718344,4.1209,18.7904043441,4.3205363881,141.199241357804,2.68464704515576,2.9545140769,0.670802284260944
"GRB060908",0.481442629,21.80952201,1,2.81918,2.13395,-9.627087997,1.28555730900777,1.38309,0.231787005018432,475.655250304674,1,7.9477758724,4.5537426025,92.6808233019815,1.65265759474331,1.9129379481,0.459935016851525
"GRB060926",0.037426498,22.50004427,2.54,3.351,2.00443,-10.84771166,0.903089986991944,1.45111,0.001400742752544,506.25199215196,6.4516,11.229201,4.0177396249,117.6728482585,0.815571524605109,2.1057202321,0.6232492903979
"GRB060927",0.431363764,22.10710478,0.9,3.15198,1.94856,-10.77728353,1.35218251811136,1.39098,0.186074696892248,488.724081753899,0.81,9.9349779204,3.7968860736,116.149840286009,1.82839756228599,1.9348253604,0.8109042806687
"GRB061021",0.78604121,20.87141063,1.3,3.23849,1.99282,-10.04095861,1.66464197555613,1.01707,0.617860783818264,435.615781686077,1.69,10.4878174801,3.9713315524,100.820849807733,2.7710329067834,1.0344313849,0.129141845792285
"GRB061121",1.324282455,21.75351565,1.41,3.78753,1.90181,-10.03011836,1.91009054559407,1.35185,1.75372402062083,473.215443134795,1.9881,14.3453835009,3.6168812761,100.603274315609,3.64844589236785,1.8274984225,0.364363354615731
"GRB070110",-0.22184875,21.3989672,1.58,4.26825,2.08596,-11.04866248,1.94645226501307,1.42725,0.0492168678765625,457.915797226676,2.4964,18.2179580625,4.3512291216,122.07294259696,3.78867641997452,2.0370425625,0.525304009958239
"GRB070208",-0.045757491,21.8647258,1.94,3.44468,2.20341,-10.86327943,1.67851837904011,1.2125,0.00209374798261508,478.066234309186,3.7636,11.8658203024,4.8550156281,118.010839974261,2.81742394877545,1.47015625,0.335457900689384
"GRB070223",-0.161150909,21.70173804,1.85,4.22335,2.25837,-11.86327943,1.94694327069783,0.991734,0.0259696154715263,470.965433956783,3.4225,17.8366852225,5.1002350569,140.737398834261,3.79058809931555,0.983536326756,0.419873175149476
"GRB070306",0.609594409,22.44245468,1.66,4.86926,1.94468,-11.2737,2.32118402730231,1.89982,0.371605343484059,503.663772063854,2.7556,23.7096929476,3.7817803024,127.09631169,5.38789528860339,3.6093160324,0.397227181043161
"GRB070508",1.382017043,21.89306622,1.1,3.02525,1.82568,-9.161150909,1.32014628611105,1.37377,1.90997110714246,479.306348513305,1.21,9.1521375625,3.3331074624,83.9266859774715,1.74278621673281,1.8872440129,0.260071387985075
"GRB070521",0.814913181,22.27524914,1.1,3.55243,2.00022,-10.01233374,1.57863920996807,1.44502,0.664083492567539,496.186724249071,1.21,12.6197589049,4.0008800484,100.246826921142,2.49210175524862,2.0880828004,0.489466281303128
"GRB070529",0.155336037,22.56252244,1.34,3.09323,1.97999,-10.24641694,2.03822263836872,1.21432,0.0241292843908654,509.067418855503,1.7956,9.5680718329,3.9203604001,104.989060108319,4.15435152355874,1.4745730624,0.544018407858776
"GRB070802",-0.397940009,21.91375294,1.79,3.92184,1.99014,-11.6716204,1.2148438480477,1.16348,0.15835625076292,480.212567915359,3.2041,15.3808289856,3.9606572196,136.226722761696,1.47584557513934,1.3536857104,0.537819095073274
"GRB071003",0.799340549,20.86974084,1.36,4.78411,1.91015,-11.67760082,2.17609125905568,1.97901,0.638945313275621,435.546082728764,1.8496,22.8877084921,3.6486730225,136.366360911265,4.73537316773854,3.9164805801,0.415699348887829
"GRB071020",0.924279286,20.99642367,1.11,2.311950854,1.59788,-9.169411331,0.6232492903979,1.119196934,0.85429219852867,440.849806930136,1.2321,5.34511675131133,2.5532204944,84.0781041570712,0.388439677981486,1.252601777075,0.497620649781288
"GRB071117",1.053078443,22.04291793,1.57,3.901990464,2.0457,-11.23542972,0.819543935541869,1.104952391,1.1089742071113,485.890230868716,2.4649,15.2255295811469,4.18488849,126.234880993059,0.671652262283455,1.22091978637662,0.367542273520577
"GRB080310",0.113943352,21.14009932,2.32,4.32608056,2.09352,-11.3990271,2.56229286445647,1.59590648,0.0129830874649959,446.903799259465,5.3824,18.7149730116099,4.3828259904,129.937818826534,6.56534472324457,2.54691749290599,0.534026106056135
"GRB080411",1.635483747,21.57289018,1.75,4.20932562,1.97674,-10.11350927,1.7481880270062,1.28909841,2.67480708670116,465.38959071834,3.0625,17.7184221751884,3.9075010276,102.283069754376,3.05616137776783,1.66177471066453,0.307496037913213
"GRB080430",0.414973348,21.51787914,1.73,4.21762911,2.03541,-11.17198494,1.20951501454263,0.99269763,0.172202879550329,463.019122683647,2.9929,17.7883953095194,4.1428938681,124.813247499587,1.46292657040406,0.985448584607617,0.247236549506764
"GRB080516",0.255272505,22.03528962,1.82,3.77452827,2.3315,-11.12090412,0.763427993562937,0.94016916,0.065164051808975,485.55398863728,3.3124,14.2470636610292,5.43589225,123.674508446233,0.582822301355532,0.883918049415106,0.6232492903979
"GRB080607",1.36361198,22.38386741,1.31,3.46298403,2.03418,-10.0540393,1.89762709129044,1.7256074,1.85943763199952,501.03752022846,1.7161,11.992258392035,4.1378882724,101.083706245944,3.60098857759942,2.97772089893476,0.605951157564873
"GRB080710",0,20.89722339,1.47,4.09266933,2.00149,-11.23284413,2.07918124604762,1.52133785,0,436.693945411563,2.1609,16.7499422447226,4.0059622201,126.176787248875,4.32299465391615,2.31446885384262,0.265996370495079
"GRB080721",1.320146286,21.79728278,1.11,2.87876286,1.9433,-8.714442691,1.20951501454263,1.33437559,1.74278621643959,475.121536591284,1.2321,8.28727560411538,3.77641489,75.9415114147233,1.46292657040406,1.78055821518785,0.555215405126073
"GRB080810",0.301029996,21.45079548,1.34,3.2687548,2.11482,-9.931814138,2.02530586526477,1.44529526,0.09061905849176,460.136626724788,1.7956,10.684757942523,4.4724636324,98.6409320717767,4.10186384787588,2.08887838857847,0.638489256954637
"GRB080928",0.322219295,21.51035195,1.77,4.08450503,2.13864,-11.1260984,2.44715803134222,1.76031774,0.103825274070297,462.695241012869,3.1329,16.6831813400953,4.5737810496,123.790065606483,5.98858243036273,3.09871854575871,0.430075055551939
"GRB081007",0.414973348,21.69605744,2.51,3.58176278,2.102,-10.58502665,1,1.00469263,0.172202879550329,470.718908439779,6.3001,12.8290246121933,4.418404,112.04278918121,1,1.00940728077632,0.184549481320698
"GRB081008",0.113943352,21.1376737,1.69,3.85550833,1.98207,-10.79317412,2.26834391395106,1.47398467,0.0129830874649959,446.801249447672,2.8561,14.8649444826994,3.9286014849,116.492607584638,5.14538411195884,2.17263080739501,0.472537053262077
"GRB081029",-0.301029996,21.49704581,1.43,4.48156171,1.95818,-11.86327943,2.43136376415899,2.51960373,0.09061905849176,462.122978557239,2.0449,20.0843953605381,3.8344689124,140.737398834261,5.91152975366536,6.34840295622991,0.685553652846326
"GRB081221",1.260071388,21.57331844,1.21,2.93195749,2.4947,-9.354577731,1.53147891704226,1.23586126,1.58777990285625,465.408068513644,1.4641,8.5963747231671,6.22352809,87.5081245253211,2.34542767334492,1.52735305396879,0.513217600067939
"GRB081230",-0.15490196,20.67248024,1.97,3.66959365,2.08621,-11.32975415,1.78318869107526,0.99376498,0.0239946172118416,427.35143927319,3.8809,13.4659175561203,4.3522721641,128.363329099442,3.17976190797869,0.9875688354744,0.491361693834273
"GRB090102",0.740362689,21.72376179,1.36,3.15380077,1.76997,-9.457174573,1.43136376415899,1.42487631,0.548136911263311,471.921826308664,1.8496,9.94645929685259,3.1327938009,89.4381509041977,2.04880222534738,2.03027249879922,0.406028944963615
"GRB090205",-0.301029996,21.81792086,2.15,3.70655,2.03416,-11.3419886,0.944482672150169,1.29089,0.09061905849176,476.021670653223,4.6225,13.7385129025,4.1378069056,128.64070540253,0.892047517991923,1.6663969921,0.752025387323213
"GRB090423",0.230448921,22.7516324,0.8,3.91521772,1.8158,-11.2798407,1.01283722470517,1.43267533,0.0531067051900642,517.63677686473,0.64,15.328929795002,3.29712964,127.234806217376,1.02583924374848,2.05255860119061,0.966610986681934
"GRB090424",1.851258349,21.63012977,1.19,2.99599056,1.96315,-9.050609993,1.68124123737559,1.1284106,3.42715747474221,467.86251386704,1.4161,8.97595943560911,3.8539579225,81.9135412453915,2.8265720982522,1.27331048219236,0.188647295999717
"GRB090519",-0.22184875,22.13069392,1.02,3.44619,1.46604,-11.76000021,1.80617997398389,1.42452,0.0492168678765625,489.767613380725,1.0404,11.8762255161,2.1492732816,138.2976049392,3.26228609842043,2.0292572304,0.685741738602264
"GRB090529",-0.397940009,21.94617755,2,4.472757799,2.22623,-12.1873998,2,0.8815438,0.15835625076292,481.634709056124,4,20.0055623285153,4.9561000129,148.53271388504,4,0.77711947131844,0.559308010907013
"GRB090530",0.397940009,20.90942658,1.61,3.6839464,2.03975,-11.16052195,1.68124123737559,0.88610581,0.15835625076292,437.204119904411,2.5921,13.571461078073,4.1605800625,124.557250196432,2.8265720982522,0.785183506515756,0.355259905527378
"GRB090618",1.589949601,21.39200012,1.42,3.67275453,1.82831,-9.640164518,2.05384642685225,1.30942861,2.52793973372006,457.61766913408,2.0164,13.4891258376355,3.3427174561,92.9327719341062,4.21828514509377,1.71460328468653,0.187520720836463
"GRB090809",0.041392685,21.91952315,1.34,4.56066,1.94644,-11.8559,0.732393759822969,1.6367,0.00171335437150922,480.465495123386,1.7956,20.7996196356,3.7886286736,140.56236481,0.536400619427624,2.67878689,0.572523097849638
"GRB090812",0.556302501,21.77771022,1.24,3.52924,1.88559,-10.16730017,1.82412583391655,1.37252,0.309472472618855,474.268662426292,1.5376,12.4555349776,3.5554496481,103.373992746882,3.32743505796175,1.8838111504,0.538070787043172
"GRB090927",0.301029996,21.01785522,1.8,4.20121889,2.06549,-11.6716204,0.342422680822206,1.13087741,0.09061905849176,441.750238048881,3.24,17.6502401616928,4.2662489401,136.226722761696,0.117253292341467,1.27888371644831,0.374748346010104
"GRB091018",1.012837225,21.19187281,1.77,2.89655535,1.98015,-9.627087997,0.643452676486187,1.18074867,1.0258392443457,449.095473195217,3.1329,8.39003289561362,3.9209940225,92.6808233019815,0.414031346877238,1.39416742170677,0.294686624279443
"GRB091020",0.62324929,21.70587483,1.53,2.95265011,2.08587,-9.71219827,1.53907609879278,1.17417264,0.388439677485504,471.145002135627,2.3409,8.71814267208301,4.3508536569,94.326795235791,2.36875523787519,1.37868138852457,0.432969290874406
"GRB091029",0.255272505,21.45058625,1.46,4.30368998,2.11535,-11.34678749,1.59328606702046,1.12123368,0.065164051808975,460.127650468689,2.1316,18.5217474439524,4.4747056225,128.74958634322,2.53856049136152,1.25716496516634,0.574262829707027
"GRB091127",1.667452953,20.87872913,2.05,3.98466812,1.80187,-9.844663963,0.851258348719075,1.39581701,2.78039935046842,435.921330083911,4.2025,15.8775800265443,3.2467354969,96.9174085443909,0.724640776263927,1.94830512540534,0.173186268412274
"GRB050416A",0.688419822,21.75162856,3.08,2.99481,2.06183,-10.5559552,0.397940008672038,0.842217,0.473921851322512,473.133345012208,9.4864,8.9688869361,4.2511429489,111.428190184407,0.158356250501901,0.709329475089,0.218220304175545
"GRB050820A",0.389166084,21.61964524,1.25,3.750945731,1.96878,-10.01818139,1.41497334797082,1.136499703,0.151450240935895,467.409060303455,1.5625,14.0695938769071,3.8760946884,100.363958362942,2.00214957546775,1.29163157491909,0.558072259099146
"GRB050922C",0.860936621,21.44930866,1.37,2.52429,2.2119,-9.477555766,0.653212513775344,1.22035,0.741211865378898,460.072841991951,1.8769,6.3720400041,4.89250161,89.8240632976399,0.426686588152704,1.4892541225,0.504878459410216
"GRB051016B",0.113943352,21.71466751,2.4,4.25742,1.89482,-11.59006688,0.602059991327962,1.14771,0.0129830874649959,471.52678506985,5.76,18.1256250564,3.5903428324,134.329650282873,0.362476233157826,1.3172382441,0.286995073968852
"GRB051109A",0.595496222,21.97057233,1.51,3.91123,2.06584,-10.51999306,1.5705429398819,1.22299,0.354615750416273,482.706048507762,2.2801,15.2977201129,4.2676949056,110.670253982448,2.46660512601287,1.4957045401,0.524525936626376
"GRB051109B",-0.259637311,21.36742302,1.97,3.65548,2.12549,-11.57511836,1.15533603746506,1.251,0.0674115332633107,456.566766515626,3.8809,13.3625340304,4.5177077401,133.983365048009,1.33480135946547,1.565001,0.0334237554869497
"GRB060223A",0.130333768,22.49782636,1.74,2.78682,2.01015,-10.9636,1.05307844348342,1.1892,0.0169868910810778,506.152190924711,3.0276,7.7663657124,4.0407030225,120.20052496,1.10897420812946,1.41419664,0.73319726510657
"GRB060502A",0.227886705,21.45692297,1.46,3.3865,2.02719,-10.55284197,1.45331834004704,0.897152,0.051932350315757,460.399543340514,2.1316,11.46838225,4.1094992961,111.362473643793,2.11213419751708,0.804881711104,0.398391440229475
"GRB060510B",-0.244125144,22.00215742,1.78,4.43617,2.1317,-12.2656,2.43964842956347,1.00735,0.0595970859330207,484.094931134461,3.1684,19.6796042689,4.54414489,150.44494336,5.95188445987152,1.0147540225,0.770852011642144
"GRB060607A",0.146128036,21.79614607,1.47,4.37412,1.61002,-11.02273379,2.00945089579869,1.14649063,0.0213534029052173,475.071983504776,2.1609,19.1329257744,2.5921644004,121.500660205208,4.03789290262617,1.3144407646778,0.610116955411928
"GRB060904B",0.387389826,21.59122827,1.64,3.87074,2.18877,-11.11633856,2.23426412437879,1.36265,0.15007087728831,466.181138207247,2.6896,14.9826281476,4.7907141129,123.572982980543,4.99193617748612,1.8568150225,0.231214647962601
"GRB060912A",0.933487288,21.36738202,1.74,2.455171016,1.8948,-10.1079054,0.698970004336019,1.045731532,0.871398516857595,456.565014388619,3.0276,6.02786471780647,3.59026704,102.169751575349,0.488559066961494,1.09355443701907,0.287129620719111
"GRB061110A",-0.27572413,21.12149747,1.67,2.24983,1.82722,-8.33235,1.60959440922522,1.33346,0.0760237958642569,446.117655375216,2.7889,5.0617350289,3.3387329284,69.4280565225,2.59079416220909,1.7781155716,0.244969460136198
"GRB061222A",0.930949031,22.56660835,1.35,3.92091,1.92748,-9.954677021,1.85369821177617,1.35061,0.866666098319839,509.25181242229,1.8225,15.3735352281,3.7151791504,99.0955945924254,3.43619706034219,1.8241473721,0.489677291663699
"GRB070714B",0.431363764,21.64321572,1.36,3.22974,2.07429,-10.74232143,1.80617997398389,1.64623,0.186074696892248,468.428786702455,1.8496,10.4312204676,4.3026790041,115.397469705437,3.26228609842043,2.7100732129,0.28397928423848
"GRB070721B",0.176091259,21.89473409,1.34,3.94739,1.52512,-10.50863831,2.53147891704225,2.5054,0.0310081314962051,479.379380871808,1.7956,15.5818878121,2.3259910144,110.4314791304,6.40838550742943,6.27702916,0.6652056284346
"GRB070810A",0.278753601,21.93100401,2.04,3.36583,2.17076,-10.77728353,1.04139268515823,1.36994,0.0777035700704672,480.968936886636,4.1616,11.3288115889,4.7121989776,116.149840286009,1.08449872470106,1.8767356036,0.501059262217751
"GRB080319B",1.394451681,20.8771334,1.04,5.36799912,1.81426,-12.15181088,1.69897000433602,1.42250979,1.94449549064373,435.854699001396,1.0816,28.8154145523208,3.2915393476,147.666507663286,2.88649907563353,2.02353410264584,0.287129620719111
"GRB080319C",0.716003344,21.75037415,1.37,3.19029,1.61029,-8.91721463,1.53147891704226,1.45203,0.512660788619182,473.078775664988,1.8769,10.1779502841,2.5930338841,79.516716757486,2.34542767334492,2.1083911209,0.469822015978163
"GRB080905B",-0.301029996,22.33533151,1.78,3.67820615,1.86248,-10.11125904,2.10720996964787,1.36946226,0.09061905849176,498.867033661599,3.1684,13.5292004818978,3.4688317504,102.237559373982,4.44033385618337,1.87542688156431,0.528145078253106
"GRB080916A",0.431363764,21.7431239,1.17,3.60698,1.88453,-10.75269955,1.77815125038364,0.998947,0.186074696892248,472.763436930751,1.3689,13.0103047204,3.5514533209,115.62054761257,3.16182186924092,0.997895108809,0.227552503379865
"GRB081028A",-0.301029996,20.90308999,1.25,4.75426,2.51,-11.3994,2.41497334797082,2.20023,0.09061905849176,436.939171130038,1.5625,22.6029881476,6.3001,129.94632036,5.83209627140938,4.8410120529,0.60616631460762
"GRB081203A",0.462397998,21.66176916,1.54,4.02089,2.03508,-10.9243983,2.46834733041216,1.86904,0.213811908554408,469.232243141127,2.3716,16.1675563921,4.1415506064,119.342478217043,6.09273854355282,3.4933105216,0.491361693834273
"GRB090418A",0.278753601,22.02365981,1.48,3.52813657,2.03408,-10.04720756,1.7481880270062,1.52909667,0.0777035700704672,485.041591426609,2.1904,12.4477476565714,4.1374814464,100.946379753721,3.05616137776783,2.33813662620509,0.416307587059883
"GRB090516A",0.204119983,21.19589965,1.84,4.33113504,2.09,-11.27490548,2.32221929473392,1.76098314,0.0416649674599203,449.26616197287,3.3856,18.7587307347158,4.3681,127.123493582934,5.3927024528345,3.10106161936426,0.708335902682263
"GRB091109A",0.113943352,21.89596701,1.31,3.37933883,1.96352,-11.14630179,1.68124123737559,1.06152816,0.0129830874649959,479.433371303008,1.7161,11.4199309279458,3.8554107904,124.240043593757,2.8265720982522,1.12684203447299,0.610234175334389
"GRB091208B",1.181843588,21.91211094,1.74,3.31388094,2.03333,-10.18045606,1.17318626841227,1.1606541,1.39675426649671,480.140605846868,3.0276,10.9818068844953,4.1344308889,103.641685589591,1.37636602039112,1.34711793984681,0.314499227973151
"GRB100219A",-0.397940009,20.4247395876785,1.34,4.7218991,1.58721,-12.13548892,1.27415784926368,1.81152426,0.15835625076292,417.169987224481,1.7956,22.2963311105808,2.5192355841,147.270091327443,1.62347822484025,3.28162014456855,0.753330221324521
"GRB100316B",0.113943352,21.41315218,2.23,3.5543767,2.23535,-11.1481304,0.57978359661681,1.36246063,0.0129830874649959,458.523086283839,4.9729,12.6335937255029,4.9967896225,124.280811415404,0.336149018905924,1.8562989683,0.338456493604605
"GRB100418A",0,20.4247395876785,2.16,5.54363,2.26662,-12.48811664,0.845098040014257,1.81145,0,417.169987224481,4.6656,30.7318335769,5.1375662244,155.953057214245,0.714190697235938,3.2813511025,0.21045229296202
"GRB100425A",0.146128036,20.53466438,2.42,3.60199415,2.17077,-11.50168945,1.568201724067,0.86819371,0.0213534029052173,421.672441199241,5.8564,12.9743618566342,4.7122423929,132.288860204241,2.4592566473667,0.753760318083564,0.440121603187804
"GRB100513A",-0.22184875,22.05240534,1.62,3.74522911,2.25722,-11.57186521,1.92427928606188,0.96306136,0.0492168678765625,486.30858127966,2.6244,14.0267410863914,5.0950421284,133.908064438408,3.70285077076682,0.92748718312505,0.761326322421457
"GRB100621A",1.10720997,22.28454803,1.9,3.64164386,2.3024,-9.804100348,1.80345711564841,0.94079321,1.2259139176674,496.601080901377,3.61,13.2615700030757,5.30104576,96.1203836336537,3.2524575679829,0.885091863982104,0.188084373714938
"GRB100704A",0.633468456,21.52730245,1.73,3.62503495,2.11575,-10.35163999,2.29556709996248,1.01294211,0.401282284747024,463.424750773776,2.9929,13.1408783887215,4.4763980625,107.156450482567,5.26962831043015,1.02605171821125,0.662757831681574
"GRB100728A",0.707570176,21.52592288,1.18,4.03148606,1.90402,-10.17587417,2.29776051109913,1.5588143,0.500655553964671,463.365355835707,1.3924,16.2528798519743,3.6252921604,103.548415123673,5.27970336636655,2.42990202188449,0.409425868671443
"GRB100814A",0.397940009,20.89608288,1.47,5.22729477,1.89414,-11.49349497,2.2417954312952,1.76532941,0.15835625076292,436.646279727829,2.1609,27.3246106124694,3.5877663396,132.100426625415,5.02564675577603,3.11638792581095,0.387389826338729
"GRB100816A",1.037426498,21.34783526,0.73,3.97801299,1.91138,-11.5559552,0.462397997898956,1.04455013,1.07625373875254,455.730070288099,0.5329,15.8245873486087,3.6533735044,133.540100584407,0.213811908460963,1.09108497408302,0.256236533205923
"GRB100901A",-0.096910013,21.53188109,1.52,4.91124,1.98285,-11.34103516,2.64246452024212,1.50754,0.00939155061966017,463.6219032739,2.3104,24.1202783376,3.9316941225,128.619078500356,6.98261874073842,2.2726768516,0.381656482585787
"GRB100906A",1.004321374,21.96198081,1.78,3.94074768,2.02817,-10.4698003,2.05842602445701,1.71220056,1.00866142227325,482.328601098808,3.1684,15.5294922774254,4.1134735489,109.61671832188,4.23711769816187,2.93163075766431,0.43568513794163
"GRB101219B",-0.22184875,20.49692965,1.56,4.42003952,1.85684,-11.99567863,1.53147891704226,0.66918137,0.0492168678765625,420.124125077049,2.4336,19.5367493583618,3.4478547856,143.896305794239,2.34542767334492,0.447803705955077,0.190331698170291
"GRB110106B",0.322219295,21.29748256,1.76,3.87203946,2.05121,-10.81530857,1.39445168082622,1.22519883,0.103825274070297,453.582763393504,3.0976,14.9926895797971,4.2074624641,116.970899464315,1.94449549015906,1.50111217303337,0.208978517276253
"GRB110213A",0.204119983,21.56708403,1.83,3.84089,1.96436,-9.896196279,1.68124123737559,1.8412,0.0416649674599203,465.139113557081,3.3489,14.7524359921,3.8587102096,97.9347007924934,2.8265720982522,3.39001744,0.390935107103379
"GRB110422A",1.487138375,22.02088312,0.86,3.50066971,1.89199,-9.681936665,1.41329976408125,1.42239886,2.21158054639764,484.919293384701,0.7396,12.2546884185115,3.5796261601,93.7398975850713,1.99741622315212,2.0232185169293,0.442479769064449
"GRB110503A",0.130333768,21.13638759,0.88,2.54166555,1.90907,-9.08249449,1,1.14649063,0.0169868910810778,446.746880354706,0.7744,6.4600637680568,3.6445482649,82.4917061608804,1,1.3144407646778,0.417139409727326
"GRB110715A",1.731588765,22.0746007,1.25,2.61109719,1.85342,-9.075720714,1.11394335230684,0.95853538,2.99839965107422,487.287996064441,1.5625,6.8178285356259,3.4351656964,82.3687064785287,1.24086979214859,0.918790074711744,0.260071387985075
"GRB110731A",1.041392685,21.95954126,1.15,5.08952072,1.85145,-12.08512818,1.58883172559421,1.42351927,1.08449872437151,482.221452349642,1.3225,25.9032211593093,3.4278671025,146.05032312703,2.52438625225467,2.02640711206133,0.583198773968623
"GRB110808A",-0.397940009,22.16619025,2.32,4.50711,2.33721,-12.08440021,1.68124123737559,0.807091,0.15835625076292,491.339990199195,5.3824,20.3140405521,5.4625505841,146.032728435448,2.8265720982522,0.651395882281,0.370698092575577
"GRB110818A",0.204119983,22.06812647,1.58,3.84627415,1.95985,-11.28316228,2.01283722470517,1.37167718,0.0416649674599203,487.002205895915,2.4964,14.7938248369582,3.8410120225,127.309751036815,4.05151369315882,1.88149828613275,0.639486489268586
"GRB111008A",0.806179974,22.17059025,1.86,3.98993393,1.94053,-10.66756154,1.80250006776439,1.21584288,0.649926150478641,491.535072033395,3.4596,15.9195727657652,3.7656566809,113.796869209687,3.24900649429064,1.47827390884669,0.777412321496744
"GRB111123A",-0.045757491,21.35034301,1.68,4.42202873,2.55463,-11.60730305,2.46239799789896,1.46723371,0.00209374798261508,455.837146644656,2.8224,19.5543380889454,6.5261344369,134.729484094539,6.06340390005679,2.15277475976036,0.618215503279417
"GRB111209A",-0.301029996,21.14009932,1.48,4.13326,1.81212,-9.057000407,3.14612803567824,2.77382,0.09061905849176,446.903799259465,2.1904,17.0838382276,3.2837788944,82.0292563723982,9.89812161688061,7.6940773924,0.224533062606086
"GRB111228A",1.093421685,21.41342718,2.27,4.10627835,2.03824,-10.65757732,2.00518051250378,1.15297662,1.19557098122824,458.534863593163,5.1529,16.8615218876787,4.1544222976,113.583954331778,4.02074888772492,1.32935508626662,0.234010817587179
"GRB120118B",0.342422681,21.451745,2.08,3.68307,2.20884,-10.95467702,1.36660971039243,1.0241,0.117253292463228,460.177363545025,4.3264,13.5650046249,4.8789741456,120.004948612516,1.86762210053888,1.04878081,0.595826777073223
"GRB120327A",0.591064607,22.16619025,1.52,3.48517215,1.75797,-10.15181088,1.79865064544527,1.44859414,0.349357369648064,491.339990199195,2.3104,12.1464249151356,3.0904585209,103.059264143286,3.23514414436068,2.09842498244234,0.581266805273671
"GRB120404A",0.079181246,21.70983536,1.85,3.79948,1.89579,-11.02687215,1.58771096501891,1.90651,0.00626966971811252,471.316951358306,3.4225,14.4360482704,3.5940197241,121.591909412446,2.52082610844128,3.6347803801,0.588383768378728
"GRB120422A",-0.22184875,20.920544366897,1.19,5.23266697,2.32199,-12.73992861,0.728353782021228,0.86153199,0.0492168678765625,437.669176607306,1.4161,27.380803618929,5.3916375601,162.305780987897,0.530499231784627,0.74223736979336,0.108226656374928
"GRB120729A",0.462397998,21.34792103,1.62,3.52138487,1.8831,-10.29756946,1.85430604180108,2.26312734,0.213811908554408,455.733732303116,2.6244,12.4001514026649,3.54606561,106.039936783525,3.43845089665999,5.12174535705548,0.255272505103306
"GRB120802A",0.477121255,22.12127744,1.21,3.53838419,2.03526,-11.17198494,1.69897000433602,0.54215516,0.227644691972775,489.350915577453,1.4641,12.520162676042,4.1422832676,124.813247499587,2.88649907563353,0.293932217514626,0.680879174426811
"GRB120811C",0.612783857,21.91722026,1.4,3.15909591,1.92121,-10.14327111,1.42813479402879,1.01613299,0.375504055399796,480.364543925354,1.96,9.97988696857873,3.6910478641,102.885948810961,2.03956898991565,1.03252625336634,0.564784384503987
"GRB120907A",0.462397998,21.0438101,1.73,3.2113827,1.82021,-10.37675071,1.22788670461367,1.05329104,0.213811908554408,442.841943524862,2.9929,10.3129788458593,3.3131644441,107.676955297485,1.50770575936703,1.10942201494428,0.294466226161593
"GRB120922A",0.301029996,21.0163605,1.58,3.59799,2.06954,-10.59516628,2.2380461031288,1.06622,0.09061905849176,441.68740866596,2.4964,12.9455320401,4.2829958116,112.257548500849,5.00885035972999,1.1368250884,0.612783856719735
"GRB121024A",0.113943352,21.94617755,1.41,4.17178823,2.00683,-11.31158018,1.83884909073726,1.30353551,0.0129830874649959,481.634709056124,1.9881,17.4038170359665,4.0273666489,127.951846168569,3.38136597850523,1.69920482583096,0.5182506513085
"GRB121027A",0.113943352,22.07736427,1.82,5.40919042,2.37144,-11.92081875,1.79657433321043,1.50995764,0.0129830874649959,487.410013110273,3.3124,29.2593409998198,5.6237276736,142.105919670352,3.2276793347505,2.27997207459437,0.442949869577862
"GRB121128A",1.11058971,22.04029767,1.32,3.23392922,1.98504,-9.617982957,1.36735592102602,1.54546584,1.23340950395788,485.774721382207,1.7424,10.4582981999698,3.9403838016,92.5055961611425,1.86966221476491,2.38846466260691,0.505149978319906
"GRB121211A",0,21.66138196,2.36,4.20933518,2.0682,-11.2823295,2.26007138798507,1.15615612,0,469.215468417013,5.5696,17.7185026575856,4.27745124,127.29095894657,5.10792267878878,1.33669697381345,0.305995882770805
"GRB121229A",-1,22.04094236,2.43,4.70907,2.18362,-12.35951856,2,0.900754,1,485.803140116842,5.9049,22.1753402649,4.7681963044,152.757699034984,4,0.811357768516,0.569022586029564
"GRB130408A",0.69019608,20.06405721,1.28,3.58393,2.03183,-10.32975415,1.44715803134222,1.39277,0.476370628847366,402.566391726153,1.6384,12.8445542449,4.1283331489,106.703820799442,2.09426636767829,1.9398082729,0.677333151419902
"GRB130418A",-0.22184875,21.12149747,2.07,2.59006,1.68684,-9.247183569,2.47712125471966,1.28449,0.0492168678765625,446.117655375216,4.2849,6.7084108036,2.8454291856,85.5104039587836,6.13612971058392,1.6499145601,0.345961541813141
"GRB130420A",0.531478917,20.79265849,1.52,3.56731,2.29559,-10.8728952,2.09166695759568,0.914676,0.282469839215493,432.334647081769,2.3104,12.7257006361,5.2697334481,118.219850030183,4.37507066149759,0.836632184976,0.361160995195026
"GRB130505A",1.477121255,20.71960885,1.18,3.24559,1.92439,-8.91721463,1.94448267215017,1.3304,2.18188720197277,429.302190896998,1.3924,10.5338544481,3.7032768721,79.516716757486,3.78101286229226,1.76996416,0.514547752660286
"GRB130511A",0.113943352,21.01365445,1.35,2.65954,2.06879,-10.51570016,0.734799829588847,1.16497,0.0129830874649959,441.573673344005,1.8225,7.0731530116,4.2798920641,110.579949855024,0.539930789563798,1.3571551009,0.362350507594848
"GRB130514A",0.447158031,21.19799139,1.8,3.68772,2.0604,-10.7212464,2.3096301674259,1.17745,0.199950304687797,449.354838970514,3.24,13.5992787984,4.24524816,114.945124369513,5.33439151028379,1.3863885025,0.662757831681574
"GRB130604A",-0.096910013,21.35024026,1.51,2.071571247,2.08823,-8.316052869,1.57634135020579,1.742079764,0.00939155061966017,455.832759159725,2.2801,4.29140743139714,4.3607045329,69.1567353200031,2.48485205236862,3.0348419041383,0.313867220369153
"GRB130606A",0.414973348,20.24962877,1.52,3.30222,1.86465,-10.18045606,2.44182077228928,1.37571,0.172202879550329,410.047465322812,2.3104,10.9046569284,3.4769196225,103.641685589591,5.96248868398343,1.8925780041,0.839666556882433
"GRB130831A",1.133538908,21.79728278,1.93,3.31959,1.79449,-9.89279003,1.51188336097887,1.28481,1.28491045594983,475.121536591284,3.7249,11.0196777681,3.2201943601,97.8672945776674,2.28579129720478,1.6507367361,0.16999753706657
"GRB130925A",0.86332286,21.99154725,1.85,5.84588,2.69002,-10.62525165,2.25285303097989,1.38344,0.74532636059858,483.628150448983,3.4225,34.1743129744,7.2362076004,112.895972625828,5.07534677919529,1.9139062336,0.129367595722986
"GRB131030A",1.44870632,20.84178667,1.3,2.84594,2.09466,-9.294136288,1.61384182187607,1.11188,2.09875000160794,434.38007159779,1.69,8.0993744836,4.3876005156,86.3809693399184,2.60448542603627,1.2362771344,0.36078268987328
"GRB131105A",0.544068044,21.32749584,1.45,3.9488,2.24976,-10.91009489,2.05037975626146,1.19347,0.296010036501986,454.862078805217,2.1025,15.59302144,5.0614200576,119.030170508804,4.2040571448868,1.4243706409,0.429106008332697
"GRB131117A",-0.15490196,22.01669496,2.32,2.87134,2.15896,-10.838632,1.04139268515823,0.951056,0.0239946172118416,484.734856961689,5.3824,8.2445933956,4.6611082816,117.475943631424,1.08449872470106,0.904507515136,0.702602841340427
"GRB140206A",1.28780173,22.00531353,1.04,3.59073,1.88134,-9.730487056,1.97127584873811,1.22509,1.65843329579099,484.233823553601,1.0816,12.8933419329,3.5394401956,94.6823783469835,3.88592847181814,1.5008455081,0.571708831808688
"GRB140213A",1.371067862,20.99187128,1.8,3.829176603,1.96657,-10.12551818,1.77815125038364,1.108879519,1.87982708220925,440.658659836089,3.24,14.6625934569626,3.8673975649,102.526118413511,3.16182186924092,1.22961378765767,0.343920385393226
"GRB140419A",0.69019608,22.04094236,1.21,3.68383,1.87322,-10.00568285,1.97634997900327,1.36898,0.476370628847366,485.803140116842,1.4641,13.5706034689,3.5089531684,100.113689294784,3.90595923950624,1.8741062404,0.695131297704026
"GRB140423A",0.322219295,21.81946365,1.33,3.90552,2.06486,-10.85078089,2.12710479836481,1.18974,0.103825274070297,476.088993973671,1.7689,15.2530864704,4.2636468196,117.739445922789,4.52457482322659,1.4154812676,0.629409599102719
"GRB140430A",0.397940009,21.67796993,2,4.14388,2.15785,-11.36251027,2.23954972084047,0.875171,0.15835625076292,469.934380285984,4,17.1717414544,4.6563166225,129.106639635855,5.01558295211664,0.765924279241,0.414973347970818
"GRB140506A",1.037426498,21.81764402,1.68,3.30686,1.74751,-9.903089987,2.04571405894087,0.948932,1.07625373875254,476.009590583442,2.8224,10.9353230596,3.0537912001,98.0711912906197,4.18494601094832,0.900471940624,0.276231957921834
"GRB140509A",0.204119983,20.90144742,1.59,3.58709,1.93407,-11.09770006,1.3654879848909,1.40649,0.0416649674599203,436.870504251025,2.5281,12.8672146681,3.7406267649,123.158946621724,1.86455743688141,1.9782141201,0.531478917042255
"GRB140512A",0.832508913,21.32824297,1.45,3.53686,1.84304,-9.504455662,2.18977095634687,1.25134,0.693071090224441,454.893948187355,2.1025,12.5093786596,3.3967964416,90.3346774309239,4.7950968412603,1.5658517956,0.236789099409293
"GRB140518A",0,22.46148952,0.92,3.77824,1.93772,-11.31158018,1.78175537465247,1.64981,0,504.51851145707,0.8464,14.2750974976,3.7547587984,127.951846168569,3.17465221510296,2.7218730361,0.756407872548958
"GRB140614A",-0.602059991,22.12570242,1.5,3.70006,1.77015,-10.9589,2.85733249643127,1.35595,0.36247623276292,489.546707578394,2.25,13.6904440036,3.1334310225,120.09748921,8.16434899516215,1.8386004025,0.718750734739665
"GRB140629A",0.62324929,21.74269921,1.86,2.85608,1.95996,-9.847711656,1.6232492903979,1.16056,0.388439677485504,472.744968936535,3.4596,8.1571929664,3.8414432016,96.9774248597183,2.63493825877729,1.3468995136,0.515211304327802
"GRB141004A",0.785329835,21.49730845,1.86,3.30337,1.79496,-10.61083392,0.593286067020457,1.54959,0.616742949741127,462.134270594441,3.4596,10.9122533569,3.2218814016,112.589796477823,0.351988357320603,2.4012291681,0.196728722623287
"GRB141121A",-0.045757491,21.59590717,1.73,5.76634,1.93447,-12.65757732,2.74028371968188,2.33322,0.00209374798261508,466.383206495257,2.9929,33.2506769956,3.7421741809,160.214263611778,7.50915486435356,5.4439155684,0.392696953259666
"GRB141220A",0.949390007,21.48574413,0.62,2.77561,1.80565,-9.872830386,0.857935264719429,1.42066,0.90134138539146,461.63720081983,0.3844,7.7040108721,3.2603719225,97.4727798307249,0.736052918449197,2.0182748356,0.365394376854778
"GRB150120B",0.079181246,21.52664292,2.2,3.39431,2.01678,-10.79048499,1.38560627359831,1.17705,0.00626966971811252,463.396355405186,4.84,11.5213403761,4.0674015684,116.434566319415,1.919904745435,1.3854467025,0.653212513775344
"GRB150314A",1.58546073,22.01715025,1.08,2.49217,1.84772,-8.609064893,1.16996817399689,1.19079,2.51368572637213,484.754905131075,1.1664,6.2109113089,3.4140691984,74.1159983318851,1.36882552816562,1.4179808241,0.440594261839831
"GRB150403A",1.245512668,21.79039707,1.23,3.19694,1.70996,-8.821023053,1.61172330800734,1.24471,1.55130180614848,474.821404468265,1.5129,10.2204253636,2.9239632016,77.8104477015574,2.59765202157413,1.5493029841,0.48572142648158
"GRB150821A",-0.15490196,22.340573,2.1,2.95174,2.21622,-8.853871964,2.23578087032756,1.82628,0.0239946172118416,499.101201968329,4.41,8.7127690276,4.9116310884,78.3910487549052,4.99871610012266,3.3352986384,0.244277120801843
"GRB150910A",0.041392685,20.842422,1.42,3.85419,1.78547,-9.970616222,2.04999285692014,2.03808,0.00171335437150922,434.406554826084,2.0164,14.8547805561,3.1879031209,99.4131878464096,4.20247071342361,4.1537700864,0.372727940885595
"GRB151021A",0.986771734,22.33647975,1.57,3.15765,1.96079,-9.642065153,2.04218159451577,1.33346,0.973718455021367,498.91832762216,2.4649,9.9707535225,3.8446974241,92.9694204146969,4.17050566497896,1.7781155716,0.52244423350632
"GRB151027A",0.832508913,21.65076489,1.72,3.99907,2.00612,-9.935542011,2.11290649025331,1.74508,0.693071090224441,468.755620322057,2.9584,15.9925608649,4.0245174544,98.7149950523459,4.46437383655458,3.0453042064,0.257678574869184
"GRB151029A",0.255272505,21.55195354,0.49,2.7098,2.307153,-10.76639985,0.951823035315912,1.23481,0.065164051808975,464.486701390319,0.2401,7.34301604,5.322954965409,115.91536573008,0.905967090557996,1.5247557361,0.384353414137506
"GRB151031A",0.230448921,21.98623592,2.41,3.69323,2.12551,-11.5214335,0.698970004336019,0.897942,0.0531067051900642,483.394569929898,5.8081,13.6399478329,4.5177927601,132.743429894922,0.488559066961494,0.806299835364,0.335858911319818
"GRB151112A",0.278753601,21.0151543,1.77,4.43227,2.17922,-11.6171,1.28600712207947,1.1526,0.0777035700704672,441.636710252808,3.1329,19.6450173529,4.7489998084,134.95701241,1.65381431803913,1.32848676,0.707570176097936
"GRB151215A",0.204119983,21.44930866,1.99,3.06337,2.20942,-10.72815839,1.25042000230889,1.07478,0.0416649674599203,460.072841991951,3.9601,9.3842357569,4.8815367364,115.093382440927,1.56355018217417,1.1551520484,0.555094448578319
"GRB160117B",-0.301029996,20.95374423,1.73,4.10299,1.83834,-11.74958,1.77815125038364,0.973333,0.09061905849176,439.059397256258,2.9929,16.8345269401,3.3794939556,138.0526301764,3.16182186924092,0.947377128889,0.271841606536499
"GRB160121A",0.079181246,20.89722339,1.77,3.8244,2.2054,-11.17263073,1.07918124604762,0.798663,0.00626966971811252,436.693945411563,3.1329,14.62603536,4.86378916,124.82767742894,1.1646321618209,0.637862587569,0.471291711058939
"GRB160203A",0.113943352,22.0158332,1.93,3.66139836,1.75592,-11.36754271,1.30535136944662,1.146279559,0.0129830874649959,484.696911490222,3.7249,13.4058379506107,3.0832550464,129.221027263674,1.70394219771618,1.31395682738123,0.655138434811382
"GRB160227A",-0.22184875,21.4198963,0.75,4.47751,1.72551,-10.99567863,2.50037371435337,1.10229,0.0492168678765625,458.811957502754,0.5625,20.0480958001,2.9773847601,120.904948534239,6.25186871142929,1.2150432441,0.528916700277655
"GRB160327A",0.255272505,20.72655851,1.84,3.76407,1.93554,-11.22402567,1.44715803134222,1.49693,0.065164051808975,429.590227668453,3.3856,14.1682229649,3.7463150916,125.978752240819,2.09426636767829,2.2407994249,0.777426822389311
"GRB160804A",0.462397998,21.30214687,1.4,4.38419,1.87827,-11.5214335,2.15896526038341,0.948229,0.213811908554408,453.781461271051,1.96,19.2211219561,3.5278981929,132.743429894922,4.66113099554241,0.899138236441,0.239549720840473
"GRB161108A",-0.22184875,21.16074757,1.85,4.69106,2.00325,-11.81247928,2.02160271602824,0.883711,0.0492168678765625,447.777237721261,3.4225,22.0060439236,4.0130105625,139.534666740429,4.08687754145277,0.780945131521,0.334252642334231
"GRB161117A",0.832508913,21.87736847,1.19,4.08464,1.92624,-10.74958,2.09933527768596,1.141,0.693071090224441,478.61925117215,1.4161,16.6842839296,3.7104005376,115.5534701764,4.40720860813678,1.301881,0.406369835469268
"GRB161129A",0.531478917,21.51361441,1.57,3.70506,1.74506,-10.43651891,1.55059520748933,2.32574,0.282469839215493,462.83560498216,2.4649,13.7274696036,3.0452344036,108.920926958788,2.40434549748887,5.4090665476,0.216165902285993
"GRB161219B",0.72427587,21.16590877,1.29,4.0135,1.86204,-10.13667714,0.841359470454855,0.871656,0.524575535864257,447.995694059963,1.6641,16.10818225,3.4671929616,102.752223440599,0.707885758524074,0.759784182336,0.0597526942092988
"GRB170202A",0.672097858,21.7153121,1.68,3.77629,1.99768,-10.65364703,1.66464197555613,1.1958,0.451715530728188,471.554779600406,2.8224,14.2603661641,3.9907253824,113.500195039828,2.7710329067834,1.42993764,0.666985718329661
"GRB170405A",0.204119983,21.67796993,1.59,3.6300738,1.8473,-10.31069114,2.21669359916975,1.81152426,0.0416649674599203,469.934380285984,2.5281,13.1774357934464,3.41251729,106.310351784474,4.91373051260016,3.28162014456855,0.65417654187796
"GRB170519A",-0.15490196,21.33992622,1.94,4.1513,1.97351,-11.06348626,2.33525725643453,1.37345,0.0239946172118416,455.392451075043,3.7636,17.23329169,3.8947417201,122.400728225209,5.45342645373014,1.8863649025,0.259593878885949
"GRB170531B",-0.096910013,21.49730845,1.95,3.80257,2.06685,-11.39577395,2.21518796949713,1.02082,0.00939155061966017,462.134270594441,3.8025,14.4595386049,4.2718689225,129.863663919499,4.90705774020483,1.0420734724,0.527114111639805
"GRB170705A",1.1430148,21.08891889,1.65,3.63746,1.89159,-10.18641901,2.33705972632052,0.774169,1.30648283301904,444.742499948999,2.7225,13.2311152516,3.5781127281,103.763132247289,5.46184816438937,0.599337640561,0.478566495593843
"GRB170714A",-0.397940009,21.06857915,1.76,4.28080232,1.84715,-10.075204,3,2.03808,0.15835625076292,443.885027399815,3.0976,18.3252685029174,3.4119631225,101.509735641616,9,4.1537700864,0.253580289562183
"GRB170903A",0.591064607,21.73970839,1.94,4.41384,2.20256,-11.26042766,1.46538285144842,0.971187,0.349357369648064,472.614920882236,3.7636,19.4819835456,4.8512705536,126.797231086093,2.1473469013191,0.943204188969,0.27554168840131
"GRB171205A",0,22.27837171,1.41,5.48376,1.66173,-12.42945706,2.27737997466725,1.13263,0,496.325846048928,1.9881,30.0716237376,2.7613465929,154.491402806384,5.18645954901543,1.2828507169,0.0156949885265181
"GRB171222A",-0.15490196,20.02880298,2.07,4.78231,1.99001,-12.10957898,2.24254142829838,0.718496,0.0239946172118416,401.152948811657,4.2849,22.8704889361,3.9601398001,146.641903072858,5.02899205763456,0.516236502016,0.532627001228891
"GRB180205A",0.531478917,21.4933967,2.04,3.21372,1.88733,-10.30627305,1.19033169817029,1.09633,0.282469839215493,461.966101703571,4.1616,10.3279962384,3.5620145289,106.219264181156,1.41688955166897,1.2019394689,0.381836799998343
"GRB180329B",0.146128036,21.41988474,0.97,4.02296,1.86768,-11.14935376,2.32221929473392,1.50063,0.0213534029052173,458.811462274885,0.9409,16.1842071616,3.4882285824,124.308089265626,5.3927024528345,2.2518903969,0.476831628512261
"GRB180404A",0.113943352,20.48730103,1.95,4.20449,1.62007,-11.62342304,1.54654266347813,1.17089,0.0129830874649959,419.729503493839,3.8025,17.6777361601,2.6246268049,135.103963166803,2.39179420995803,1.3709833921,0.301029995663981
"GRB180620B",0.556302501,21.21643247,1.3,4.6659,1.99236,-10.98296666,2.29841638006129,1.09835,0.309472472618855,450.13700675407,1.69,21.77062281,3.9694983696,120.625556654672,5.28271785613406,1.2063727225,0.325823419002744
"GRB180624A",0.146128036,21.1034582,1.91,4.171185481,2.06008,-11.54363397,2.68699356626468,1.243849338,0.0213534029052173,445.355947999147,3.6481,17.3987883169052,4.2439296064,133.255485233338,7.21993442514778,1.54716117564304,0.586024382386976
"GRB180720B",1.831869774,21.24271531,1.36,3.62033,1.8461,-8.847711656,1.68928221447305,1.34127,3.35574686889481,451.252953741708,1.8496,13.1067893089,3.40808521,78.2820015477183,2.85367440013496,1.7990052129,0.218535505216528
"GRB180728A",2.120573931,21.58733599,1.97,3.8695,1.70111,-9.42365865,0.938519725176492,1.1986,4.49683379683679,466.013075145149,3.8809,14.97303025,2.8937752321,88.8053423517198,0.880819274545358,1.43664196,0.0480531731156091
"GRB181010A",0.146128036,22.27837171,1.52,3.15711,1.76613,-9.928117993,1.2148438480477,1.07011,0.0213534029052173,496.325846048928,2.3104,9.9673435521,3.1192151769,98.5675268829304,1.47584557513934,1.1451354121,0.378397900948138
"GRB181020A",0.886490725,20.65703194,1.25,4.29043,1.93674,-10.42365865,2.37657695705651,2.64643,0.785865805511026,426.71296857018,1.5625,18.4077895849,3.7509618276,108.65265965172,5.64811803281199,7.0035917449,0.595275711802099
"GRB181110A",0.568201724,20.88432911,2.02,3.7664,1.76057,-10.39577395,2.14113609012074,1.92336,0.322853199156572,436.155202374793,4.0804,14.18576896,3.0996067249,108.072116019499,4.58446375641752,3.6993136896,0.398807730203264
"GRB190106A",0.740362689,21.7431239,1.43,4.19124,1.94587,-10.43297363,1.88536122003151,1.26841,0.548136911263311,472.763436930751,2.0449,17.5664927376,3.7864100569,108.846938764275,3.55458692999871,1.6088639281,0.456214155357989
"GRB190114A",-0.301029996,21.6447605,2.06,3.74534,1.83214,-10.75202673,1.8234742291703,1.18375,0.09061905849176,468.49565710236,4.2436,14.0275717156,3.3567369796,115.606078802635,3.32505826444822,1.4012640625,0.641126932803509
"GRB190719C",0.740362689494244,20.9538258694985,1.64,4.88123,1.5415,-11.257,2.26881190373978,1.55953,0.54813691199515,439.062818569264,2.6896,23.8264063129,2.37622225,126.720049,5.14750745455133,2.4321338209,0.54020429984206
"GRB190829A",1.25527250510331,22.049100010378,2.56,3.40640655,2.0913,-8.58538291,1.76492298464989,1.18850034,1.57570906206834,486.162811267651,6.5536,11.6036055838829,4.37353569,73.7087997113201,3.11495314174547,1.41253305818012,0.0328201494385639
"GRB191011A",0.255272505103306,21.6503347264086,1.94,3.15321333,1.81479,-10.8132081,0.867467487859051,1.30602449,0.0651640518617174,468.736993765534,3.7636,9.94275430448969,3.2934627441,116.925469413906,0.752499842492494,1.70569996847976,0.434888120867316
"GRB191221B",0.681241237375587,21.9226772003698,1.24,1.95518066,1.843,-8.11145684,1.68124123737559,1.15734724,0.464089623501021,480.603775631614,1.5376,3.82273141323804,3.396649,65.7957320671828,2.8265720982522,1.33945263393562,0.332034277027518
"GRB200205B",0.301029995663981,21.91683806,1.36,4.53640048,1.90881,-11.7337376,2.66086547800387,1.56884903,0.0906190582894564,480.347790548265,1.8496,20.5789293149442,3.6435556161,137.680598065654,7.08020509203276,2.46128727893194,0.391816923613249
"GRB201014A",-0.522878745280338,22.1524656960528,2.55,3.37597,1.97336,-11.0529,1.55870857053317,0.742849,0.273402182265941,490.731736414796,6.5025,11.3971734409,3.8941496896,122.16659841,2.42957240785355,0.551824636801,0.745074791582057
"GRB201020A",0.322219294733919,20.9325848608536,2.25,3.96908872,2.0761,-11.0900559,1.15136985024746,1.55158826,0.103825273898824,438.173108956837,5.0625,15.7536652672312,4.31019121,122.989339865125,1.32565253205886,2.40742612856983,0.591398551281249
"GRB201024A",0.568201724066995,21.2301072271578,2.1,3.01817341,2.07522,-10.4667906,0.698970004336019,0.99913283,0.322853199232706,450.717452876618,4.41,9.10937073283103,4.3065380484,109.553705464248,0.488559066961494,0.998266411983809,0.300812794118117
"GRB201104B",0.612783856719735,21.7305852647171,1.47,2.72159651,1.55046,-9.38944702,0.937517892017347,1.19537497,0.375504055056313,472.21833594714,2.1609,7.40708756324418,2.4039262116,88.1617153413869,0.878939797852649,1.4289213189025,0.470410490975931
"GRB201221A",0,22.8633210753449,1.4,3.69587,1.45068,-10.8802,1.64836001098093,1.06263,0,522.73145059431,1.96,13.6594550569,2.1044724624,118.37875204,2.71709072580106,1.1291825169,0.826074802700826
"GRB210210A",0.845098040014257,21.1231954587923,1.53,3.72413045,1.85188,-10.1403778,0.819543935541869,1.5451851,0.714190697235939,446.189386390344,2.3409,13.8691476086172,3.4294595344,102.827261926733,0.671652262283455,2.38759699326201,0.234264124378789
"GRB210222B",0.146128035678238,21.1461280356782,2.37,3.24642494,1.98,-10.4520599,1.1078880251828,1.37828029,0.0213534028111804,447.158730901296,5.6169,10.539274891054,3.9204,109.245556153188,1.22741587634344,1.89965655780248,0.504878459410216
"GRB210411C",0.681241237375587,21.0599645857867,1.6,2.93128506,1.88408,-9.72925773,1.10720996964787,1.16829405,0.464089623501021,443.52210835459,2.56,8.5924321029792,3.5497574464,94.6584559767648,1.22591391688763,1.3649109872654,0.582744965691277
"GRB210517A",0.176091259055681,21.1576833762698,1.85,3.057651,1.71079,-10.8415194,0.48572142648158,1.21043545,0.031008131515815,447.647565850483,3.4225,9.349229637801,2.9268024241,117.538542900576,0.235925304143301,1.4651539786167,0.542327382773974
"GRB210610A",0.380211241711606,21.3533795197779,1.41,3.15453451,1.83562,-10.4044334,1.13417710757677,1.0816785,0.144560588323881,455.96681691567,1.9881,9.95108797478094,3.3695007844,108.252234375036,1.2863577113512,1.17002837736225,0.657055852857104
"GRB210619B",2.06069784035361,21.8343030530778,1.41,2.91049117,1.92306,-8.55006175,1.78461729263288,1.12578835,4.24647558923803,476.736789813643,1.9881,8.47095885064797,3.6981597636,73.103555928813,3.18485888116429,1.26739940899572,0.4679039465228
"GRB210722A",0.342422680822206,20.5405897231745,1.62,3.6504,1.83712,-10.3507,1.70070371714502,1.43908,0.117253292341466,421.915826175782,2.6244,13.32542016,3.3750098944,107.13699049,2.89239313351089,2.0709512464,0.331427296520743
"GRB210731A",0.204119982655925,20.920544366897,1.45,4.80200435,2.06317,-11.9404653,1.35237549500052,1.74153741,0.0416649673194551,437.669176607306,2.1025,23.0592457774189,4.2566704489,142.574711580504,1.8289194794779,3.03295255042951,0.352664799651101
