"","Fbest","T_abest","logT90","logPeakFlux","photon_index","logNH","FbestSqr","T_abestSqr","logT90Sqr","logPeakFluxSqr","photon_indexSqr","logNHSqr","errorlogPeakFlux","errorphotonindex","log10FaErr","log10TaErr","log10T90Err","Zphot","Zphot_min","Zphot_max"
"GRB110420A",-10.3969,3.75189,1.07188200730613,1.14612803567824,2.3,21.1500069040069,108.09552961,14.0766785721,1.14893103758662,1.31360947416766,5.29,447.32279203954,0.0279189309794948,0.07,0.0446999999999997,0.042505,0.0492463366789848,0.622240139879222,0.596588081063108,0.647892198695336
"GRB090813",-9.61111,3.00808,0.851258348719075,0.929418925714293,1.69,21.3222399749312,92.3734354321,9.0485452864,0.724640776263926,0.86381953947591,2.8561,454.637917548554,0.0306560810755237,0.12,0.032985,0.03287,0.0345855401904771,0.80742381008417,0.77805548480729,0.83679213536105
"GRB060510A",-9.89639,4.09985,1.3096301674259,1.16731733474818,1.57,21.5889179043502,97.9385350321,16.8087700225,1.71513117543199,1.36262976000359,2.4649,466.081376280773,0.0333845418061683,0.07,0.029045,0.028105,0.0242634204710631,0.840620096461889,0.785209957795122,0.896030235128657
"GRB170803A",-10.1971,2.96196,0.582063362911709,0.812913356642856,0.65,21.1269174279435,103.98084841,8.7732070416,0.338797758444088,0.660828125408355,0.4225,446.346640007143,0.020044360703227,0.28,0.0466500000000005,0.0490300000000001,0.0265635103492056,0.878796659102734,0.748833079496921,1.00876023870855
"GRB161001A",-10.0841,3.39412,0.414973347970818,0.544068044350276,1.14,21.8095661111736,101.68907281,11.5200505744,0.17220287952611,0.296010036883134,1.2996,475.657173957652,0.0248168275373287,0.09,0.0572499999999998,0.0784400000000001,0.0669013329721852,0.954371240713244,0.830487340038962,1.07825514138753
"GRB050922B",-11.4892,5.27032,2.17868923977559,0.00432137378264258,2.17,21.2649712151637,132.00171664,27.7762729024,4.74668680351394,1.86742713693106e-05,4.7089,452.199000781741,0.154798033153634,0.26,0.0980500000000006,0.121995,0.269559909352545,0.981015826377013,0.827484990418653,1.13454666233537
"GRB150817A",-10.0959,3.39134,1.58883172559421,0.982271233039568,1.78,21.6523807677089,101.92719681,11.5011869956,2.52438625225467,0.964856775257074,3.1684,468.82559290985,0.0135717025594766,0.04,0.0498500000000002,0.050775,2.23505696103439,0.983441806387406,0.338249631327256,1.62863398144756
"GRB080229A",-9.54636,3.68741,1.80617997398389,0.755874855672491,1.91,21.4152739093529,91.1329892496,13.5969925081,3.26228609842045,0.57134679743791,3.6481,458.613956612611,0.0152384028737983,0.06,0.02067,0.0234300000000001,0.108573620475812,0.989825116017388,0.958980847262463,1.02066938477231
"GRB171211A",-10.6388,2.93112,0.3654879848909,0.361727836017593,1.77,21.2472485925937,113.18406544,8.5914644544,0.133581467099611,0.130847027349971,3.1329,451.445572755475,0.0566471063352068,0.21,0.2242,0.323485,0.0852430145547065,1.02716095147495,0.89654705966345,1.15777484328646
"GRB190204A",-8.67607,2.5734,1.42160392686983,1.48429983934679,1.3,21.7209852487605,75.2741906449,6.62238756,2.02095772489172,2.20314601308489,1.69,471.801200176871,0.0128152470069812,0.04,0.0126149999999994,0.0119400000000001,0.123257876511981,1.03514637003281,1.01386601026503,1.05642672980058
"GRB180630A",-9.96603,3.09267,1.27531135454181,0.819543935541869,2.07,21.2370090862215,99.3217539609,9.5646077289,1.62641905102327,0.671652262283455,4.2849,451.010554928255,0.0263208776911062,0.1,0.0650500000000003,0.10342,0.14921831364707,1.03793629385872,0.998548579007363,1.07732400871007
"GRB100606A",-8.53703,2.19646,2.68124123737559,0.204119982655925,1.35,21.2663281435841,72.8808812209,4.8244365316,7.18905457300338,0.041664967319455,1.8225,452.256712710597,0.108573620475813,0.1,0.115755,0.083105,0.130288344570975,1.0631778312382,0.88407110306216,1.24228455941424
"GRB140916A",-11.776,5.03564,1.90363251608424,0.113943352306837,2.15,21.1610168305473,138.674176,25.3576702096,3.62381675629321,0.0129830875349199,4.6225,447.788633302706,0.133629071354847,0.27,0.12715,0.0701650000000003,0.0846347202394434,1.06920816637257,0.928439712223581,1.20997662052156
"GRB120213A",-10.2817,3.80607,1.68930885912362,0.230448921378274,2.37,21.2745547700684,105.71335489,14.4861688449,2.85376442151355,0.0531067053644099,5.6169,452.60668066464,0.025546734229603,0.09,0.31876,0.167775,0.113506099884411,1.10424922813998,1.01537560775411,1.19312284852584
"GRB180331B",-11.3357,4.3889,2.16731733474818,0.447158031342219,2.48,20.9903175391979,128.49809449,19.26244321,4.69726442949995,0.199950304993849,6.1504,440.593430396359,0.0465315516324913,0.22,0.0446999999999997,0.0626900000000004,0.0976735690817501,1.14221709548149,1.05593626857246,1.22849792239053
"GRB050822",-11.399,4.40868,2.01452053875792,0.350248018334163,2.37,20.9321260884913,129.937201,19.4364593424,4.0582930010775,0.122673674347008,5.6169,438.153902584498,0.0426539223297837,0.14,0.0380499999999993,0.0479600000000002,0.0686606338337677,1.15302745766313,1.08981057571607,1.21624433961019
"GRB120102A",-10.0397,3.80062,1.58771096501891,1.01283722470517,1.59,21.4339185723075,100.79557609,14.4447123844,2.52082610844128,1.02583924374848,2.5281,459.412865364308,0.0168658051224564,0.05,0.0888150000000003,0.07637,0.0390033001254897,1.16263117309408,1.13218693940268,1.19307540678547
"GRB130812A",-10.3117,2.6882,0.880813592280791,0.447158031342219,2.52,21.4473890765796,106.33115689,7.22641924,0.775832584346592,0.199950304993849,6.3504,459.990498202186,0.0310210344216608,0.11,0.0590999999999999,0.0833200000000001,0.0304452652818496,1.20300686325824,1.07742999473312,1.32858373178336
"GRB180425A",-11.8748,4.48348,1.04921802267018,0.342422680822206,1.35,21.0790107520018,141.01087504,20.1015929104,1.10085845909592,0.117253292341467,1.8225,444.324694283007,0.0592219748049889,0.13,0.1119,0.18653,0.105171827782757,1.21846541997954,1.08827761367382,1.34865322628525
"GRB130527A",-9.93338,3.25596,1.64345267648619,1.30319605742049,1.25,21.1632478673251,98.6720382244,10.6012755216,2.70093669984962,1.69831996407631,1.5625,447.88306029384,0.030249366898734,0.05,0.0794050000000004,0.071555,0.154060209841707,1.22012569365115,1.19170913774013,1.24854224956217
"GRB120703A",-10.1351,3.20671,1.40140054078154,1.02118929906994,1.51,21.1449942893595,102.72025201,10.2829890241,1.96392347570279,1.04282758453495,2.2801,447.110783497046,0.0165445516915524,0.06,0.0420499999999997,0.0590850000000001,0.0737997719211405,1.22406359637715,1.20141260301764,1.24671458973666
"GRB090404",-11.1402,4.3431,1.92427928606188,0.278753600952829,2.32,21.5865164166267,124.10405604,18.86251761,3.70285077076682,0.077703570044169,5.3824,465.977691005294,0.0457152086213949,0.08,0.0350999999999999,0.05416,0.0704081480626723,1.22740721856883,1.17955225397627,1.27526218316139
"GRB151114A",-10.6397,2.97269,0.686636269262293,0.462397997898956,2.14,21.3033842936436,113.20321609,8.8368858361,0.47146936626644,0.213811908460963,4.5796,453.834182362661,0.0599026871590692,0.25,0.1922,0.170305,0.0756878801199303,1.22923836561386,1.11137406181012,1.34710266941761
"GRB100522A",-10.5759,3.86836,1.54777470538782,0.851258348719075,1.89,21.6868694388793,111.84966081,14.9642090896,2.39560653863835,0.724640776263927,3.5721,470.320306058997,0.0183504710663346,0.08,0.0366,0.0554600000000001,0.196847357236603,1.26590104967401,1.21790223461965,1.31389986472837
"GRB141005A",-10.4975,2.75932,0.637489729512511,0.6232492903979,1.33,21.5226411212026,110.19750625,7.6138468624,0.406393155233934,0.388439677981486,1.7689,463.224080832081,0.0827227584577623,0.18,0.1681,0.14809,0.0590668239373838,1.29236633390258,1.22671209865574,1.35802056914943
"GRB070628",-10.3432,3.97958,1.59217675739587,0.707570176097936,1.91,21.8755826826928,106.98178624,15.8370569764,2.53502682679163,0.500655554103265,3.6481,478.541117707329,0.025546734229603,0.09,0.1233,0.0984549999999997,0.0448075653252567,1.3010758234502,1.22209717566047,1.38005447123994
"GRB170822A",-9.90552,3.747,1.80617997398389,0.6232492903979,1.8,21.5500668388799,98.1193264704,14.040009,3.26228609842045,0.388439677981486,3.24,464.405380760191,0.072382413650542,0.09,0.0661449999999997,0.0360799999999999,0.108573620475812,1.30221685814023,1.24573875189733,1.35869496438314
"GRB110402A",-12.0969,4.12739,1.78461729263288,0.612783856719735,1.59,20.8487936282468,146.33498961,17.0353482121,3.18485888116431,0.375504055056313,2.5281,434.672195753224,0.0741478383737259,0.17,0.18125,0.11391,0.0494611885110191,1.30353691844556,1.18270226772599,1.42437156916514
"GRB190719C",-11.0479,4.666,2.26881190373978,0.740362689494244,1.64,20.9538258694985,122.05609441,21.771556,5.14750745455132,0.54813691199515,2.6896,439.062818569264,0.0236887899219956,0.09,0.0773999999999999,0.0635249999999998,0.022660222345864,1.31263594740567,1.26331745169497,1.36195444311638
"GRB190613B",-10.9611,4.42656,2.20639406443087,0.755874855672491,1.84,21.4200792489025,120.14571321,19.5944334336,4.86817476755577,0.57134679743791,3.3856,458.819795029264,0.0533344100582941,0.24,0.0389499999999998,0.0674199999999998,0.0446612781269509,1.32206241814783,1.19781790756766,1.446306928728
"GRB140713A",-10.0335,3.22665,0.724275869600789,0.278753600952829,1.84,21.7729730998564,100.67112225,10.4112702225,0.524575535285979,0.077703570044169,3.3856,474.06235760707,0.0457152086213949,0.14,0.278275,0.27515,0.0543497181441426,1.33727008196142,1.19718005089323,1.47736011302961
"GRB120308A",-10.5768,3.93915,1.78247262416629,0.778151250383644,1.71,20.7536382038973,111.86869824,15.5169027225,3.17720865590226,0.605519368473628,2.9241,430.713498698266,0.0072382413650542,0.13,0.0871500000000003,0.0731750000000002,0.122803261136063,1.35057573121811,1.29220776967979,1.40894369275643
"GRB101011A",-9.66783,2.23005,1.85430604180108,0.113943352306837,1.24,21.1476763242411,93.4669369089,4.9731230025,3.43845089665999,0.0129830875349199,1.5376,447.224213914868,0.0668145356774233,0.14,0.159725,0.08639,0.112861233244797,1.35468154440063,1.21006062943753,1.49930245936374
"GRB110312A",-11.0279,4.1347,1.45788189673399,0.0791812460476248,2.32,21.6134707695839,121.61457841,17.09574409,2.1254196248247,0.0062696697256545,5.3824,467.142118707658,0.108573620475813,0.26,0.0638499999999995,0.128505,0.107544075315201,1.36144874959489,1.2364435827578,1.48645391643199
"GRB150911A",-10.2632,3.58105,0.857332496431269,0.716003343634799,1.02,21.633665358434,105.33327424,12.8239191025,0.735019009437072,0.512660788096212,1.0404,468.015476840707,0.0250554508790338,0.26,0.11755,0.0730299999999999,0.0354969148405936,1.36675561789212,1.22583606114311,1.50767517464114
"GRB080205",-9.73889,2.81358,2.02734960777476,0.146128035678238,2.08,21.3315932887924,94.8459784321,7.9162324164,4.11014643214447,0.0213534028111804,4.3264,455.036872238453,0.0620420688433217,0.12,0.1835,0.131085,0.020215127430195,1.40470443002845,1.33633523869805,1.47307362135886
"GRB190219A",-11.5912,4.52688,2.22479195649268,0.278753600952829,2.24,21.2340014424009,134.35591744,20.4926425344,4.94969924967453,0.077703570044169,5.0176,450.882817255883,0.0457152086213949,0.1,0.0764500000000004,0.15121,0.033129347689591,1.40990204554619,1.32110663214775,1.49869745894462
"GRB161214B",-11.3198,4.17771,1.39445168082622,0.342422680822206,1.76,21.0569238989224,128.13787204,17.4532608441,1.94449549015907,0.117253292341467,3.0976,443.394044085009,0.0394813165366593,0.09,0.0644,0.0899049999999999,0.0549333294668906,1.41922369124946,1.37803411793267,1.46041326456624
"GRB180706A",-11.2568,3.79087,1.63042787502502,0.505149978319906,1.9,20.7223640497047,126.71554624,14.3706953569,2.6582950556586,0.255176500596602,3.61,429.416371808494,0.0271434051189532,0.08,0.0453999999999999,0.08087,0.074201790245976,1.43406692693457,1.41072389763688,1.45740995623226
"GRB190202A",-9.44352,3.28863,1.28780172993023,0.89209460269048,1.32,20.8308067234232,89.1800699904,10.8150872769,1.65843329561129,0.795832780149486,1.7424,433.922508748613,0.0835181695967792,0.13,0.0120399999999998,0.0114449999999999,0.154251416176719,1.43909685777843,1.36820512198831,1.50998859356856
"GRB160123A",-11.1607,3.26757,0.59659709562646,0.113943352306837,1.51,21.424523931121,124.56122449,10.6770137049,0.355928094509927,0.0129830875349199,2.2801,459.010225675177,0.0668145356774233,0.16,0.161,0.25138,0.0685246711459157,1.45101808947898,1.32821078948036,1.5738253894776
"GRB080605",-8.99918,2.73047,1.30102999566398,1.29885307640971,1.11,21.7380841782878,80.9852406724,7.4554664209,1.69267904961742,1.68701931409896,1.2321,472.544303742326,0.0130943059870327,0.14,0.0158149999999999,0.01756,0.0203924266284631,1.4606359318051,1.38116373640558,1.54010812720462
"GRB150424A",-10.8513,3.43316,1.95904139232109,1.07918124604762,1.23,21.0188772588155,117.75071169,11.7865875856,3.83784317682736,1.1646321618209,1.5129,441.793201221151,0.0144764827301084,0.15,0.0671999999999997,0.0961749999999999,0.105586228870726,1.4711574171801,1.37900429713954,1.56331053722067
"GRB190511A",-11.577,4.39622,1.44247976906445,0.792391689498254,1.19,21.2145900823896,134.026929,19.3267502884,2.08074788416023,0.627884589585897,1.4161,450.058832363823,0.0840569964974036,0.1,0.176299999999999,0.110105,0.0369099494001456,1.47130377194919,1.3964549809032,1.54615256299518
"GRB180626A",-10.8016,3.89183,1.47813342810052,0.612783856719735,1.64,21.3659246804868,116.67456256,15.1463407489,2.1848784312682,0.375504055056313,2.6896,456.502737452235,0.0423701933564148,0.27,0.0322000000000005,0.0422199999999999,0.0197378691616866,1.48319622732782,1.38286698969683,1.58352546495881
"GRB090113",-10.0724,3.04433,0.959041392321094,0.397940008672038,1.6,21.4966792341692,101.45324176,9.2679451489,0.919760392185182,0.158356250501901,2.56,462.107218096761,0.0347435585522601,0.1,0.0688999999999993,0.09517,0.0429628051160469,1.4837171904129,1.43768301992186,1.52975136090393
"GRB190519A",-9.645,3.34823,1.65877432084436,1.31386722036915,1.32,21.8164733037652,93.026025,11.2106441329,2.75153224749267,1.72624707276057,1.7424,475.9585074139,0.0358398358852198,0.24,0.0332600000000003,0.04844,0.0272153670089888,1.49496058973862,1.35101871311411,1.63890246636312
"GRB141221A",-9.78946,2.92269,1.56702636615906,0.491361693834273,1.74,21.4678876805073,95.8335270916,8.5421168361,2.45557163223767,0.241436314167686,3.0276,460.870201462877,0.0280189988324679,0.08,0.139835,0.154945,0.0482769667314823,1.50813512677677,1.46032263873108,1.55594761482247
"GRB121217A",-10.8368,4.50576,2.89097959698969,0.255272505103306,1.53,21.6003031960224,117.43623424,20.3018731776,8.35776303021067,0.0651640518617174,2.3409,466.573098160095,0.0241274712168473,0.08,0.0324,0.0353100000000004,0.0090200299082463,1.51181860716415,1.44447819758593,1.57915901674236
"GRB160815A",-10.3999,3.17448,0.934498451243568,0.672097857935718,0.96,21.4186081727097,108.15792001,10.0773232704,0.873287355376627,0.45171553064178,0.9216,458.756776056067,0.0369612325024044,0.41,0.0747999999999998,0.114285,0.0926307491063794,1.53521183598514,1.37460720368449,1.69581646828579
"GRB101024A",-10.4259,3.43724,1.2718416065365,0.740362689494244,1.15,20.9146408720964,108.69939081,11.8146188176,1.61758107211735,0.54813691199515,1.3225,437.422202808765,0.0157925266146637,0.31,0.0381499999999999,0.0435099999999999,0.0113448761036509,1.55294573260127,1.46557484023115,1.64031662497139
"GRB131229A",-8.49034,2.28078,1.14176323027579,1.02938377768521,1.02,21.9428906346751,72.0858733156,5.2019574084,1.30362327400981,1.05963096176147,1.0404,481.490449405312,0.0121764808010258,0.03,0.0277049999999992,0.0271250000000001,0.013411699533743,1.55807519551661,1.5351665436934,1.58098384733983
"GRB130725B",-10.3642,3.06254,1,0.342422680822206,2.23,20.8639548042813,107.41664164,9.3791512516,1,0.117253292341467,4.9729,435.304610075093,0.0394813165366593,0.17,0.108000000000001,0.1551,0,1.56045199102645,1.40026102967012,1.72064295238278
"GRB090904A",-11.7199,4.37117,2.08635983067475,0.278753600952829,2.01,21.0032700556617,137.35605601,19.1071271689,4.35289734305317,0.077703570044169,4.0401,441.137353031056,0.0457152086213949,0.1,0.0684499999999995,0.0784199999999999,0.0333503160548615,1.56275572206853,1.51312103527542,1.61239040886164
"GRB110102A",-10.4417,4.06295,2.42160392686983,0.924279286061882,1.6,21.1999717221478,109.02909889,16.5075627025,5.86416557863138,0.854292198643062,2.56,449.438801019866,0.0155105172108304,0.04,0.0233999999999996,0.0248550000000001,0.0083743472517587,1.56498551603106,1.53676950035778,1.59320153170434
"GRB140108A",-9.89581,4.02038,1.9731278535997,0.785329835010767,1.62,21.9933184920758,97.9270555561,16.1634553444,3.89323352665096,0.616742949758039,2.6244,483.706058293883,0.0213587450116353,0.05,0.0447599999999992,0.0448999999999997,0.0150256983066827,1.57262095120861,1.5195452937939,1.62569660862332
"GRB130427B",-11.2077,3.91798,1.43136376415899,0.477121254719662,1.64,20.6478971480755,125.61253929,15.3505672804,2.04880222534739,0.227644691705265,2.6896,426.335656637504,0.0579059309204336,0.15,0.0752999999999995,0.064845,0.1359806889045,1.57688087234036,1.52163714903587,1.63212459564485
"GRB180224A",-10.5124,3.46482,1.03742649794062,0.146128035678238,2.11,20.9645310148041,110.51055376,12.0049776324,1.07625373862934,0.0213534028111804,4.4521,439.511560670683,0.0620420688433217,0.18,0.0777999999999999,0.074775,0.142200507981434,1.57975438306254,1.47089729063772,1.68861147548736
"GRB160127A",-10.5862,3.2676,0.789580712164425,0.146128035678238,0.99,21.0155206996,112.06763044,10.67720976,0.623437701022081,0.0213534028111804,0.9801,441.652110275316,0.0930631032649825,1.11,0.0696499999999993,0.067315,0.0660365812286229,1.58763306810375,1.42509017183589,1.7501759643716
"GRB180316A",-9.13278,2.70967,1.93951925261862,0.518513939877887,1.46,21.5124695967566,83.4076705284,7.3423115089,3.76173493127829,0.268856705847689,2.1316,462.786348151377,0.0658021942277654,0.12,0.153935,0.10771,0.102789318573504,1.59861753741121,1.51393183184429,1.68330324297814
"GRB160412A",-11.7502,4.47886,1.4996870826184,0.204119982655925,1.88,21.4377605483086,138.06720004,20.0601868996,2.24906134577249,0.041664967319455,3.5344,459.577577326617,0.0542868102379065,0.08,0.0766,0.125645,0.0557032162349625,1.60380740598679,1.54938012049432,1.65823469147925
"GRB140706A",-11.1976,3.83282,1.68394713075151,0.255272505103306,1.8,20.9108580287517,125.38624576,14.6905091524,2.83567793916624,0.0651640518617174,3.24,437.263983498609,0.0482549424336946,0.1,0.0848500000000003,0.125725,0.0384706184356226,1.61990386893616,1.58685414551662,1.6529535923557
"GRB161113A",-11.9023,4.28684,1.62940959910272,0.146128035678238,1.73,21.0732343096353,141.66474529,18.3769971856,2.65497564164809,0.0213534028111804,2.9929,444.08120426879,0.0620420688433217,0.1,0.10115,0.17004,0.113152474332836,1.62369735250858,1.55823623729239,1.68915846772477
"GRB160104A",-11.9491,4.59482,1.20951501454263,0,1.76,21.4334629182211,142.78099081,21.1123708324,1.46292657040406,0,3.0976,459.393332666759,0.0868588963806504,0.19,0.1499,0.27081,0.0661448323585969,1.62568184067727,1.50688963004871,1.74447405130583
"GRB110315A",-9.65017,2.90525,1.88649072517248,0.230448921378274,1.77,21.4240331176752,93.1257810289,8.4404775625,3.55884725616179,0.0531067053644099,3.1329,458.989195027244,0.0510934684592061,0.08,0.0653049999999995,0.08012,0.0666262645637523,1.62709979451317,1.57264882408944,1.6815507649369
"GRB050128",-9.55803,2.89188,1.28330122870355,0.870403905279027,0.7,21.0284541237804,91.3559374809,8.3629699344,1.64686204359204,0.757602958324982,0.49,442.195882835937,0.0427270851468159,0.3,0.0759549999999996,0.0719400000000001,0.20482832276051,1.64051868869801,1.51797851115298,1.76305886624304
"GRB120116A",-10.8231,3.46641,1.61278385671974,0.612783856719735,1.31,21.1083004429334,117.13949361,12.0159982881,2.6010717684958,0.375504055056313,1.7161,445.560347589142,0.0317776450173111,0.41,0.0685000000000002,0.135355,0.0437868018271131,1.67988519348322,1.55385242182709,1.80591796513936
"GRB160119A",-11.1805,4.32085,2.06445798922692,0.462397997898956,1.68,21.3074211530985,125.00358025,18.6697447225,4.26198678928286,0.213811908460963,2.8224,454.006196195509,0.0299513435795346,0.05,0.0380000000000003,0.0403500000000001,0.0558698064809235,1.69038003555277,1.64904959640455,1.73171047470098
"GRB181023A",-9.40653,3.29862,1.76342799356294,0,1.74,21.3647318043115,88.4828066409,10.8808939044,3.10967828848142,0,3.0276,456.451765070159,0.130288344570976,0.24,0.250825,0.215515,0.0659458193917789,1.69661615287266,1.53853674838753,1.85469555735778
"GRB081222",-10.7863,4.05592,1.38021124171161,0.886490725172482,1.08,21.472879262713,116.34426769,16.4504870464,1.9049830717471,0.785865805816833,1.1664,461.08454383105,0.0112803761533312,0.15,0.0625,0.052765,0.0723824136505413,1.69679633398866,1.60925971136992,1.78433295660741
"GRB180823A",-10.3003,3.1323,1.90471554527868,0.361727836017593,1.58,21.0621399446104,106.09618009,9.81130329,3.62794130842626,0.130847027349971,2.4964,443.613739046353,0.0377647375568045,0.05,0.0992499999999996,0.11581,0.0372802278936943,1.69819435692603,1.66161867872744,1.73477003512461
"GRB080328",-9.62397,3.21924,1.95712819767681,0.740362689494244,1.52,21.672850290861,92.6207985609,10.3635061776,3.83035078214168,0.54813691199515,2.3104,469.712439730074,0.0236887899219956,0.04,0.0389200000000001,0.049415,0.00684793670914081,1.7059127461853,1.67706599859005,1.73475949378054
"GRB111121A",-10.4143,3.3955,2.07554696139253,0.851258348719075,1.66,21.5516865996055,108.45764449,11.52942025,4.30789518894577,0.724640776263927,2.7556,464.475195287615,0.0183504710663346,0.12,0.124,0.14207,0.0782470651290874,1.71992091850395,1.64675707531811,1.79308476168979
"GRB140215A",-11.3344,4.05216,1.92531209149965,0.897627091290441,1.19,21.205186493608,128.46862336,16.4200006656,3.70682664967476,0.805734395018539,1.4161,449.659934228695,0.0384817895357312,0.08,0.0746000000000002,0.06186,0.248817890536566,1.72737266743268,1.61528814191396,1.8394571929514
"GRB161004B",-9.39802,2.43837,1.20139712432045,1.00432137378264,1.21,22.0411324253148,88.3227799204,5.9456482569,1.44335505032545,1.00866142183665,1.4641,485.811518590263,0.0171997814615149,0.13,0.11141,0.116775,0.0195596557214438,1.74746049862147,1.64381462937197,1.85110636787098
"GRB090518",-11.0436,3.67955,0.838849090737255,0.380211241711606,1.54,21.8471393823925,121.96110096,13.5390882025,0.703667797030719,0.144560588323881,2.3716,477.297499193685,0.036191206825271,0.14,0.0575000000000001,0.0816349999999999,1.53708847009856,1.74816533401147,0.90526379722347,2.59106687079948
"GRB190604B",-10.0302,3.5915,2.34281731463573,0.863322860120456,1.81,21.4618690346815,100.60491204,12.89887225,5.48879296975697,0.745326360806564,3.2761,460.611822461821,0.0237969579125069,2.02184,0.0587050000000007,0.0796299999999999,0.00933916915777689,1.75770688788444,0.593554056467189,2.9218597193017
"GRB060312",-11.3551,3.66183,1.7041505168398,0.184691430817599,1.88,21.1217597115228,128.93829601,13.4089989489,2.90412898404536,0.0341109246174519,3.5344,446.128733311308,0.0397393643571603,0.09,0.1196,0.13796,0.105978818504129,1.75918373395172,1.72487071240665,1.79349675549679
"GRB110319A",-10.6395,3.34438,1.28555730900777,0.342422680822206,1.31,20.985032421261,113.19896025,11.1848775844,1.6526575947433,0.117253292341467,1.7161,440.371585721375,0.0394813165366593,0.43,0.0658999999999992,0.07816,0.0364130677984466,1.7662323947252,1.65269919275022,1.87976559670019
"GRB090728",-11.0749,3.64639,1.77085201164214,0,2.05,20.9836731865922,122.65341001,13.2961600321,3.13591684713701,0,4.2025,440.314540401708,0.130288344570976,0.26,0.0620000000000003,0.04904,0.131372680949751,1.76821015286777,1.67935899805039,1.85706130768514
"GRB060813",-9.43514,2.80308,1.20682587603185,0.946452265013073,1,21.6081557627479,89.0218668196,7.8572574864,1.45642869506004,0.895771889948376,1,466.912395467175,0.0191600506722023,0.2,0.0224649999999995,0.0343900000000001,0.0909677067198078,1.77078821356915,1.66085159337358,1.88072483376472
"GRB190211A",-10.5104,3.41868,1.09621458534641,0.278753600952829,1.51,20.8407952722495,110.46850816,11.6873729424,1.2016864171262,0.077703570044169,2.2801,434.338747579817,0.0914304172427899,0.33,0.0684499999999995,0.0693300000000001,0.0507135582854366,1.77188429708043,1.7168182492888,1.82695034487206
"GRB140824A",-11.0198,2.63156,0.489958479424835,0.0791812460476248,1.98,21.0214018445404,121.43599204,6.9251080336,0.240059311560296,0.0062696697256545,3.9204,441.899335509647,0.072382413650542,0.21,0.12345,0.150285,0.0704987033210224,1.77359143408846,1.51117655933601,2.03600630884091
"GRB180925A",-10.997,3.18075,1.91222205653242,0.491361693834273,1.53,21.1720497876031,120.934009,10.1171705625,3.65659319348908,0.241436314167686,2.3409,448.255692208745,0.0840569964974036,0.13,0.0827499999999999,0.0804500000000001,0.123601691666482,1.77473203148217,1.68669092012988,1.86277314283445
"GRB060105",-8.89733,2.92025,1.73559889969818,0.871572935545879,1.07,21.5320418575274,79.1624811289,8.5278600625,3.01230354063353,0.759639381976061,1.1449,463.628826554312,0.0210142491243509,0.04,0.0105400000000007,0.010345,0.0126153166955642,1.79521518640127,1.71235631696219,1.87807405584034
"GRB060719",-11.0124,3.78765,1.82542611776782,0.334453751150931,1.91,21.523873875843,121.27295376,14.3462925225,3.33218051142889,0.111859311658929,3.6481,463.277146623197,0.0402124520280789,0.11,0.0510000000000002,0.0554350000000001,0.074823931222933,1.79732389023075,1.73694007753042,1.85770770293108
"GRB150711A",-10.8257,3.59028,1.80753502806885,0.57978359661681,1.79,21.6244915588761,117.19578049,12.8901104784,3.26718287769586,0.336149018905924,3.2041,467.618635179904,0.0457152086213949,0.08,0.0813499999999996,0.118885,0.095756393934189,1.8006200561905,1.74844267791437,1.85279743446662
"GRB190311A",-11.0329,3.73931,1.23044892137827,0.255272505103306,1.8,21.582518792169,121.72488241,13.9824392761,1.51400454812095,0.0651640518617174,3.24,465.805117414328,0.072382413650542,0.17,0.06555,0.115685,0.173736576109226,1.80237645935581,1.69804410243112,1.90670881628051
"GRB140703A",-9.92462,3.54149,1.82672252016899,0.447158031342219,1.74,21.8698439952801,98.4980821444,12.5421514201,3.33691516569255,0.199950304993849,3.0276,478.290076377889,0.0930631032649825,0.13,0.0567649999999995,0.0573949999999999,0.429588370714725,1.80929977586766,1.67478668575886,1.94381286597646
"GRB080409",-11.4191,3.60854,1.30535136944662,0.568201724066995,2.1,21.7301828910411,130.39584481,13.0215609316,1.70394219771617,0.322853199232706,4.41,472.200848478095,0.0352130661002637,0.2,0.1395,0.162835,0.220002770394964,1.81845826046825,1.73064670801088,1.90626981292562
"GRB151001A",-10.6292,3.33312,0.951337518795918,0.113943352306837,1.17,20.9080934412007,112.97989264,11.1096889344,0.905043074668774,0.0129830875349199,1.3689,437.14837134598,0.0668145356774233,0.11,0.0664500000000006,0.0872550000000001,0.0518096952345982,1.81913197827749,1.74494520515201,1.89331875140298
"GRB070328",-9.2568,3.02881,1.8767949762007,0.625312450961674,1.24,21.3970043998704,85.68834624,9.1736900161,3.52235938269219,0.391015661327696,1.5376,457.831797288073,0.0246992122409432,0.04,0.0111399999999993,0.0129750000000002,0.0526141559102931,1.8194189106847,1.7524832238102,1.8863545975592
"GRB100725B",-11.0882,4.41393,2.30102999566398,0.380211241711606,1.89,21.6870507065163,122.94817924,19.4827780449,5.29473904094538,0.144560588323881,3.5721,470.328168347009,0.0180956034126355,0.06,0.0486500000000003,0.0571100000000002,0.056385835878227,1.82396335682421,1.75916579408542,1.888760919563
"GRB140817A",-11.0425,4.28008,2.38738982633873,0.857332496431269,1.48,21.4020046858679,121.93680625,18.3190848064,5.69963018290567,0.735019009437071,2.1904,458.045804573912,0.0180956034126355,0.08,0.0698999999999996,0.0670000000000002,0.0222463930162443,1.84400545417982,1.782902430035,1.90510847832463
"GRB150607A",-9.50944,2.71762,1.41995574848976,0.690196080028514,0.99,21.3340013265539,90.4294491136,7.3854584644,2.01627432766911,0.476370628886727,0.9801,455.139612601404,0.0443157634595155,0.41,0.0469400000000002,0.0660350000000001,0.0117780881837554,1.84710250335868,1.64462248263201,2.04958252408534
"GRB140818B",-11.7843,4.44713,1.25767857486918,0.0413926851582251,1.99,21.7607729442963,138.86972649,19.7769652369,1.58175539768497,0.00171335438460795,3.9601,473.531239133218,0.118443949609978,0.25,0.162000000000001,0.139495,0.119426464110093,1.84882012812827,1.70217452481872,1.99546573143781
"GRB141017A",-10.4872,3.64462,1.74585519517373,0.826074802700826,1.05,21.269031918602,109.98136384,13.2832549444,3.0480103625151,0.682399579657209,1.1025,452.371718754511,0.0194460215777575,0.28,0.0657500000000004,0.06524,0.0218756994370871,1.87234971686011,1.74351098946709,2.00118844425314
"GRB100727A",-11.2837,4.2408,1.92427928606188,0.0791812460476248,1.81,21.3704224093627,127.32188569,17.98438464,3.70285077076682,0.0062696697256545,3.2761,456.694953954591,0.036191206825271,0.13,0.0799500000000002,0.11636,0.0675156990848121,1.87305440259325,1.79010328555167,1.95600551963483
"GRB131002A",-11.1228,3.74626,1.74499667403856,0.113943352306837,1.63,21.0534126831504,123.71667984,14.0344639876,3.04501339240564,0.0129830875349199,2.6569,443.246185607038,0.0334072678387117,0.19,0.0609500000000001,0.0745800000000001,0.0310796779335557,1.88462357586609,1.82457223317745,1.94467491855473
"GRB060923A",-11.0023,3.72998,1.71349054309394,0.12057393120585,1.7,21.2185460079791,121.05060529,13.9127508004,2.93604984127237,0.014538072886433,2.89,450.226694692726,0.085542852496095,0.23,0.0733999999999995,0.0826549999999999,0.0362609220517827,1.89366920054263,1.80628496733766,1.9810534337476
"GRB151228B",-11.3242,3.50046,1.68124123737559,0,1.09,20.7593266620382,128.23750564,12.2532202116,2.82657209825221,0,1.1881,430.94964346121,0.0868588963806504,0.34,0.122850000000001,0.220255,0.144764827301083,1.90404226902624,1.67360418869636,2.13448034935612
"GRB190515B",-11.2285,3.68578,1.66651798055488,0.0413926851582251,1.74,21.1268252042341,126.07921225,13.5849742084,2.77728217951272,0.00171335438460795,3.0276,446.342743210261,0.0789626330733185,0.15,0.1093,0.165835,0.114702329923457,1.90700241212242,1.84687431028468,1.96713051396016
"GRB120701A",-10.0266,2.75708,1.13987908640124,0.204119982655925,1.05,21.2091261201048,100.53270756,7.6014901264,1.29932433161493,0.041664967319455,1.1025,449.827030778512,0.0542868102379065,0.1,0.110799999999999,0.133915,0.0215737889848267,1.90889313091015,1.8357328399386,1.9820534218817
"GRB170711A",-10.9417,3.57249,1.49554433754645,0.681241237375587,1.75,21.8187186504044,119.72079889,12.7626848001,2.23665286556725,0.464089623501021,3.0625,476.056483545505,0.0180956034126355,0.1,0.0677499999999993,0.13445,0.105932056792212,1.9209157141253,1.85895810422578,1.98287332402482
"GRB061202",-11.0231,4.68769,1.95999483832842,0.399673721481038,1.58,21.8427939002985,121.50873361,21.9744375361,3.84157976627405,0.159739083642502,2.4964,477.107645370917,0.0294143673002202,0.07,0.0683499999999997,0.0865,0.17253426570539,1.93168535426123,1.8336749366316,2.02969577189087
"GRB170317A",-10.7249,3.22899,1.07700432679335,0.544068044350276,0.8,21.4027255290306,115.02348001,10.4263764201,1.1599383199316,0.296010036883134,0.64,458.076660071018,0.037225241305993,0.49,0.0477000000000007,0.0587549999999999,0.177317319979692,1.93451549973801,1.69633161329906,2.17269938617696
"GRB150323A",-11.5974,4.25725,2.17493159352844,0.732393759822969,1.85,21.6926962555066,134.49968676,18.1241775625,4.73032743652816,0.536400619427624,3.4225,470.57307083367,0.0241274712168473,0.07,0.0929000000000002,0.134685,0.0258998688615982,1.93694646064916,1.86275139963204,2.01114152166627
"GRB070103",-10.9987,3.53314,1.26951294421792,0.0170333392987804,1.95,21.5213303341844,120.97140169,12.4830782596,1.61166311553685,0.000290134647667376,3.8025,463.167659353086,0.0626386271975844,0.21,0.0694499999999998,0.0666949999999999,0.0467313826377402,1.97103090159251,1.89488972364791,2.0471720795371
"GRB140323A",-9.9529,3.72061,2.02077548819356,0.792391689498254,1.35,21.7106089485737,99.06021841,13.8429387721,4.08353357368392,0.627884589585897,1.8225,471.350540917888,0.0490332479568187,0.17,0.0297299999999998,0.035115,0.0107464249399916,1.97528517139675,1.84324016325086,2.10733017954265
"GRB180818B",-10.9776,4.06908,2.12839926871781,0.0791812460476248,1.77,21.1036634931579,120.50770176,16.5574120464,4.53008344707851,0.0062696697256545,3.1329,445.364612832445,0.072382413650542,0.12,0.0600999999999994,0.071145,0.0316111342769045,1.99251361925156,1.92282153700878,2.06220570149435
"GRB121209A",-9.86315,3.27553,1.63042787502502,0.531478917042255,1.43,21.7181835326131,97.2817279225,10.7290967809,2.6582950556586,0.282469839260408,2.0449,471.679495956267,0.0383201013444046,0.08,0.117125000000001,0.105455,0.0207910892430886,1.99896874967605,1.93867105324161,2.05926644611048
"GRB120728A",-10.6692,3.21922,1.34360550810417,0.380211241711606,1.79,21.714329759749,113.83182864,10.3633774084,1.80527576140786,0.144560588323881,3.2041,471.512116915121,0.0904780170631775,0.13,0.19685,0.31175,0.0510793892093889,1.99931582694624,1.90922522060152,2.08940643329096
"GRB120326A",-11.9574,5.31014,1.84260923961056,0.662757831681574,1.41,21.5428316488986,142.97941476,28.1975868196,3.39520880989821,0.439247943455262,1.9881,464.093595452787,0.0188823687784023,0.34,0.1947,0.0812399999999998,0.0519737996180166,2.00243184865376,1.57472839944568,2.43013529786183
"GRB070420",-10.1688,3.73139,1.88366143515362,0.852479993636856,1.2,21.6101158896311,103.40449344,13.9232713321,3.548180402285,0.726722139551095,1.44,466.997108763287,0.0463572761582123,0.2,0.0269000000000004,0.0294700000000001,0.0318373392265818,2.00799282547321,1.86953315019681,2.14645250074962
"GRB190706B",-11.2376,3.61223,1.40071063677323,0.146128035678238,1.9,21.5298353273365,126.28365376,13.0482055729,1.96199028796967,0.0213534028111804,3.61,463.533809222227,0.0620420688433217,0.23,0.0935499999999996,0.15479,0.109589208249168,2.01308429287619,1.92042356989306,2.10574501585933
"GRB150430A",-10.4325,3.54254,2.02978947083186,0.698970004336019,1.43,21.578965896529,108.83705625,12.5495896516,4.12004529589988,0.488559066961494,2.0449,465.651769163562,0.0868588963806503,0.12,0.0583,0.0502499999999999,0.027104950809642,2.06714679924797,1.98390691166428,2.15038668683166
"GRB130528A",-10.9087,3.9777,1.77378644498119,0.477121254719662,1.39,21.5356447061123,118.99973569,15.82209729,3.14631835239901,0.227644691705265,1.9321,463.783992907903,0.0289529654602168,0.19,0.0935500000000005,0.104625,0.0259386635171881,2.06853881785723,1.94932708053274,2.18775055518172
"GRB110610A",-10.0085,3.10642,1.66651798055488,0.6232492903979,1.51,21.9789224305269,100.17007225,9.6498452164,2.77728217951272,0.388439677981486,2.2801,483.073031207119,0.0206806896144406,0.05,0.0753849999999998,0.110045,0.0538259433444374,2.07376743231838,2.03004730404433,2.11748756059242
"GRB130816A",-10.4298,2.83295,1.47668674294564,0.176091259055681,1.86,21.8479444879521,108.78072804,8.0256057025,2.1806037367914,0.031008131515815,3.4596,477.332678348636,0.0579059309204336,0.34,0.31235,0.2714,0.0196642033440214,2.09505895210889,1.89863328400601,2.29148462021177
"GRB160905A",-8.9155,3.06527,1.80617997398389,0.799340549453582,1.04,21.735938059795,79.48614025,9.3958801729,3.26228609842045,0.638945314000754,1.0816,472.451003339245,0.0206806896144406,0.03,0.00831999999999944,0.00927499999999992,0.108573620475812,2.09809389987024,2.01362021269406,2.18256758704642
"GRB070621",-10.6032,3.27723,1.52244423350632,0.397940008672038,1.57,21.6530628976851,112.42785024,10.7402364729,2.31783644413665,0.158356250501901,2.4649,468.855132851107,0.0521153378283902,0.06,0.0724499999999999,0.10372,0.0362083078155883,2.11937093798967,2.07831972488971,2.16042215108963
"GRB110201A",-9.38832,2.8541,1.11394335230684,0.0413926851582251,1.09,21.4481077867832,88.1405524224,8.14588681,1.2408697921486,0.00171335438460795,1.1881,460.02132763347,0.0394813165366593,0.11,0.14891,0.20671,0.0762097324262322,2.12740518281972,2.04414558827782,2.21066477736161
"GRB080707",-11.568,4.01305,1.43296929087441,0,1.77,21.5584229460035,133.818624,16.1045703025,2.05340098858911,0,3.1329,464.76559991877,0.0434294481903252,0.19,0.08535,0.113355,0.0983108649110163,2.15737618324291,2.06063457939802,2.25411778708781
"GRB180411A",-10.2597,3.9963,1.88930170250631,0.785329835010767,1.46,22.2320177195751,105.26144409,15.97041369,3.56946092309324,0.616742949758039,2.1316,494.262611883501,0.0142391633410902,0.03,0.0453999999999999,0.0479149999999999,0.00562675132673513,2.16886139886496,2.13117914968542,2.2065436480445
"GRB151118A",-9.9889,2.92497,1.36921585741014,0.0791812460476248,1.8,22.0168215691157,99.77812321,8.5554495009,1.87475206418339,0.0062696697256545,3.24,484.740432006278,0.036191206825271,0.2,0.209985,0.271295,0.195343448782931,2.19098612654823,2.03941152277307,2.34256073032339
"GRB081126",-9.95186,3.42034,1.73239375982297,0.568201724066995,1.27,21.6934587288331,99.0395174596,11.6987257156,3.00118813907357,0.322853199232706,1.6129,470.606151619585,0.0234753774001758,0.06,0.0414750000000002,0.0520499999999999,0.0470517911810988,2.1933399659877,2.13447526238867,2.25220466958673
"GRB120119A",-9.53847,2.93291,2.40449161775869,1.01283722470517,1.38,22.0220281244648,90.9824099409,8.6019610681,5.7815799398718,1.02583924374848,1.9044,484.969722714719,0.0126493538418423,0.04,0.04941,0.0806,0.0418939692382624,2.2073431308995,2.11398374552267,2.30070251627633
"GRB051016A",-11.125,3.3379,1.36172783601759,0.143014800254095,1.89,21.6708032110514,123.765625,11.14157641,1.85430269938515,0.0204532330917187,3.5721,469.623711812116,0.118727987858443,0.27,0.0627999999999993,0.108795,0.114856965288539,2.23770057791972,2.11971561089346,2.35568554494598
"GRB150323C",-11.6292,3.86864,2.20248831706009,0.0413926851582251,2.09,20.7880530626744,135.23829264,14.9663754496,4.85095478678619,0.00171335438460795,4.3681,432.143150136567,0.118443949609978,0.32,0.0675499999999998,0.08057,0.146993646320383,2.24054023200911,2.05712770783863,2.42395275617959
"GRB171027A",-9.95031,3.26278,1.98497712641549,0.477121254719662,1.25,21.5085539579869,99.0086690961,10.6457333284,3.9401341923927,0.227644691705265,1.5625,462.617893363634,0.0289529654602168,0.18,0.0521949999999993,0.0671299999999999,0.0224738089684146,2.26074625579747,2.13776874036109,2.38372377123386
"GRB050726",-10.4166,3.47822,1.69810054562339,0.139879086401236,0.9,20.8995972811555,108.50555556,12.0980143684,2.88354546304645,0.0195661588124446,0.81,436.793166514482,0.119588335596548,0.21,0.0413500000000004,0.0364899999999999,0.125050898711797,2.29126368074254,2.17739750419633,2.40512985728875
"GRB170208B",-10.5809,3.45314,2.10744740952361,0.924279286061882,1.18,21.5925289373485,111.95544481,11.9241758596,4.44133458390777,0.854292198643062,1.3924,466.237305910232,0.0103403448072203,0.21,0.0573499999999996,0.10272,0.0195127030069557,2.31249091735656,2.18258615930565,2.44239567540747
"GRB190203A",-8.81988,2.80793,1.98227123303957,0.491361693834273,1.06,21.8472696577414,77.7902832144,7.8844708849,3.92939924133622,0.241436314167686,1.1236,477.303191498068,0.0840569964974036,0.06,0.0163649999999995,0.016165,0.0723824136505417,2.39426259368137,2.30782271230165,2.4807024750611
"GRB160417A",-11.4802,3.65811,1.17609125905568,0,1.93,20.4658328324811,131.79499204,13.3817687721,1.38319064962717,0,3.7249,418.850313527061,0.130288344570976,0.24,0.05985,0.104825,0.0915309446637414,2.4261593474147,2.27277365096816,2.57954504386124
"GRB110801A",-10.366,3.50689,2.5854607295085,0.0413926851582251,1.84,21.3905023625177,107.453956,12.2982774721,6.68460718383063,0.00171335438460795,3.3856,457.553591320875,0.0789626330733185,0.1,0.0837500000000002,0.0712300000000001,0.0101179792815576,2.44067826296754,2.36616529548515,2.51519123044993
"GRB140719A",-11.4492,4.11285,1.68124123737559,-0.698970004336019,1.9,21.4622182526462,131.08418064,16.9155351225,2.82657209825221,0.488559066961494,3.61,460.62681232422,0.217147240951626,0.3,0.0842000000000001,0.131955,0.20472838212379,2.47328350791385,2.28462324146206,2.66194377436564
"GRB061019",-11.1221,4.18079,2.26434550705009,0.326335860928751,1.92,22.072744953761,123.70110841,17.4790050241,5.12726057529793,0.106495094128109,3.6864,487.206069793782,0.0901365905836938,0.26,0.0610999999999997,0.0904600000000002,0.0151360307300133,2.48606843358935,2.24453927236967,2.72759759480902
"GRB160824A",-10.3081,3.83339,1.99694924849538,0.113943352306837,1.64,22.0075655750078,106.25692561,14.6948788921,3.98780630106626,0.0129830875349199,2.6896,484.332942538268,0.0668145356774233,0.11,0.0484999999999998,0.0604200000000001,0.0343130130391271,2.49664160359291,2.38490465133188,2.60837855585393
"GRB111107A",-11.3845,3.50884,1.42488163663107,0.0791812460476248,1.49,21.5667520502364,129.60684025,12.3119581456,2.03028767840844,0.0062696697256545,2.2201,465.124793996376,0.072382413650542,0.14,0.1033,0.16229,0.10796218813849,2.49892204733466,2.40630018672009,2.59154390794923
"GRB150801B",-8.71783,3.25529,2.62940959910272,0.397940008672038,1.84,22.4878896065359,76.0005599089,10.5969129841,6.91379483985353,0.158356250501901,3.3856,505.705178955745,0.0347435585522601,0.14,0.80175,0.26096,0.0308525201011183,2.52304851755146,2.05142859360529,2.99466844149762
"GRB160630A",-10.3254,3.54193,1.46982201597816,0.0791812460476248,1.32,21.6711930290683,106.61388516,12.5452681249,2.1603767586541,0.0062696697256545,1.7424,469.640607303138,0.072382413650542,0.14,0.0322499999999994,0.04254,0.0811347680089393,2.5325575781795,2.43054861539824,2.63456654096076
"GRB120324A",-10.5957,3.9494,2.07188200730613,0.770852011642144,1.34,22.050269911888,112.26885849,15.59776036,4.29269505219888,0.59421282385274,1.7956,486.214403187113,0.014721846844178,0.04,0.0896999999999997,0.071485,0.0353073474162501,2.62741615225623,2.56375192576485,2.69108037874761
"GRB171120A",-10.9086,4.53418,1.80617997398389,1.05690485133647,1.06,22.3825121262939,118.99755396,20.5587882724,3.26228609842045,1.11704786477857,1.1236,500.976849083693,0.0190480035922479,0.28,0.0472999999999999,0.0681450000000003,0.108573620475812,2.65479918240977,2.28920867940794,3.0203896854116
"GRB060421",-10.5758,3.24342,1.08635983067475,0.468347330412157,1.55,22.0952432972889,111.84754564,10.5197732964,1.18017768170367,0.219349221904194,2.4025,488.19977636639,0.0265894580757093,0.08,0.10615,0.13257,0.11852091449761,2.66054647647969,2.57950806737587,2.7415848855835
"GRB121123A",-11.3875,4.43356,2.50105926221775,0.414973347970818,0.96,20.7584031522204,129.67515625,19.6564542736,6.25529743312519,0.17220287952611,0.9216,430.911301430114,0.0334072678387117,0.2,0.14355,0.109825,0.0189981225014483,2.71641267159102,2.60141767491487,2.83140766826717
"GRB140709A",-10.3217,3.77564,1.99387691494121,0.491361693834273,1.23,21.9036856474898,106.53749089,14.2554574096,3.97554515193548,0.241436314167686,1.5129,479.771444944051,0.0420284982487018,0.27,0.0507500000000007,0.0639350000000001,0.0340429526791534,2.82182351997219,2.55476262776787,3.08888441217651
"GRB110411A",-10.7226,3.97634,1.90471554527868,0.113943352306837,1.51,22.0403728707594,114.97415076,15.8112797956,3.62794130842626,0.0129830875349199,2.2801,485.778036282107,0.0668145356774233,0.31,0.0966500000000003,0.13687,0.0286974900291822,2.8310001414237,2.52366462587828,3.13833565696912
"GRB070107",-9.99381,3.36646,2.54070478331076,0.294466226161593,1.33,21.5918972083864,99.8762383161,11.3330529316,6.45518079593818,0.0867103583498504,1.7689,466.210025057524,0.050704431897334,0.1,0.106615000000001,0.118665,0.0411523677263566,2.83673886930375,2.74231471949701,2.93116301911049
"GRB120927A",-10.5667,3.51032,1.63346845557959,0.204119982655925,0.63,21.4414814698903,111.65514889,12.3223465024,2.66821919537357,0.041664967319455,0.3969,459.737127623649,0.0542868102379065,0.38,0.0750500000000001,0.07439,0.190455946078898,3.11439946807898,2.8393221786129,3.38947675754505
"GRB150428B",-11.6808,4.54278,2.11693964655076,0.146128035678238,1,21.513766175091,136.44108864,20.6368501284,4.48143346713846,0.0213534028111804,1,462.84213503649,0.0930631032649825,0.5,0.0887500000000001,0.157075,0.0519814792959589,3.22578395084742,2.78744403154194,3.66412387015291
"GRB140304A",-9.31099,3.01201,1.19312459835446,0.230448921378274,1.29,22.4805386999219,86.6945347801,9.0722042401,1.42354630719849,0.0531067053644099,1.6641,505.374620238686,0.0510934684592061,0.08,0.234690000000001,0.14121,0.0515874040073312,3.24932387592754,3.05414902088893,3.44449873096615
"GRB150530A",-10.6954,3.26007,0.8208579894397,0.612783856719735,1.49,22.3294405947503,114.39158116,10.6280564049,0.673807838826987,0.375504055056313,2.2201,498.603917274483,0.0635552900346222,0.11,0.10855,0.15016,0.055069978768081,3.70525926001607,3.26605123134281,4.14446728868933
"GRB080129",-11.0339,3.99429,1.68124123737559,-0.698970004336019,1.34,21.9206001619667,121.74694921,15.9543526041,2.82657209825221,0.488559066961494,1.7956,480.512711460815,0.217147240951626,0.26,0.0721499999999997,0.0864800000000001,0.323703994596239,3.89368805925837,3.5826903707942,4.20468574772254
"GRB180720C",-10.9196,3.49451,2.09412159584056,0.0413926851582251,1.39,22.4487778721404,119.23766416,12.2116001401,4.38534525816581,0.00171335438460795,1.9321,503.9476279527,0.0789626330733185,0.13,0.1201,0.2038,0.114267945367392,4.35587868518198,4.06574097123442,4.64601639912954
