"","Redshift_crosscheck","T90","log10Fluence","log10PeakFlux","PhotonIndex","log10NH","Gamma","log10Fa","log10Ta","Alpha","Beta","LONG.SHORT.IS","Type","log10TaErr","BetaErr","AlphaErr","T90Err","FluenceErr","PeakFluxErr","PhotonIndexErr","log10FaErr"
"GRB050315",1.949,95.6,-5.492144128,0.285557309,2.11,21.91683806,1.99544,-11.3757179,4.86356,1.10818,0.856,"L","XRR",0.04512,0.001,0.049165,14.0200616236825,8.84848484848485e-08,0.133333333333333,0.0545454545454545,0.0324500000000008
"GRB050318",1.44,32,-5.966576245,0.499687083,1.9,20.92661714,1.98053,-11.15490196,4.132084541,1.874408221,0.95,"L","L",0.043780336,0.037,0.0859065194999999,10.9664574115296,4.66666666666667e-08,0.121212121212121,0.0606060606060606,0.0618196900000001
"GRB050319",3.24,152.5,-5.882728704,0.181843588,2.02,20.93735437,2.01045,-10.70553377,3.73997,0.863159,0.971,"L","XRR/L",0.06193,0.00899999999999999,0.034558,10.9553911899328,8.96969696969697e-08,0.127272727272727,0.115151515151515,0.0416499999999997
"GRB050401",2.9,33.3,-5.085128182,1.029383778,1.4,22.12570242,1.78711,-9.653647026,3.12435,0.984108,0.9995,"L","L",0.02833,0.0174145,0.0260615,0.62535750013415,1.85454545454545e-07,0.557575757575758,0.0424242424242424,0.0194550000000007
"GRB050505",4.27,58.9,-5.603800653,0.267171728,1.41,22.23063027,2.01835,-11.04817696,4.270583544,1.462094791,0.973,"L","L",0.030067592,5e-04,0.035926291,6.83897067866905,1.08484848484848e-07,0.187878787878788,0.0727272727272727,0.0327217700000002
"GRB050730",3.967,156.5,-5.623423043,-0.259637311,1.53,21.73850309,1.6177,-10.09854168,4.05018,2.38763,0.5615,"L","L",0.017795,0.0002104915,0.0538000000000001,18.0332990692667,9.21212121212121e-08,0.0848484848484849,0.0666666666666667,0.0266000000000002
"GRB050802",1.7102,19,-5.698970004,0.439332694,1.54,21.25883595,1.8557,-10.28650946,3.63973,1.44729,0.8585,"L","L",0.0326,0.0023696055,0.03274,10.1980390271856,9.51515151515152e-08,0.266666666666667,0.0787878787878788,0.0274999999999999
"GRB050803",3.5,87.9,-5.66756154,-0.017728767,1.38,21.34755638,2.11696,-10.86012091,4.21721,1.52234,1.218,"L","L",0.04766,0.2248562595,0.0486949999999999,10.4381272282503,8.18181818181818e-08,0.0666666666666667,0.0666666666666667,0.0489000000000006
"GRB050824",0.8278,22.6,-6.575118363,-0.301029996,2.76,20.9708274,1.94709,-12.23882419,5.08558,0.954481,0.86,"L","XRF/SNe-GRB, E",0.12722,0.01,0.0899785,4.07092717497179,3.15151515151515e-08,0.0909090909090909,0.23030303030303,0.0685500000000001
"GRB050826",0.297,35.5,-6.384049948,-0.420216403,1.16,21.96085591,2.45742,-12.33348202,4.76235,1.801,1.11,"L","L",0.13858,0.03,0.23538,5.86506950125527,4.36363636363636e-08,0.0787878787878788,0.187878787878788,0.234050000000001
"GRB050904",6.29,174.2,-5.316052869,-0.207608311,1.25,22.39388568,1.90813,-11.4544,4.6841,3.44235688,0.848,"L","L",0.098475,0,0.624745,10.7562158769084,1.09090909090909e-07,0.103030303030303,0.0424242424242424,0.29485
"GRB060115",3.53,139.6,-5.76700389,-0.060480747,1,21.43355223,2.10553,-11.29499204,3.69688,0.889919,1,"L","XRR",0.123015,0.085,0.053884,15.0870791029542,9.09090909090909e-08,0.0727272727272727,0.303030303,0.0811999999999999
"GRB060124",2.296,750,-6.336299075,-0.050609993,1.84,21.9172644,2.00895,-10.6893,4.47599,1.3641,0.99,"L","XRR",0.036665,0.076380116,0.01627,1.30678232181628,3.21212121212121e-08,0.109090909090909,0.115151515151515,0.0444500000000003
"GRB060206",4.048,7.6,-6.080398976,0.445604203,1.2,22.33966406,2.20424,-10.63078414,3.93814,1.17565,1.265,"IS","XRR/IS",0.07444,0.0130418865,0.02867,1.93356045365311,2.54545454545455e-08,0.103030303030303,0.1818181818,0.0705499999999999
"GRB060210",3.91,255,-5.11577123,0.434568904,1.53,22.3877421,2.08163,-10.66756154,4.15028,1.20511,0.979,"L","L",0.030365,0.083622271,0.02297,121.976522977757,2.47878787878788e-07,0.16969696969697,0.0545454545454545,0.0292000000000003
"GRB060218",0.0331,2100,-5.804100348,-0.602059991,2.26,21.59972155,3.52495,-11.82390874,5.07614,1.3185,3.17,"L","UL/XRF/SNe-GRB, A/llGRB",0.14064,0.02,0.108235,NA,9.21212121212121e-08,0.0666666666666667,0.103030303030303,0.160200000000001
"GRB060306",1.559,61.2,-5.671620397,0.775974331,1.8,21.61973178,2.28823,-10.70553377,3.61496,1.03794,0.76,"L","SEE/XRR",0.04452,0.01,0.02498,3.5188407189561,7.15151515151515e-08,0.193939393939394,0.0606060606060606,0.0349500000000003
"GRB060418",1.489,103.1,-5.079354999,0.814247596,1.7,21.65363309,1.94118,-9.792961075,3.11887,1.47655,0.98,"L","XRR",0.057245,0.005,0.044705,45.254833995939,1.53333333333333e-07,0.212121212121212,0.0363636363636364,0.0490400000000006
"GRB060526",3.221,298.2,-5.899629455,0.222716471,2.01,16.11154478,1.90677,-11.3053948,3.8752,1.05873,0.93,"L","XRR",0.09216,0.0305,0.0623145,23.0482186783306,1e-07,0.109090909090909,0.145454545454545,0.06785
"GRB060604",2.1357,95,-6.395773947,-0.468521083,2.01,21.99003057,2.1711,-11.76955108,4.45991,1.21596,1.02,"L","XRR",0.04994,0,0.0469499999999999,17,6.42424242424242e-08,0.0787878787878788,0.254545454545455,0.0419499999999999
"GRB060605",3.78,79.1,-6.156767222,-0.337242168,1.55,21.77333803,2.02128,-11.26121944,4.04162,1.9179,0.835,"L","XRR",0.037375,0.10149311,0.085,35.0141649091828,5.45454545454545e-08,0.0727272727272727,0.121212121212121,0.0531499999999996
"GRB060614",0.125,108.7,-4.690369833,1.06069784,2.02,20.51216256,1.89544,-11.78251606,5.03344,1.9453,0.783,"L","SEE/XRR/S-KNe/L",0.0289,0.00600000000000001,0.0598299999999999,3.31042292001389,2.2e-07,0.448484848484848,0.0242424242424242,0.0429000000000004
"GRB060707",3.425,66.2,-5.795880017,0.004321374,0.6,21.20847898,2.09345,-10.9132,3.5545,0.861995,1.12,"L","XRR/SNe-GRB, C",0.127895,0.035,0.0364485,6.31420049148106,9.15151515151515e-08,0.139393939393939,0.3636363636,0.0769500000000001
"GRB060708",1.92,10.2,-6.306273051,0.28780173,1.68,20.79066861,2.20484,-10.86966623,3.50569,1.12969,1.485,"L","XRR",0.062725,0.3341015195,0.028525,3.60124423553101,2.24242424242424e-08,0.0848484848484849,0.0727272727272727,0.0611499999999996
"GRB060714",2.711,115,-5.548213564,0.10720997,1.93,22.0125926,2.04425,-10.86012091,3.73449,1.20488,0.87,"L","XRR",0.046765,0.00499999999999999,0.0353049999999999,9.12936538358046,1.01212121212121e-07,0.0787878787878788,0.0666666666666667,0.0352000000000006
"GRB060729",0.54,115.3,-5.583359493,0.068185862,1.75,20.86562801,1.92492,-11.15058059,5.1057,1.35481,1.317,"L","XRR/XRF/SNe-GRB, E, D",0.012825,0.077392286,0.0134249999999999,33.90346061055,1.27878787878788e-07,0.0787878787878788,0.0848484848484849,0.0116000000000005
"GRB060814",1.9229,145.3,-4.835647144,0.861534411,1.53,22.00679538,2.11591,-10.91009489,4.22387,1.29504,0.97,"L","SEE/L",0.034855,0,0.0245650000000001,4.89845852373387,1.44848484848485e-07,0.175757575757576,0.0181818181818182,0.0352999999999994
"GRB060906",3.686,43.5,-5.655607726,0.294466226,2.03,22.41960057,2.07859,-11.8827287,4.33479,1.71887,1.06,"L","XRR",0.072145,0.00499999999999999,0.169635,8.16698720444148,8.24242424242424e-08,0.16969696969697,0.0666666666666667,0.0884499999999999
"GRB060908",1.8836,19.3,-5.552841969,0.481442629,1,21.80952201,2.13395,-9.627087997,2.81918,1.38309,1.185,"L","L",0.05993,0.0034749535,0.04964,1.33033529343473,6.72727272727273e-08,0.151515151515152,0.1818181818,0.045185
"GRB060926",3.2,8,-6.659555885,0.037426498,2.54,22.50004427,2.00443,-10.84771166,3.351,1.45111,1.357,"IS","XRF",0.09927,0.009157091,0.11561,1.21267967741496,1.51515151515152e-08,0.0848484848484849,0.139393939393939,0.0824499999999997
"GRB060927",5.47,22.5,-5.946921557,0.431363764,0.9,22.10710478,1.94856,-10.77728353,3.15198,1.39098,0.83,"L","XRR",0.108435,0.178498106,0.118785,1.29427663430184,4.12121212121212e-08,0.103030303030303,0.2424242424,0.0811500000000001
"GRB061021",0.3463,46.2,-5.528708289,0.78604121,1.3,20.87141063,1.99282,-10.04095861,3.23849,1.01707,0.785,"L","SEE/L",0.03399,0.0168000365,0.010415,5.39883246764966,6.12121212121212e-08,0.163636363636364,0.0363636363636364,0.0263999999999998
"GRB061121",1.314,81.3,-4.863279433,1.324282455,1.41,21.75351565,1.90181,-10.03011836,3.78753,1.35185,0.9485,"L","L",0.01703,0.0023582105,0.0158499999999999,46.1274845779442,1.20606060606061e-07,0.278787878787879,0.0181818181818182,0.0126499999999998
"GRB061201",0.111,0.76,-6.476253533,0.586587305,0.81,21.16656331,1.65934,-10.4134127,3.49343,1.98937,0.145,"S","SEE/S-KNe/L/S",0.093885,0.061048094,0.169505,0.0989545476206747,1.63636363636364e-08,0.187878787878788,0.0909090909090909,0.0936499999999993
"GRB070110",2.352,88.4,-5.790484985,-0.22184875,1.58,21.3989672,2.08596,-11.04866248,4.26825,1.42725,1.186,"L","XRR",0.053995,0.1216678795,0.046555,14.4780330174947,6.54545454545455e-08,0.0727272727272727,0.0727272727272727,0.0547500000000003
"GRB070208",1.165,47.7,-6.351639989,-0.045757491,1.94,21.8647258,2.20341,-10.86327943,3.44468,1.2125,1.14,"L","XRR",0.14114,0.015,0.06357,22.6274169979695,6.12121212121212e-08,0.133333333333333,0.218181818181818,0.161899999999999
"GRB070223",1.6295,88.5,-5.769551079,-0.161150909,1.85,21.70173804,2.25837,-11.86327943,4.22335,0.991734,1.03,"L","SEE/XRR",0.203105,0.06,0.079308,8.08530616043297,7.27272727272727e-08,0.0909090909090909,0.0727272727272727,0.16615
"GRB070306",1.4959,209.5,-5.269217724,0.609594409,1.66,22.44245468,1.94468,-11.2737,4.86926,1.89982,0.831,"L","XRR",0.02824,0.000999999999999994,0.06188,64.7675716279367,1.73333333333333e-07,0.127272727272727,0.0606060606060606,0.0335000000000001
"GRB070508",0.82,20.9,-4.707743929,1.382017043,1.1,21.89306622,1.82568,-9.161150909,3.02525,1.37377,0.764,"L","L",0.01189,5e-04,0.013355,0.735923905696808,1.65454545454545e-07,0.36969696969697,0.06060606061,0.0107949999999999
"GRB070521",2.0865,37.9,-5.096367484,0.814913181,1.1,22.27524914,2.00022,-10.01233374,3.55243,1.44502,0.98,"L","XRR",0.04844,0.147518075,0.0562,2.81938432428048,1.07272727272727e-07,0.163636363636364,0.1212121212,0.04901
"GRB070529",2.4996,109.2,-5.590066877,0.155336037,1.34,22.56252244,1.97999,-10.24641694,3.09323,1.21432,0.76,"L","L",0.068045,0.015,0.03501,19.9827798950972,1.48484848484848e-07,0.218181818181818,0.096969696969697,0.0552000000000001
"GRB070802",2.45,16.4,-6.552841969,-0.397940009,1.79,21.91375294,1.99014,-11.6716204,3.92184,1.16348,0.78,"L","XRR",0.236245,0.045,0.2088785,3.01981259231406,3.03030303030303e-08,0.0606060606060606,0.163636363636364,0.17395
"GRB070809",0.2187,1.3,-7,0.079181246,1.69,20.80619355,1.37246,-11.9625735,4.18985,1.17521,0.396,"S","XRR/SNe-GRB, E/S-KNe/S",0.206985,0.0595,0.395643,0.271528985262434,6.06060606060606e-09,0.121212121212121,0.133333333333333,0.1917
"GRB071003",1.60435,150,-5.080921908,0.799340549,1.36,20.86974084,1.91015,-11.67760082,4.78411,1.97901,0.837,"L","L",0.098505,0.032,0.183105,4.49440006564942,1.81818181818182e-07,0.242424242424242,0.0424242424242424,0.135899999999999
"GRB071020",2.145,4.2,-5.638272164,0.924279286,1.11,20.99642367,1.59788,-9.169411331,2.311950854,1.119196934,0.844,"IS","IS/L",0.039262062,0.001,0.0111532090000001,0.581982801632249,6.06060606060606e-08,0.181818181818182,0.0303030303030303,0.0350998220000003
"GRB071117",1.331,6.6,-5.619788758,1.053078443,1.57,22.04291793,2.0457,-11.23542972,3.901990464,1.104952391,0.94,"L","L",0.117162967,0.01,0.089387802,1.82485944742003,6.06060606060606e-08,0.242424242424242,0.0363636363636364,0.101024385
"GRB080310",2.42,365,-5.638272164,0.113943352,2.32,10.56142698,2.09352,-11.3990271,4.32608056,1.59590648,0.878,"L","XRR",0.03798676,0.0375,0.0652763515,17.3987512074303,1.21212121212121e-07,0.121212121212121,0.096969696969697,0.0424734299999994
"GRB080411",1.03,56,-4.578396073,1.635483747,1.75,21.57289018,1.97674,-10.11350927,4.20932562,1.28909841,0.91,"L","XRR",0.049275581,0,0.010296793,1.0009675337169,6.06060606060606e-08,0.545454545454546,0.0181818181818182,0.0604354300000001
"GRB080430",0.767,16.2,-5.920818754,0.414973348,1.73,21.51787914,2.03541,-11.17198494,4.21762911,0.99269763,3.18,"L","XRR",0.038388523,0.0755,0.020935069,2.18311336401004,6.06060606060606e-08,0.121212121212121,0.0545454545454545,0.0281809649999998
"GRB080516",3.2,5.8,-6.585026652,0.255272505,1.82,22.03528962,2.3315,-11.12090412,3.77452827,0.94016916,1.48,"L","XRR",0.111057696,0.03,0.084888358,0.213016433189357,2.42424242424242e-08,0.181818181818182,0.163636363636364,0.0778036650000002
"GRB080607",3.036,79,-4.619788758,1.36361198,1.31,22.38386741,2.03418,-10.0540393,3.46298403,1.7256074,1.06,"L","L",0.069659314,0.02,0.0376373875,3.28506192878632,0,0.666666666666667,0.0242424242424242,0.11042072
"GRB080710",0.845,120,-5.853871964,0,1.47,20.89722339,2.00149,-11.23284413,4.09266933,1.52133785,1.3,"L","L",0.054210787,0.1505178435,0.0640164304999999,17.4370466608647,1.21212121212121e-07,0.121212121212121,0.139393939393939,0.0626949799999998
"GRB080721",2.591,16.2,-4.920818754,1.320146286,1.11,21.79728278,1.9433,-8.714442691,2.87876286,1.33437559,0.735,"L","L",0.007554816,0,0.00643567299999992,144,6.06060606060606e-07,1.09090909090909,0.0484848484848485,0.00701929850000038
"GRB080810",3.35,106,-5.337242168,0.301029996,1.34,21.45079548,2.11482,-9.931814138,3.2687548,1.44529526,1.079,"L","L",0.039738688,0.0015,0.036139295,4.33719033229347,1.21212121212121e-07,0.121212121212121,0.0363636363636364,0.031830706
"GRB080928",1.692,280,-5.602059991,0.322219295,1.77,21.51035195,2.13864,-11.1260984,4.08450503,1.76031774,0.99,"L","XRR",0.047916769,0,0.075970735,20.8004346174656,1.21212121212121e-07,0.0606060606060606,0.0727272727272727,0.0644840350000004
"GRB081007",0.5295,10,-6.148741651,0.414973348,2.51,21.69605744,2.102,-10.58502665,3.58176278,1.00469263,0.92,"L","XRF/SNe-GRB, B",0.084284398,0.00499999999999999,0.039134851,2.93713330647929,4.84848484848485e-08,0.242424242424242,0.121212121212121,0.053161115
"GRB081008",1.9685,185.5,-5.366531544,0.113943352,1.69,21.1376737,1.98207,-10.79317412,3.85550833,1.47398467,0.84,"L","XRR",0.056285684,0.025,0.063988679,40.3441495698351,1.21212121212121e-07,0.0606060606060606,0.0424242424242424,0.0605298899999998
"GRB081029",3.8479,270,-5.677780705,-0.301029996,1.43,21.49704581,1.95818,-11.86327943,4.48156171,2.51960373,0.87,"L","L",0.04285341,0.001,0.169198521,45.6827768024956,1.21212121212121e-07,0.121212121212121,0.109090909090909,0.0832508050000005
"GRB081221",2.26,34,-4.742321425,1.260071388,1.21,21.57331844,2.4947,-9.354577731,2.93195749,1.23586126,0.991,"L","XRR",0.031176651,5e-04,0.0128618564999999,0.801917699762502,1.81818181818182e-07,0.303030303030303,0.0787878787878788,0.0249854999999997
"GRB081230",2.1,60.7,-6.086186148,-0.15490196,1.97,20.67248024,2.08621,-11.32975415,3.66959365,0.99376498,1.02,"L","XRR",0.08735027,0.02,0.0403814179999999,13.7743084089789,4.84848484848485e-08,0.0606060606060606,0.096969696969697,0.0701443999999993
"GRB090102",1.547,27,-7.167491087,0.740362689,1.36,21.72376179,1.76997,-9.457174573,3.15380077,1.42487631,0.667,"L","L",0.041590346,0.0026734575,0.0217865955,2.24000000357628,1.81818181818182e-09,0.484848484848485,0.0484848484848485,0.0362399829999998
"GRB090205",4.6497,8.8,-6.721246399,-0.301029996,2.15,21.81792086,2.03416,-11.3419886,3.70655,1.29089,1.01,"L","XRF",0.114585,0.025,0.084185,1.7940791274129,1.81818181818182e-08,0.0606060606060606,0.139393939393939,0.13445
"GRB090423",8.26,10.3,-6.229147988,0.230448921,0.8,22.7516324,1.8158,-11.2798407,3.91521772,1.43267533,0.77,"IS","XRR/IS",0.077643595,0.005,0.064053366,1.06172876136085,2.42424242424242e-08,0.121212121212121,0.303030303030303,0.08569564
"GRB090424",0.544,48,-4.677780705,1.851258349,1.19,21.63012977,1.96315,-9.050609993,2.99599056,1.1284106,0.924,"L","SNe-GRB, E/L",0.013394814,0,0.00554688650000001,2.27250697020751,0,1.21212121212121,0.0909090909090909,0.0112570984999998
"GRB090426",2.609,1.2,-6.744727495,0.380211242,1.93,21.31103934,2.03664,-10.66550001,2.64657,1.00429,0.64,"S","XRR/IS/S",0.104665,0.0165,0.042666,0.257899207291378,1.81818181818182e-08,0.181818181818182,0.133333333333333,0.08725
"GRB090510",0.903,0.3,-6.468521083,0.986771734,0.98,20.64281656,1.75106,-10.11463878,3.17793555,2.00074629,0.6405,"S","SEE/S",0.035002467,0.0084862475,0.071440408,1.68030471172121,2.42424242424242e-08,0.666666666666667,0.121212121212121,0.0422299950000005
"GRB090519",3.85,64,-5.920818754,-0.22184875,1.02,22.13069392,1.46604,-11.76000021,3.44619,1.42452,0.63,"L","L",0.24029,0.03,0.3065,8.24011648989424,6.06060606060606e-08,0.121212121212121,0.121212121212121,0.21145
"GRB090529",2.625,100,-6.167491087,-0.397940009,2,13.51385525,2.22623,-12.1873998,4.472757799,0.8815438,0.64,"L","XRR",0.21900534,0.125,0.113675222,10.5274431981955,1.03030303030303e-07,0.0606060606060606,0.181818181818182,0.11547934
"GRB090530",1.266,48,-5.958607315,0.397940009,1.61,20.90942658,2.03975,-11.16052195,3.6839464,0.88610581,1.09,"L","SEE/XRR",0.115365029,0.035,0.0385142015,35.7770876399966,6.06060606060606e-08,0.181818181818182,0.103030303030303,0.0891756250000002
"GRB090618",0.54,113.2,-3.978810701,1.589949601,1.42,21.39200012,1.82831,-9.640164518,3.67275453,1.30942861,0.8945,"L","XRR/SNe-GRB, C",0.014245613,0.0024826615,0.010591616,0.593538562159812,6.06060606060606e-07,0.484848484848485,0.0484848484848485,0.00969525450000042
"GRB090809",2.737,5.4,-6.468521083,0.041392685,1.34,21.91952315,1.94644,-11.8559,4.56066,1.6367,0.96,"IS","L",0.237865,0.01,0.319405,1.2162532625235,3.03030303030303e-08,0.121212121212121,0.145454545454545,0.338
"GRB090812",2.452,66.7,-5.236572006,0.556302501,1.24,21.77771022,1.88559,-10.16730017,3.52924,1.37252,0.53,"L","L",0.13258,0.015,0.08412,14.6583733159175,1.21212121212121e-07,0.121212121212121,0.0303030303030303,0.10615
"GRB090927",1.37,2.2,-6.698970004,0.301029996,1.8,21.01785522,2.06549,-11.6716204,4.20121889,1.13087741,0.92,"IS","SEE/IS",0.093241949,0.01,0.074843971,0.400898977948906,1.81818181818182e-08,0.121212121212121,0.121212121212121,0.076268475
"GRB091018",0.971,4.4,-5.853871964,1.012837225,1.77,21.19187281,1.98015,-9.627087997,2.89655535,1.18074867,0.91,"L","L",0.034497878,0.002061639,0.016335114,0.601065703889731,6.06060606060606e-08,0.242424242424242,0.145454545454545,0.0242886034999996
"GRB091020",1.71,34.6,-5.431798276,0.62324929,1.53,21.70587483,2.08587,-9.71219827,2.95265011,1.17417264,0.895,"L","XRR",0.045271255,0.00218288749999999,0.018244861,4.87503886377992,6.06060606060606e-08,0.181818181818182,0.0424242424242424,0.0344806870000003
"GRB091029",2.752,39.2,-5.619788758,0.255272505,1.46,21.45058625,2.11535,-11.34678749,4.30368998,1.12123368,1.064,"L","XRR",0.034224003,0.002,0.0267820245,4.82961031431318,6.06060606060606e-08,0.0606060606060606,0.163636363636364,0.0256335199999995
"GRB091127",0.49,7.1,-5.045757491,1.667452953,2.05,20.87872913,1.80187,-9.844663963,3.98466812,1.39581701,0.758,"L","XRR/SNe-GRB, B/A",0.021935207,0.00244132,0.0135873089999999,0.150359555029189,1.81818181818182e-07,1.63636363636364,0.0424242424242424,0.0185625155000002
"GRB050416A",0.6528,2.5,-6.435333936,0.688419822,3.08,21.75162856,2.06183,-10.5559552,2.99481,0.842217,0.9,"IS","XRF/SNe-GRB, D/IS",0.070765,0.005,0.0149485,0.444072089685655,2.24242424242424e-08,0.290909090909091,0.133333333333333,0.0484
"GRB050820A",2.6147,26,-5.463441557,0.389166084,1.25,21.61964524,1.96878,-10.01818139,3.750945731,1.136499703,0.9,"L","L",0.238477529,0.0405,0.0125257010000001,22.6761161724926,1.46666666666667e-07,0.139393939393939,0.0727272727272727,0.266741013
"GRB050922C",2.198,4.5,-5.790484985,0.860936621,1.37,21.44930866,2.2119,-9.477555766,2.52429,1.22035,1.064,"IS","IS/L",0.034305,0.013,0.013275,0.450457545832013,3.27272727272727e-08,0.193939393939394,0.0363636363636364,0.0319400000000005
"GRB051016B",0.9364,4,-6.769551079,0.113943352,2.4,21.71466751,1.89482,-11.59006688,4.25742,1.14771,0.73,"L","SEE/L",0.058175,0.005,0.04854,0.469570015426604,1.33333333333333e-08,0.096969696969697,0.139393939393939,0.04535
"GRB051109A",2.346,37.2,-5.657577319,0.595496222,1.51,21.97057233,2.06584,-10.51999306,3.91123,1.22299,1.06,"L","L",0.04637,0.0547943805,0.019155,7.08958896788783,1.64848484848485e-07,0.418181818181818,0.121212121212121,0.0481500000000006
"GRB051109B",0.08,14.3,-6.591760035,-0.259637311,1.97,21.36742302,2.12549,-11.57511836,3.65548,1.251,1.06,"L","XRF/SNe-GRB, E",0.126645,0.00999999999999998,0.12217,3.7781688614362,2.48484848484848e-08,0.0787878787878788,0.145454545454545,0.0922000000000001
"GRB051221A",0.5465,1.4,-5.93930216,1.079181246,1.39,21.27394758,2.0589,-11.69464863,4.20075,1.09586,0.89,"S","S",0.085085,0.005,0.05576,0.204978044855436,2.12121212121212e-08,0.236363636363636,0.0363636363636364,0.0630000000000006
"GRB060223A",4.41,11.3,-6.171984936,0.130333768,1.74,22.49782636,2.01015,-10.9636,2.78682,1.1892,0.81,"L","XRR",0.23477,0.045,0.18005,1.09553641512797,2.90909090909091e-08,0.109090909090909,0.0727272727272727,0.1982
"GRB060502A",1.5026,28.4,-5.63638802,0.227886705,1.46,21.45692297,2.02719,-10.55284197,3.3865,0.897152,0.87,"L","L",0.075085,0.015,0.0205255,9.82783800045578,6.18181818181818e-08,0.127272727272727,0.0484848484848485,0.0567500000000001
"GRB060510B",4.9,275.2,-5.390405591,-0.244125144,1.78,22.00215742,2.1317,-12.2656,4.43617,1.00735,1.38,"L","XRR",0.31628,0.03,0.2313695,21.2895454410942,1.06666666666667e-07,0.0666666666666667,0.0484848484848485,0.2206
"GRB060607A",3.0749,102.2,-5.59345982,0.146128036,1.47,21.79614607,1.61002,-11.02273379,4.37412,3.43151,0.564,"L","SEE/L",0.02584,0.0120771535,0.163115,31.0697613299411,6.78787878787879e-08,0.0787878787878788,0.0484848484848485,0.0760999999999994
"GRB060904B",0.703,171.5,-5.790484985,0.387389826,1.64,21.59122827,2.18877,-11.11633856,3.87074,1.36265,1.58,"L","XRR/SNe-GRB, C",0.081295,0.136141492,0.04215,11.3430592104484,8.66666666666667e-08,0.127272727272727,0.0848484848484849,0.0866499999999997
"GRB060912A",0.937,5,-5.869666232,0.933487288,1.74,21.36738202,1.8948,-10.1079054,2.455171016,1.045731532,0.63,"L","SEE/XRR",0.156564864,0.0785,0.0289377854999999,0.579999999547827,3.75757575757576e-08,0.266666666666667,0.0545454545454545,0.147419953
"GRB061110A",0.7578,40.7,-5.974694135,-0.27572413,1.67,16.57386563,1.82722,-8.33235,2.24983,4.46435,1.98,"L","XRR",0.03335,0.0015,0.11946,4.02450144817196,4.60606060606061e-08,0.0727272727272727,0.0727272727272727,0.2103
"GRB061222A",2.088,71.4,-5.097453221,0.930949031,1.35,22.56660835,1.92748,-9.954677021,3.92091,1.35061,0.86,"L","L",0.024435,0.005,0.018075,16,9.57575757575758e-08,0.157575757575758,0.0242424242424242,0.02311
"GRB070714B",0.923,64,-6.142667504,0.431363764,1.36,21.64321572,2.07429,-10.74232143,3.22974,1.64623,0.93,"SEE","SEE/S-KNe",0.0946,0.00499999999999999,0.108425,8.40879728265565,5.45454545454545e-08,0.121212121212121,0.115151515151515,0.0993500000000003
"GRB070721B",3.626,340,-5.443697499,0.176091259,1.34,21.89473409,1.52512,-10.50863831,3.94739,2.5054,0.52,"L","L",0.10084,0,0.0914400000000002,21.3202068350191,1.21212121212121e-07,0.181818181818182,0.0666666666666667,0.3648
"GRB070810A",2.17,11,-6.161150909,0.278753601,2.04,21.93100401,2.17076,-10.77728353,3.36583,1.36994,1.02,"L","XRR",0.07187,0.01,0.077915,4.9906412396737,3.63636363636364e-08,0.121212121212121,0.0848484848484849,0.06175
"GRB080319B",0.937,50,-4.091514981,1.394451681,1.04,20.8771334,1.81426,-12.15181088,5.36799912,1.42250979,0.73,"L","SNe-GRB, C/XRF/L",0.087626454,0,0.075139905,0.179108908319785,6.06060606060606e-07,0.303030303030303,0.0121212121212121,0.0977794549999995
"GRB080319C",1.95,34,-5.443697499,0.716003344,1.37,21.75037415,1.61029,-8.91721463,3.19029,1.45203,1.94,"L","L",0.04713,0.199995173,0.02854,8.88502944558435,6.06060606060606e-08,0.181818181818182,0.0424242424242424,0.0500400000000001
"GRB080905B",2.374,128,-5.744727495,-0.301029996,1.78,22.33533151,1.86248,-10.11125904,3.67820615,1.36946226,0.375,"L","XRR",0.038825489,0.00558525,0.0333017515,28.0583333245587,1.21212121212121e-07,0.0606060606060606,0.0909090909090909,0.0323645699999995
"GRB080916A",0.6887,60,-5.397940009,0.431363764,1.17,21.7431239,1.88453,-10.75269955,3.60698,0.998947,0.83,"L","XRR",0.073495,0.01,0.0260505,6.3258975691903,6.06060606060606e-08,0.121212121212121,0.127272727272727,0.0591999999999997
"GRB081028A",3.038,260,-5.431798276,-0.301029996,1.25,20.90308999,2.51,-11.3994,4.75426,2.20023,0.945,"L","XRR/L",0.03025,5e-04,0.0547150000000001,32.5884964277169,1.21212121212121e-07,0.0606060606060606,0.23030303030303,0.0572000000000008
"GRB081203A",2.1,294,-5.113509275,0.462397998,1.54,21.66176916,2.03508,-10.9243983,4.02089,1.86904,0.82,"L","L",0.03932,0.0325,0.064395,82.9698740507662,1.81818181818182e-07,0.121212121212121,0.0363636363636364,0.0569499999999996
"GRB090418A",1.608,56,-5.337242168,0.278753601,1.48,22.02365981,2.03408,-10.04720756,3.52813657,1.52909667,0.98,"L","L",0.030759021,0.00353133200000001,0.0421545135,4.12921107301137,1.21212121212121e-07,0.181818181818182,0.0424242424242424,0.028659405
"GRB090429B",9.4,5.5,-6.508638306,0.204119983,0.47,21.03292483,2.00127,-10.92811799,3.19881,1.4371,0.74,"IS","XRR",0.148545,0.005,0.09107,1.01801767977434,1.81818181818182e-08,0.121212121212121,0.466666666666667,0.169750000000001
"GRB090516A",4.109,210,-5.045757491,0.204119983,1.84,21.19589965,2.09,-11.27490548,4.33113504,1.76098314,0.502,"L","XRR",0.029715315,0.4790870845,0.0533515885,64,3.63636363636364e-07,0.121212121212121,0.0666666666666667,0.0377960499999999
"GRB091109A",3.076,48,-5.795880017,0.113943352,1.31,21.89596701,1.96352,-11.14630179,3.37933883,1.06152816,0.89,"L","L",0.074268877,0.03,0.0337195714999999,16.7081067781536,1.21212121212121e-07,0.242424242424242,0.151515151515152,0.0594103399999995
"GRB091208B",1.063,14.9,-5.48148606,1.181843588,1.74,21.91211094,2.03333,-10.18045606,3.31388094,1.1606541,0.86,"L","XRR",0.052928177,0.034663611,0.030502454,2.89772326829494,1.21212121212121e-07,0.606060606060606,0.0666666666666667,0.036806415
"GRB100219A",4.6667,18.8,-6.431798276,-0.397940009,1.34,18.42501386,1.58721,-12.13548892,4.7218991,3.69298474,0.46,"L","L",0.103773463,0.005,0.7308534025,6.64771150189809,3.63636363636364e-08,0.0606060606060606,0.151515151515152,0.326395625
"GRB100316B",1.18,3.8,-6.698970004,0.113943352,2.23,21.41315218,2.23535,-11.1481304,3.5543767,1.36246063,1.08,"IS","L",0.207348761,0.02,0.13322096,0.445223531811273,1.21212121212121e-08,0.0606060606060606,0.109090909090909,0.10431242
"GRB100418A",0.6235,7,-6.468521083,0,2.16,15.61943666,2.26662,-12.48811664,5.54363,1.81145,0.84,"L","XRF/SNe-GRB, D, DE/L",0.075475,0.01,0.16786,0.963279857831632,3.03030303030303e-08,0.121212121212121,0.151515151515152,0.10745
"GRB100425A",1.755,37,-6.327902142,0.146128036,2.42,20.53466438,2.17077,-11.50168945,3.60199415,0.86819371,1.46,"L","XRF",0.115125536,0.035,0.0550768945,3.77353995290746,5.45454545454545e-08,0.121212121212121,0.193939393939394,0.0708590650000005
"GRB100513A",4.772,84,-5.853871964,-0.22184875,1.62,22.05240534,2.25722,-11.57186521,3.74522911,0.96306136,1.36,"L","XRR",0.128616618,0.025,0.0615694365,14.8708607591715,6.06060606060606e-08,0.0606060606060606,0.0848484848484849,0.0981768900000004
"GRB100621A",0.542,63.6,-4.677780705,1.10720997,1.9,22.28454803,2.3024,-9.804100348,3.64164386,0.94079321,0.27,"L","XRR/SNe-GRB, E",0.060455075,0.1506797915,0.024177265,1.68360084354133,0,0.181818181818182,0.0181818181818182,0.0412824764999993
"GRB100625A",0.452,0.33,-6.638272164,0.414973348,0.9,20.33244048,2.40449,-10.87942607,2.43862257,1.84657968,1.08,"S","S-KNe/S",0.239414064,0.175,0.242981501,213.358852640335,1.21212121212121e-08,0.121212121212121,0.0606060606060606,0.36164147
"GRB100704A",3.6,197.5,-5.22184875,0.633468456,1.73,21.52730245,2.11575,-10.35163999,3.62503495,1.01294211,1.29,"L","SEE/XRR",0.053639373,0.01,0.0181399595,23.2593145938513,1.21212121212121e-07,0.121212121212121,0.0363636363636364,0.0476344600000003
"GRB100724A",1.288,1.4,-6.795880017,0.278753601,1.92,21.01720452,1.94442,-10.67778071,2.86502502,1.11237691,0.83,"S","XRR/S",0.168928757,0.05,0.0650028685,0.15579471580594,1.21212121212121e-08,0.121212121212121,0.127272727272727,0.14742817
"GRB100728A",1.567,198.5,-4.420216403,0.707570176,1.18,21.52592288,1.90402,-10.17587417,4.03148606,1.5588143,0.96,"L","XRR",0.053762484,0.005,0.034265796,12.646583703569,0,0.121212121212121,0.0121212121212121,0.0760750999999997
"GRB100814A",1.44,174.5,-5.045757491,0.397940009,1.47,20.89608288,1.89414,-11.49349497,5.22729477,1.76532941,1.1425,"L","SEE/L",0.035347138,0.01745135,0.0840151685,9.46817490453253,1.21212121212121e-07,0.121212121212121,0.0242424242424242,0.0436263599999993
"GRB100816A",0.804,2.9,-5.698970004,1.037426498,0.73,21.34783526,1.91138,-11.5559552,3.97801299,1.04455013,1.09,"IS","SEE/S",0.112014005,0.015,0.0471751539999999,0.621173085986678,6.06060606060606e-08,0.242424242424242,0.145454545454545,0.0867492200000006
"GRB100901A",1.408,439,-5.677780705,-0.096910013,1.52,21.53188109,1.98285,-11.34103516,4.91124,1.50754,1.075,"L","VL/L",0.02425,5e-04,0.036255,22.5629902448915,1.81818181818182e-07,0.121212121212121,0.127272727272727,0.0282999999999998
"GRB100906A",1.727,114.4,-4.920818754,1.004321374,1.78,21.96198081,2.02817,-10.4698003,3.94074768,1.71220056,0.87,"L","SEE/XRR",0.039933316,0,0.0593400839999999,1.59114548550629,0,0.242424242424242,0.0181818181818182,0.0487430849999999
"GRB101219B",0.55,34,-5.677780705,-0.22184875,1.56,20.49692965,1.85684,-11.99567863,4.42003952,0.66918137,0.94,"L","XRR/XRF/SNe-GRB, B, AB",0.166829365,0.105,0.0393906275,5.42062428630735,2.42424242424242e-07,0.181818181818182,0.096969696969697,0.0894462749999994
"GRB110106B",0.618,24.8,-5.698970004,0.322219295,1.76,21.29748256,2.05121,-10.81530857,3.87203946,1.22519883,1.03,"L","XRR",0.058714404,0.005,0.049891228,16.6266176856008,6.06060606060606e-08,0.181818181818182,0.0666666666666667,0.0455435550000001
"GRB110213A",1.46,48,-5.229147988,0.204119983,1.83,21.56708403,1.96436,-9.896196279,3.84089,1.8412,1.1905,"L","XRR",0.023515,0.2263626645,0.02785,16,2.42424242424242e-07,0.363636363636364,0.0727272727272727,0.0358799999999997
"GRB110422A",1.77,25.9,-4.387216143,1.487138375,0.86,22.02088312,1.89199,-9.681936665,3.50066971,1.42239886,0.778,"L","L",0.029472713,0.005,0.0227797160000001,0.566646277192499,6.06060606060606e-07,0.606060606060606,0.0606060606060606,0.0241374065000004
"GRB110503A",1.613,10,-5,0.130333768,0.88,21.13638759,1.90907,-9.08249449,2.54166555,1.14649063,0.687,"L","L",0.028887961,0.001,0.00628991400000001,3.40544507260987,2.42424242424242e-07,0.0363636363636364,0.151515151515152,0.0289980710000002
"GRB110715A",0.82,13,-4.928117993,1.731588765,1.25,22.0746007,1.85342,-9.075720714,2.61109719,0.95853538,0.755,"L","XRR",0.035600881,0.0015,0.00955407599999997,4,1.21212121212121e-07,0.666666666666667,0.0727272727272727,0.0237765295000001
"GRB110731A",2.83,38.8,-5.22184875,1.041392685,1.15,21.95954126,1.85145,-12.08512818,5.08952072,1.42351927,0.39,"L","L",0.090702815,0.13,0.110855301,11.6624637198907,6.06060606060606e-08,0.181818181818182,0.0303030303030303,0.0974184950000003
"GRB110808A",1.348,48,-6.48148606,-0.397940009,2.32,14.56450155,2.33721,-12.08440021,4.50711,0.807091,1.4,"L","XRR",0.155655,0.025,0.0776,22.6274169979695,4.84848484848485e-08,0.121212121212121,0.260606060606061,0.0837000000000003
"GRB110818A",3.36,103,-5.397940009,0.204119983,1.58,22.06812647,1.95985,-11.28316228,3.84627415,1.37167718,0.83,"L","XRR",0.059648416,0.01,0.0673381894999999,18.0548005975559,1.21212121212121e-07,0.181818181818182,0.0666666666666667,0.0551490499999998
"GRB111008A",4.9898,63.46,-5.27572413,0.806179974,1.86,22.17059025,1.94053,-10.66756154,3.98993393,1.21584288,0.829,"L","XRR",0.035676696,0.001,0.0273512905000001,2.36485690984517,1.81818181818182e-07,0.424242424242424,0.0545454545454545,0.0285110849999999
"GRB111117A",2.211,0.47,-6.853871964,0.130333768,0.65,21.35810434,2.19593,-11.56224944,3.040958613,1.320391508,0.79,"S","S-KNe/S",0.16895411,0.045,0.11777667,0.0536656069364681,1.09090909090909e-08,0.121212121212121,0.133333333333333,0.1607292
"GRB111123A",3.1516,290,-5.13667714,-0.045757491,1.68,21.35034301,2.55463,-11.60730305,4.42202873,1.46723371,1.25,"L","XRR/L",0.070655771,0.00499999999999999,0.1058841465,88.090862182181,1.81818181818182e-07,0.0606060606060606,0.0424242424242424,0.0730882700000004
"GRB111209A",0.677,1400,-4.443697499,-0.301029996,1.48,21.14009932,1.81212,-9.057000407,4.13326,2.77382,0.2529,"L","UL/SNe-GRB, AB, A/B",0.010455,4.99999999999997e-05,0.0443499999999999,29.551808977086,6.06060606060606e-07,0.0606060606060606,0.0181818181818182,0.0209899999999994
"GRB111228A",0.714,101.2,-5.070581074,1.093421685,2.27,21.41342718,2.03824,-10.65757732,4.10627835,1.15297662,0.99,"L","SEE/XRR/SNe-GRB, E",0.037264425,0,0.0232992715,5.41590248878418,1.21212121212121e-07,0.303030303030303,0.0363636363636364,0.030118345
"GRB120118B",2.943,23.26,-5.744727495,0.342422681,2.08,21.451745,2.20884,-10.95467702,3.68307,1.0241,1.01,"L","XRR",0.131765,0.005,0.077156,19.6469605838771,6.06060606060606e-08,0.181818181818182,0.0666666666666667,0.1172
"GRB120327A",2.813,62.9,-5.443697499,0.591064607,1.52,22.16619025,1.75797,-10.15181088,3.48517215,1.44859414,0.63,"L","L",0.051679097,0.02,0.058002882,7.52171254966162,6.06060606060606e-08,0.121212121212121,0.0363636363636364,0.0436249200000001
"GRB120404A",2.876,38.7,-5.795880017,0.079181246,1.85,21.70983536,1.89579,-11.02687215,3.79948,1.90651,0.69,"L","XRR",0.068285,0.005,0.121385,16,6.06060606060606e-08,0.121212121212121,0.0787878787878788,0.11705
"GRB120422A",0.283,5.35,-6.638272164,-0.22184875,1.19,16.83373789,2.32199,-12.73992861,5.23266697,0.86153199,1.1,"L","XRR/SNe-GRB, A",0.217818621,0.035,0.2144519325,2.23606797749979,2.42424242424242e-08,0.121212121212121,0.145454545454545,0.11830242
"GRB120729A",0.8,71.5,-5.619788758,0.462397998,1.62,21.34792103,1.8831,-10.29756946,3.52138487,2.26312734,0.645,"L","XRR/SNe-GRB, D/E, DE, D",0.047294772,0.013331067,0.130088482,36.7435331717259,6.06060606060606e-08,0.121212121212121,0.0484848484848485,0.0690683199999995
"GRB120802A",3.796,50,-5.721246399,0.477121255,1.21,22.12127744,2.03526,-11.17198494,3.53838419,0.54215516,0.91,"L","XRR",0.220557212,0.055,0.11816229,31.0246002714191,1.81818181818182e-07,0.121212121212121,0.284848484848485,0.0780322099999999
"GRB120804A",1.3,0.81,-6.055517328,1.033423755,1.34,21.60814292,2.05668,-9.76498948,2.56606,1.09546,0.86,"S","S",0.17802,0.015,0.0370849999999999,0.0832345620352619,3.03030303030303e-08,0.363636363636364,0.0484848484848485,0.16554
"GRB120811C",2.671,26.8,-5.522878745,0.612783857,1.4,21.91722026,1.92121,-10.14327111,3.15909591,1.01613299,0.65,"L","XRR",0.084200302,0.090734018,0.03800099,3.69357928575403,1.81818181818182e-07,0.121212121212121,0.181818181818182,0.0529468600000005
"GRB120907A",0.97,16.9,-6.173925197,0.462397998,1.73,21.0438101,1.82021,-10.37675071,3.2113827,1.05329104,0.78,"L","XRR",0.062296694,0.005,0.0286472705,1.37043061304617,6.66666666666667e-08,0.242424242424242,0.151515151515152,0.0413034100000003
"GRB120922A",3.1,173,-5.207608311,0.301029996,1.58,21.0163605,2.06954,-10.59516628,3.59799,1.06622,1.17,"L","XRR",0.133375,0.00499999999999999,0.0356299999999999,30.2400963128712,4.24242424242424e-07,0.121212121212121,0.218181818181818,0.16365
"GRB121024A",2.298,69,-5.958607315,0.113943352,1.41,21.94617755,2.00683,-11.31158018,4.17178823,1.30353551,0.87,"L","L",0.065435085,0,0.06666149,32.0624390837628,6.06060606060606e-08,0.121212121212121,0.133333333333333,0.0633058950000001
"GRB121027A",1.773,62.6,-5.698970004,0.113943352,1.82,22.07736427,2.37144,-11.92081875,5.40919042,1.50995764,1.16,"L","XRR/UL",0.037953731,0,0.0589396935000001,4.82005846681452,6.06060606060606e-08,0.121212121212121,0.0545454545454545,0.0415841549999998
"GRB121128A",2.2,23.3,-5.161150909,1.11058971,1.32,22.04029767,1.98504,-9.617982957,3.23392922,1.54546584,0.9455,"L","XRR",0.029795568,0.0103377205,0.0324450009999999,1.630612160051,2.42424242424242e-07,0.242424242424242,0.109090909090909,0.0286900235000003
"GRB121211A",1.023,182,-5.886056648,0,2.36,21.66138196,2.0682,-11.2823295,4.20933518,1.15615612,0.95,"L","XRR/UL",0.063247159,0.00499999999999999,0.0746028285,39.28730733208,1.61818181818182e-07,0.181818181818182,0.157575757575758,0.0542507750000008
"GRB121229A",2.707,100,-6.337242168,-1,2.43,6.538102238,2.18362,-12.35951856,4.70907,0.900754,0.99,"L","XRF",0.38724,0.12,0.4243565,39.5546314794679,7.87878787878788e-08,0,0.278787878787879,0.2624
"GRB130408A",3.757,28,-5.638272164,0.69019608,1.28,20.06405721,2.03183,-10.32975415,3.58393,1.39277,0.945,"L","L",0.070305,0.117120218,0.0643,13.0660353517987,2.42424242424242e-07,0.606060606060606,0.157575757575758,0.077
"GRB130418A",1.218,300,-5.744727495,-0.22184875,2.07,21.12149747,1.68684,-9.247183569,2.59006,1.28449,0.198,"L","XRR/L",0.06867,0.003,0.031625,46.0880984824801,1.21212121212121e-07,0.121212121212121,0.103030303030303,0.0604700000000005
"GRB130420A",1.297,123.5,-5.148741651,0.531478917,1.52,20.79265849,2.29559,-10.8728952,3.56731,0.914676,1.17,"L","L",0.08535,0.00499999999999999,0.0286905,11.7367307263019,1.81818181818182e-07,0.121212121212121,0.151515151515152,0.0550499999999996
"GRB130505A",2.27,88,-4.677780705,1.477121255,1.18,20.71960885,1.92439,-8.91721463,3.24559,1.3304,0.724,"L","XRR",0.024355,0,0.0156499999999999,116.258229523501,6.06060606060606e-07,1.87878787878788,0.0424242424242424,0.0149749999999997
"GRB130511A",1.3033,5.43,-6.657577319,0.113943352,1.35,21.01365445,2.06879,-10.51570016,2.65954,1.16497,0.65,"L","L",0.089385,0.01,0.04916,2.21218447342499,2.42424242424242e-08,0.121212121212121,0.187878787878788,0.0838000000000001
"GRB130514A",3.6,204,-5.040958608,0.447158031,1.8,21.19799139,2.0604,-10.7212464,3.68772,1.17745,0.65,"L","XRR",0.078365,0.08,0.04188,12.8126975867004,1.21212121212121e-07,0.181818181818182,0.0303030303030303,0.0780000000000003
"GRB130603B",0.356,0.18,-6.200659451,0.806179974,0.82,21.35365854,2.20112,-10.51286162,3.52927,1.50729,0.84,"S","S-KNe/S",0.045125,0.0291441835,0.07082,0.0240000486373901,1.81818181818182e-08,0.181818181818182,0.0424242424242424,0.0433500000000002
"GRB130604A",1.06,37.7,-5.853871964,-0.096910013,1.51,21.35024026,2.08823,-8.316052869,2.071571247,1.742079764,0.98,"L","XRR",0.100184013,0.015,0.041653571,4.55927186783047,6.06060606060606e-08,0.121212121212121,0.0727272727272727,0.166441725
"GRB130606A",5.913,276.58,-5.537602002,0.414973348,1.52,20.24962877,1.86465,-10.18045606,3.30222,1.37571,0.44,"L","XRR/L",0.07782,0.045,0.05186,19.3109676637375,1.21212121212121e-07,0.121212121212121,0.0727272727272727,0.0681500000000002
"GRB130831A",0.4791,32.5,-5.187086643,1.133538908,1.93,19.84752454,1.79449,-9.89279003,3.31959,1.28481,1.01,"L","XRR/SNe-GRB, AB, A/B, B",0.089045,0.009011148,0.0672699999999999,1.86433148597529,1.21212121212121e-08,0.363636363636364,0.0303030303030303,0.0548150000000005
"GRB130925A",0.347,179,-4.387216143,0.86332286,1.85,21.99154725,2.69002,-10.62525165,5.84588,1.38344,1.5915,"L","UL",0.06424,0.206936072,0.12684,3.54089256630188,6.06060606060606e-07,0.363636363636364,0.0848484848484849,0.0623499999999995
"GRB131004A",0.717,1.54,-6.552841969,0.531478917,1.81,21.41915412,2.21436,-9.847711656,3.06764,2.37965,1.09,"S","S",0.2446,0.00999999999999998,0.27747,0.326337243913619,1.21212121212121e-08,0.121212121212121,0.0666666666666667,0.339855
"GRB131030A",1.295,41.1,-4.537602002,1.44870632,1.3,20.84178667,2.09466,-9.294136288,2.84594,1.11188,0.693,"L","L",0.027575,0.0075,0.00814999999999999,4.04266247219712,0,0.424242424242424,0.0181818181818182,0.0251749999999999
"GRB131105A",1.686,112.3,-5.148741651,0.544068044,1.45,21.32749584,2.24976,-10.91009489,3.9488,1.19347,0.94,"L","L",0.047885,0.005,0.0454399999999999,4.08680221617042,3.03030303030303e-07,0.363636363636364,0.0666666666666667,0.0333499999999995
"GRB131117A",4.042,11,-6.602059991,-0.15490196,-0.4,22.01669496,2.15896,-10.838632,2.87134,0.951056,0.86,"L","XRR",0.12461,0.025,0.0362555000000001,3.16227766016838,2.42424242424242e-08,0.0606060606060606,0.854545454545454,0.0823
"GRB140206A",2.73,93.6,-4.795880017,1.28780173,1.04,22.00531353,1.88134,-9.730487056,3.59073,1.22509,0.672,"L","SNe-GRB/L",0.021325,0.0219023355,0.0155449999999999,13.7528238777123,1.81818181818182e-07,0.303030303030303,0.0909090909090909,0.0129950000000001
"GRB140213A",1.2076,60,-4.920818754,1.371067862,1.8,20.99187128,1.96657,-10.12551818,3.829176603,1.108879519,0.83,"L","XRR",0.068643889,0.005,0.021746292,2.62312485984891,0,0.484848484848485,0.0242424242424242,0.0630358199999996
"GRB140419A",3.956,94.7,-4.795880017,0.69019608,1.21,22.04094236,1.87322,-10.00568285,3.68383,1.36898,0.678,"L","XRR/L",0.02442,0.001,0.017885,3.81721576852457,0,0.121212121212121,0.0242424242424242,0.0239850000000006
"GRB140423A",3.26,134,-5.026872146,0.322219295,1.33,21.81946365,2.06486,-10.85078089,3.90552,1.18974,0.77,"L","L",0.05495,0.149849463,0.045115,23.0119829578041,1.81818181818182e-07,0.121212121212121,0.0363636363636364,0.0503499999999999
"GRB140430A",1.6,173.6,-5.958607315,0.397940009,2,21.67796993,2.15785,-11.36251027,4.14388,0.875171,1.03,"L","XRR",0.13071,0.035,0.0833725,3.69174647045451,1.21212121212121e-07,0.121212121212121,0.133333333333333,0.0861000000000001
"GRB140506A",0.889,111.1,-5.552841969,1.037426498,1.68,21.81764402,1.74751,-9.903089987,3.30686,0.948932,0.9,"L","XRR",0.06882,0.047966029,0.01557,9.55670993835752,1.81818181818182e-07,0.545454545454546,0.096969696969697,0.0551599999999999
"GRB140509A",2.4,23.2,-5.920818754,0.204119983,1.59,20.90144742,1.93407,-11.09770006,3.58709,1.40649,0.86,"L","XRR/L",0.088715,0.22,0.10418,5.17115694874123,1.21212121212121e-07,0.242424242424242,0.121212121212121,0.0839500000000006
"GRB140512A",0.725,154.8,-4.853871964,0.832508913,1.45,21.32824297,1.84304,-9.504455662,3.53686,1.25134,0.871,"L","L",0.022285,0.002482817,0.0200600000000001,4.78706592379787,1.81818181818182e-07,0.181818181818182,0.0242424242424242,0.0150399999999999
"GRB140518A",4.707,60.5,-6,0,0.92,22.46148952,1.93772,-11.31158018,3.77824,1.64981,0.94,"L","XRR",0.070125,0,0.18819,2.42918916112475,6.06060606060606e-08,0.0606060606060606,0.36969696969697,0.0904500000000006
"GRB140614A",4.233,720,-5.886056648,NA,1.5,12.04338193,1.77015,-10.9589,3.70006,1.35595,0.83,"L","L",0.098945,0.05,0.093145,160.05867252182,2.42424242424242e-07,NA,0.278787878787879,0.1129
"GRB140629A",2.275,42,-5.619788758,0.62324929,1.86,21.74269921,1.95996,-9.847711656,2.85608,1.16056,0.815,"L","XRR",0.06161,0.0016785515,0.03501,11.5414884203924,1.21212121212121e-07,0.242424242424242,0.0666666666666667,0.0427850000000003
"GRB140903A",0.351,0.3,-6.853871964,0.397940009,1.99,21.07864529,1.63218,-11.30980392,4.29222,1.22723,0.57,"S","S-KNe/S",0.074155,0,0.110285,0.0341760284313824,6.06060606060606e-09,0.121212121212121,0.0727272727272727,0.0639500000000002
"GRB141004A",0.573,3.92,-6.173925197,0.785329835,1.86,21.49730845,1.79496,-10.61083392,3.30337,1.54959,1.08,"L","SNe-GRB, B/L",0.081935,0.00499999999999999,0.0977399999999999,1.07337229135984,1.81818181818182e-08,0.181818181818182,0.0484848484848485,0.0852999999999993
"GRB141121A",1.47,549.9,-5.27572413,-0.045757491,1.73,21.59590717,1.93447,-12.65757732,5.76634,2.33322,0.82,"L","XRR/UL",0.090095,0.01,0.2969,37.8222135391303,2.42424242424242e-07,0.181818181818182,0.0787878787878788,0.1675
"GRB141220A",1.3195,7.21,-5.585026652,0.949390007,0.62,21.48574413,1.80565,-9.872830386,2.77561,1.42066,1.1,"L","L",0.057375,0.07,0.050735,0.473776347689343,6.06060606060606e-08,0.424242424242424,0.23030303030303,0.0424549999999995
"GRB150120B",3.5,24.3,-6.26760624,0.079181246,2.2,21.52664292,2.01678,-10.79048499,3.39431,1.17705,0.92,"L","XRF",0.090535,0.005,0.057705,3.38828572567676,4.84848484848485e-08,0.121212121212121,0.151515151515152,0.0710999999999995
"GRB150314A",1.758,14.79,-4.657577319,1.58546073,1.08,22.01715025,1.84772,-8.609064893,2.49217,1.19079,0.73,"L","XRR",0.015855,0,0.00992499999999996,2.63134115747024,1.81818181818182e-07,0.545454545454546,0.0181818181818182,0.0150249999999996
"GRB150403A",2.06,40.9,-4.769551079,1.245512668,1.23,21.79039707,1.70996,-8.821023053,3.19694,1.24471,0.679,"L","L",0.006975,0,0.00458000000000003,12.0135891154935,1.81818181818182e-07,-0.363636363636364,0.0242424242424242,0.00510500000000036
"GRB150821A",0.755,172.1,-6.102372909,NA,2.1,22.340573,2.21622,-8.853871964,2.95174,1.82628,0.848,"L","XRF/SNe-GRB, E",0.015485,5e-04,0.027365,99.043754395434,1.15151515151515e-07,NA,0.224242424242424,0.0211049999999995
"GRB150910A",1.359,112.2,-5.318758763,0.041392685,1.42,20.842422,1.78547,-9.970616222,3.85419,2.03808,0.6645,"L","L",0.02868,0.0024587915,0.06663,38.5494757277456,2.42424242424242e-07,0.242424242424242,0.0727272727272727,0.703965
"GRB151021A",2.33,110.2,-4.552841969,0.986771734,1.57,22.33647975,1.96079,-9.642065153,3.15765,1.33346,1.27,"L","XRR",0.05208,0.04,0.02141,3.64878062317384,6.06060606060606e-07,0.484848484848485,0.0242424242424242,0.0628200000000003
"GRB151027A",0.81,129.69,-5.107905397,0.832508913,1.72,21.65076489,2.00612,-9.935542011,3.99907,1.74508,0.9235,"L","XRR",0.01731,0.0024409705,0.0249900000000001,5.47526252023579,1.21212121212121e-07,0.363636363636364,0.0303030303030303,0.0222100000000003
"GRB151029A",1.423,8.95,-6.408935393,0.255272505,0.49,21.55195354,2.307153,-10.76639985,2.7098,1.23481,1.25,"L","XRF",0.12415,0.33,0.0730099999999999,80.3451669908966,3.63636363636364e-08,0.181818181818182,0.654545454545455,0.0973500000000005
"GRB151031A",1.167,5,-6.494850022,0.230448921,2.41,21.98623592,2.12551,-11.5214335,3.69323,0.897942,1.24,"L","L",0.166825,0.01,0.1244685,2.23606797749979,1.81818181818182e-08,0.121212121212121,0.109090909090909,1.01707
"GRB151112A",4.1,19.32,-6.026872146,0.278753601,1.77,21.0151543,2.17922,-11.6171,4.43227,1.1526,1.24,"L","L",0.063015,0.00499999999999999,0.0685399999999999,24.1810874847648,7.27272727272727e-08,0.121212121212121,0.127272727272727,0.0472000000000001
"GRB151215A",2.59,17.8,-6.508638306,0.204119983,1.99,11.58323846,2.20942,-10.72815839,3.06337,1.07478,1.015,"L","XRR",0.11588,0.3543597095,0.071395,1.00345011433835,4.24242424242424e-08,0.121212121212121,0.2,0.093
"GRB160117B",0.87,60,-6.4710833,NA,1.73,20.95374423,1.83834,-11.74958,4.10299,0.973333,0.64,"L","XRF",0.162075,0.015,0.093958,2.4614955105327,NA,NA,NA,0.12265
"GRB160121A",1.96,12,-6.214670165,0.079181246,1.77,16.38465801,2.2054,-11.17263073,3.8244,0.798663,1.02,"L","XRR",0.120385,0.03,0.106048,2.38388672767792,3.03030303030303e-08,0.121212121212121,0.0787878787878788,0.0694000000000008
"GRB160203A",3.52,20.2,-5.920818754,0.113943352,1.93,22.0158332,1.75592,-11.36754271,3.66139836,1.146279559,0.61,"L","XRR",0.087010427,0.25,0.0601908999999999,3.23612604894565,6.06060606060606e-08,0.242424242424242,0.121212121212121,0.0845867900000004
"GRB160227A",2.38,316.5,-5.508638306,-0.22184875,0.75,21.4198963,1.72551,-10.99567863,4.47751,1.10229,0.679,"L","XRR",0.03885,0.001,0.03434,75.3682152632844,1.21212121212121e-07,0.0606060606060606,0.309090909090909,0.0305500000000007
"GRB160327A",4.99,28,-5.853871964,0.255272505,1.84,20.72655851,1.93554,-11.22402567,3.76407,1.49693,0.78,"L","XRR",0.06033,0.02,0.1004,9.22542076482328,6.06060606060606e-08,0.121212121212121,0.0666666666666667,0.0673000000000004
"GRB160804A",0.736,144.2,-4.943095149,0.462397998,1.4,21.30214687,1.87827,-11.5214335,4.38419,0.948229,0.92,"L","XRR",0.095375,0.00499999999999999,0.070062,19.2297524738119,1.81818181818182e-07,0.181818181818182,0.139393939393939,0.0587499999999999
"GRB161108A",1.159,105.1,-5.958607315,-0.22184875,1.85,21.16074757,2.00325,-11.81247928,4.69106,0.883711,0.84,"L","XRR",0.18179,0.00499999999999999,0.0812555,11.8942948022011,6.06060606060606e-08,0.0606060606060606,0.103030303030303,0.133550000000001
"GRB161117A",1.549,125.7,-4.698970004,0.832508913,1.19,21.87736847,1.92624,-10.74958,4.08464,1.141,1.375,"L","XRR",0.04019,0.674290141,0.0236499999999999,1.09562770301324,0,0.181818181818182,0.0727272727272727,0.0383499999999994
"GRB161129A",0.645,35.53,-5.443697499,0.531478917,1.57,21.51361441,1.74506,-10.43651891,3.70506,2.32574,0.71,"L","XRR/UL",0.050725,0.005,0.10628,2.09357115934511,6.06060606060606e-08,0.121212121212121,0.0363636363636364,0.106249999999999
"GRB161219B",0.1475,6.94,-5.823908741,0.72427587,1.29,21.16590877,1.86204,-10.13667714,4.0135,0.871656,0.73,"L","SNe-GRB, B",0.03841,0,0.00866800000000001,0.791979781306962,6.06060606060606e-08,0.242424242424242,0.212121212121212,0.0276999999999994
"GRB170202A",3.645,46.2,-5.48148606,0.672097858,1.68,21.7153121,1.99768,-10.65364703,3.77629,1.1958,1.04,"L","L",0.068655,0,0.059155,11.4483053739976,6.06060606060606e-08,0.181818181818182,0.0424242424242424,0.0448500000000003
"GRB170405A",3.51,164.7,-5.431798276,NA,1.59,13.21022485,1.8473,-10.31069114,3.6300738,1.81152426,0.612,"L","L",0.035670699,0.0475,0.072401387,35.3909366653105,1.81818181818182e-07,NA,0.0727272727272727,0.0482553450000003
"GRB170519A",0.818,216.4,-5.958607315,-0.15490196,1.94,21.33992622,1.97351,-11.06348626,4.1513,1.37345,0.975,"L","L",0.052235,0.2244236125,0.0667449999999999,49.4043300783148,1.21212121212121e-07,0.0606060606060606,0.157575757575758,0.0529999999999999
"GRB170531B",2.366,164.13,-5.698970004,-0.096910013,1.95,9.634585075,2.06685,-11.39577395,3.80257,1.02082,0.99,"L","L",0.11435,0.035,0.107427,8.82050386393155,1.21212121212121e-07,0.121212121212121,0.0848484848484849,0.0841500000000002
"GRB170705A",2.01,217.3,-5.022276395,1.1430148,1.65,21.08891889,1.89159,-10.18641901,3.63746,0.774169,0.66,"L","L",0.06603,0.00499999999999999,0.027333,18.0780517612736,1.81818181818182e-07,0.242424242424242,0.0303030303030303,0.0405499999999996
"GRB170714A",0.793,1000,-5.552841969,-0.397940009,1.76,21.06857915,1.84715,-10.075204,4.28080232,3.42119695,0.6815,"L","UL",0.023936409,0,0.1495769815,92.5864471189302,1.81818181818182e-07,0.121212121212121,0.103030303030303,0.066395795
"GRB170903A",0.886,29.2,-5.619788758,0.591064607,1.94,21.73970839,2.20256,-11.26042766,4.41384,0.971187,1.14,"L","L",0.065935,0.005,0.051271,3.59505880999471,1.21212121212121e-07,0.303030303030303,0.0727272727272727,0.0409499999999996
"GRB171205A",0.0368,189.4,-5.443697499,0,1.41,19.67443398,1.66173,-12.42945706,5.48376,1.13263,0.67,"L","SNe-GRB, B, A/L",0.109545,0.01,0.115455,35.1681973037813,1.81818181818182e-07,0.181818181818182,0.0848484848484849,0.0719000000000003
"GRB171222A",2.409,174.8,-5.721246399,-0.15490196,2.07,20.02880298,1.99001,-12.10957898,4.78231,0.718496,1.34,"L","L",0.378455,0.015,0.126956,22.6645693378338,1.21212121212121e-07,0.121212121212121,0.103030303030303,0.209750000000001
"GRB180205A",1.409,15.5,-6,0.531478917,2.04,21.4933967,1.88733,-10.30627305,3.21372,1.09633,1.03,"L","L",0.088815,0.00499999999999999,0.042095,3.12326232779722,6.06060606060606e-08,0.181818181818182,0.0787878787878788,0.0645499999999997
"GRB180329B",1.998,210,-5.48148606,0.146128036,0.97,21.41988474,1.86768,-11.14935376,4.02296,1.50063,0.77,"L","L",0.04314,0,0.069665,44.0459433119658,1.81818181818182e-07,0.242424242424242,0.339393939393939,0.0482499999999995
"GRB180404A",1,35.2,-5.886056648,0.113943352,1.95,20.48730103,1.62007,-11.62342304,4.20449,1.17089,0.72,"L","L",0.1242,0.065,0.10229,87.9465810827809,6.06060606060606e-08,0.121212121212121,0.0727272727272727,0.0661000000000005
"GRB180620B",1.1175,198.8,-5,0.556302501,1.3,21.21643247,1.99236,-10.98296666,4.6659,1.09835,0.9,"L","L",0.067125,0.005,0.0594450000000001,27.4443117973296,1.81818181818182e-07,0.121212121212121,0.121212121212121,0.0437000000000003
"GRB180624A",2.855,486.4,-5.236572006,0.146128036,1.91,21.1034582,2.06008,-11.54363397,4.171185481,1.243849338,0.95,"L","L",0.099379055,0,0.1233664435,38.5043168772254,1.81818181818182e-07,0.121212121212121,0.0606060606060606,0.0881499349999997
"GRB180720B",0.654,48.897,-4.065501549,1.831869774,1.36,21.24271531,1.8461,-8.847711656,3.62033,1.34127,0.729,"L","SNe-GRB",0.00614,0,0.00537499999999991,3.6884533781446,6.06060606060606e-07,1.57575757575758,0.0181818181818182,0.00497499999999995
"GRB180728A",0.117,8.68,-4.528708289,2.120573931,1.97,21.58733599,1.70111,-9.42365865,3.8695,1.1986,0.8595,"L","XRF/SNe-GRB, B",0.014745,0.0424864935,0.0091,0.297321378474679,3.63636363636364e-07,1.75757575757576,0.0181818181818182,0.0098849999999997
"GRB181010A",1.39,16.4,-6.161150909,0.146128036,1.52,22.27837171,1.76613,-9.928117993,3.15711,1.07011,1.115,"L","L",0.057805,0.007041969,0.033375,2.19279277929316,4.24242424242424e-08,0.121212121212121,0.0909090909090909,0.0346150000000005
"GRB181020A",2.938,238,-5.091514981,0.886490725,1.25,20.65703194,1.93674,-10.42365865,4.29043,2.64643,1.228,"L","L",0.047555,0.029531206,0.091985,11.58881809789,1.81818181818182e-07,0.181818181818182,0.0363636363636364,0.1418
"GRB181110A",1.505,138.4,-5.004364805,0.568201724,2.02,20.88432911,1.76057,-10.39577395,3.7664,1.92336,1.7505,"L","L",0.05473,0.141485526,0.07443,10.9277832336458,1.81818181818182e-07,0.181818181818182,0.0303030303030303,0.0907
"GRB190106A",1.859,76.8,-5.22184875,0.740362689,1.43,14.74289944,1.94587,-10.43297363,4.19124,1.26841,1.9365,"L","L",0.031095,0.225510462,0.0270050000000001,2.25272455297137,1.21212121212121e-07,0.181818181818182,0.127272727272727,0.0285500000000001
"GRB190114A",3.3765,66.6,-6.096910013,-0.301029996,2.06,21.6447605,1.83214,-10.75202673,3.74534,1.18375,0.86,"L","L",0.042215,0,0.04616,10.1838122893615,7.27272727272727e-08,0.121212121212121,0.133333333333333,0.0336500000000006
"GRB190627A",1.942,1.6,-7.004364805,0.041392685,2.38,21.25707831,1.95997,-11.39794001,4.71457,1.55937,0.964,"S","S",0.06135,0.023,0.11984,0.284871976186096,1.33333333333333e-08,0.181818181818182,0.23030303030303,0.0615500000000004
