"","Fbest","T_abest","F_min","F_max","T_amin","T_amax","logT90","logPeakFlux","errorlogPeakFlux","photon_index","errorphotonindex","logNH","T90_err","Gamma","Alpha","AlphaErr"
"GRB050128",-9.55803,2.89188,-9.63398,-9.48207,2.81994,2.96382,1.28330122870355,"0.8704039052790271",0.0427270851468159,"0.7","-0.3",21.0284541237804,9.05538513813742,1.9874,1.144,1.144035
"GRB050607",-11.5579,3.86029,-11.6181,-11.4977,3.77922,3.94135,1.42160392686983,"-0.022276394711152253",0.0640012920699529,"1.92","0.16",21.3651509014936,35.7770876399966,2.32143,1.06876,1.068755
"GRB050712",-11.5943,4.37043,-11.6532,-11.5354,4.28876,4.45211,1.71264970162721,"-0.2596373105057561",0.142132739531973,"1.50","0.18",21.2692583637097,7.60321327139796,2.12609,1.05095,1.050955
"GRB050726",-10.4166,3.47822,-10.4579,-10.3752,3.44173,3.51471,1.69810054562339,"0.13987908640123647",0.119588335596548,"0.90","0.21",20.8995972811555,14.3682227284407,2.0163,1.62475,1.62475
"GRB050814",-11.2842,3.70038,-11.3554,-11.2131,3.57617,3.8246,2.17868923977559,"-0.14874165128092473",0.152920592219455,"1.80","0.17",20.6450251308765,42.786277159289,1.97267,0.874744,0.874744
"GRB050822",-11.399,4.40868,-11.437,-11.3609,4.36072,4.45664,2.01452053875792,"0.35024801833416286",0.0426539223297837,"2.37","0.14",20.9321260884913,16.3472248307154,2.1128,1.01745,1.0174525
"GRB050922B",-11.4892,5.27032,-11.5873,-11.3912,5.14832,5.39231,2.17868923977559,"0.004321373782642578",0.154798033153634,"2.17","0.26",21.2649712151637,93.6613105076492,2.61464,1.39422,1.39422
"GRB051016A",-11.125,3.3379,-11.1878,-11.0622,3.2291,3.44669,1.36172783601759,"0.14301480025409505",0.118727987858443,"1.89","0.27",21.6708032110514,6.08276253029822,3.23262,0.932183,0.9321825
"GRB060105",-8.89733,2.92025,-8.90787,-8.88679,2.9099,2.93059,1.73559889969818,"0.8715729355458788",0.0210142491243509,"1.07","0.04",21.5320418575274,1.58020250506331,2.05166,1.53134,1.531335
"GRB060108",-11.5749,4.05409,-11.6456,-11.5041,3.95692,4.15126,1.15533603746506,"-0.11350927482751812",0.0676822569199873,"2.03","0.17",20.8823508992935,2.08302088658982,2.00568,1.13879,1.13879
"GRB060109",-11.3666,4.15565,-11.4254,-11.3077,4.09875,4.21255,2.06220580881971,"-0.3279021420642826",0.110883697507213,"1.93","0.24",21.5069715468501,10.9745261292203,2.26511,1.53216,1.532155
"GRB060219",-11.4924,3.90781,-11.6133,-11.3714,3.75205,4.06358,1.79309160017658,"-0.25181197299379954",0.131839396292059,"2.56","0.34",21.5804014551,6.30087866724245,3.21868,1.06824,1.068242
"GRB060312",-11.3551,3.66183,-11.4747,-11.2355,3.52387,3.79979,1.7041505168398,"0.1846914308175988",0.0397393643571603,"1.88","0.09",21.1217597115228,12.3476775316329,1.85164,0.9863,0.9863
"GRB060413",-10.4853,4.54121,-10.5993,-10.3713,4.42835,4.65407,2.16938049531195,"-0.03151705144606486",0.0560379976649357,"1.68","0.08",22.3248851093962,26.8067693610075,1.31375,1.1418,1.141835
"GRB060421",-10.5758,3.24342,-10.682,-10.4697,3.11085,3.37599,1.08635983067475,"0.46834733041215726",0.0265894580757093,"1.55","0.08",22.0952432972889,3.32943478934868,1.55318,1.42445,1.42445
"GRB060510A",-9.89639,4.09985,-9.92544,-9.86735,4.07175,4.12796,1.3096301674259,"1.167317334748176",0.0333845418061683,"1.57","0.07",21.5889179043502,1.13971924174702,1.88675,1.4927,1.492795
"GRB060719",-11.0124,3.78765,-11.0634,-10.9614,3.73221,3.84308,1.82542611776782,"0.3344537511509309",0.0402124520280789,"1.91","0.11",21.523873875843,11.5260985515568,2.57067,1.15629,1.15629
"GRB060805A",-12.0257,3.86318,-12.1342,-11.9172,3.74597,3.98038,0.724275869600789,"-0.46852108295774486",0.140507038262817,"2.20","0.42",20.9841932506923,1.73462734396577,2.29321,1.43902,1.439025
"GRB060807",-11.3182,4.29504,-11.3624,-11.2741,4.25608,4.33399,1.73239375982297,"-0.08092190762392612",0.0837194181982172,"1.58","0.21",21.1668680360146,11.6963052412946,2.11164,1.75608,1.75608
"GRB060813",-9.43514,2.80308,-9.4576,-9.41267,2.76869,2.83747,1.20682587603185,"0.9464522650130731",0.0191600506722023,"1.0","-0.2/0.2",21.6081557627479,3.37232025553383,1.91821,1.08339,1.083385
"GRB060923A",-11.0023,3.72998,-11.0757,-10.9289,3.64733,3.81264,1.71349054309394,"0.12057393120584989",0.085542852496095,"1.70","0.23",21.2185460079791,4.31663248830958,1.95494,1.15018,1.15018
"GRB060923C",-11.3585,3.98473,-11.4606,-11.2563,3.79913,4.17033,1.87966920563205,"-0.017728766960431602",0.162860430713719,"2.27","0.24",21.194356135527,11.1502351458394,2.23639,0.816344,0.816344
"GRB061019",-11.1221,4.18079,-11.1832,-11.061,4.09033,4.27125,2.26434550705009,"0.32633586092875144",0.0901365905836938,"1.92","0.26",22.072744953761,6.405797365844,2.08231,1.02077,1.0207685
"GRB061202",-11.0231,4.68769,-11.0914,-10.9547,4.60119,4.77419,1.95999483832842,"0.3996737214810381",0.0294143673002202,"1.58","0.07",21.8427939002985,36.2314643358444,2.21627,1.47495,1.474955
"GRB070103",-10.9987,3.53314,-11.0682,-10.9293,3.46645,3.59984,1.26951294421792,"0.01703333929878037",0.0626386271975844,"1.95","0.21",21.5213303341844,2.00141552168192,2.31333,1.4608,1.460885
"GRB070107",-9.99381,3.36646,-10.1004,-9.88717,3.2478,3.48513,2.54070478331076,"0.2944662261615929",0.050704431897334,"1.33","0.1",21.5918972083864,32.9090465269772,2.07615,1.07545,1.075445
"GRB070129",-11.6028,4.49461,-11.6383,-11.5673,4.44778,4.54144,2.66332393362821,"-0.2596373105057561",0.0947551596879822,"2.01","0.15",21.2135586610946,24.2660876097569,2.27617,1.08993,1.089925
"GRB070224",-12.3077,4.34243,-12.4451,-12.1703,4.07022,4.61465,1.53781909507327,"-0.46852108295774486",0.140507038262817,"2.42","0.3",20.783454051921,20.2237484161567,2.18172,0.732455,0.732455
"GRB070328",-9.2568,3.02881,-9.26794,-9.24566,3.01584,3.04179,1.8767949762007,"0.6253124509616739",0.0246992122409432,"1.24","0.04",21.3970043998704,9.12248740228675,2.14125,1.41933,1.419335
"GRB070420",-10.1688,3.73139,-10.1957,-10.1419,3.70192,3.76086,1.88366143515362,"0.8524799936368563",0.0463572761582123,"1.2","-0.2/0.2",21.6101158896311,5.60807597683475,1.97643,1.36588,1.365885
"GRB070517",-11.5013,3.81016,-11.6312,-11.3715,3.66311,3.9572,0.880813592280791,"-0.022276394711152253",0.0777158546563714,"1.94","0.25",21.1991710643245,3.16227766016838,2.1231,1.1757,1.175705
"GRB070621",-10.6032,3.27723,-10.6756,-10.5307,3.17351,3.38095,1.52244423350632,"0.3979400086720376",0.0521153378283902,"1.57","0.06",21.6530628976851,2.77631123696316,2.67361,1.08208,1.08208
"GRB070628",-10.3432,3.97958,-10.4665,-10.2199,3.88113,4.07804,1.59217675739587,"0.7075701760979364",0.025546734229603,"1.91","0.09",21.8755826826928,4.03407337007759,2.03993,1.2331,1.233115
"GRB080129",-11.0339,3.99429,-11.106,-10.9617,3.90781,4.08077,1.68124123737559,"-0.6989700043360187",0.217147240951626,"1.34","0.26",21.9206001619667,35.7770876399966,2.00581,1.08095,1.08095
"GRB080205",-9.73889,2.81358,-9.92239,-9.55539,2.68249,2.94466,2.02734960777476,"0.146128035678238",0.0620420688433217,"2.08","0.12",21.3315932887924,4.95726093935357,1.82123,1.56547,1.56547
"GRB080212",-11.2568,4.19497,-11.3078,-11.2059,4.14746,4.24248,2.0899051114394,"0.07918124604762482",0.108573620475813,"0.31","0.64",21.2333880683653,13.2866805477133,2.15526,1.48484,1.484835
"GRB080218B",-11.3313,3.70035,-11.4156,-11.2471,3.56995,3.83074,0.792391689498254,"0.4913616938342727",0.0840569964974036,"0.11","2.44",21.643760521623,0.92329843911248,2.2987,1.18194,1.181945
"GRB080229A",-9.54636,3.68741,-9.56703,-9.52569,3.66398,3.71084,1.80617997398389,"0.7558748556724915",0.0152384028737983,"1.91","0.06",21.4152739093529,16,1.80704,1.27632,1.27632
"GRB080328",-9.62397,3.21924,-9.66289,-9.58505,3.16983,3.26866,1.95712819767681,"0.7403626894942439",0.0236887899219956,"1.52","0.04",21.672850290861,1.42857690277162,1.95126,1.14608,1.14608
"GRB080409",-11.4191,3.60854,-11.5586,-11.2796,3.4457,3.77137,1.30535136944662,"0.568201724066995",0.0352130661002637,"2.10","0.2",21.7301828910411,10.2328170104824,2.07321,1.2996,1.29963
"GRB080605",-8.99918,2.73047,-9.015,-8.98337,2.71291,2.74803,1.30102999566398,"1.2988530764097066",0.0130943059870327,"1.11","0.14",21.7380841782878,0.939105951293475,1.7467,1.29386,1.293855
"GRB080707",-11.568,4.01305,-11.6534,-11.4827,3.8997,4.12641,1.43296929087441,"0.",0.0434294481903252,"1.77","0.19",21.5584229460035,6.13460347783576,2.07126,1.04373,1.0437345
"GRB081126",-9.95186,3.42034,-9.99333,-9.91038,3.36829,3.47239,1.73239375982297,"0.568201724066995",0.0234753774001758,"1.27","0.06",21.6934587288331,5.85040066050243,2.05246,1.41484,1.414845
"GRB081222",-10.7863,4.05592,-10.8488,-10.7238,4.00316,4.10869,1.38021124171161,"0.8864907251724818",0.0112803761533312,"1.08","0.15",21.472879262713,4,1.99296,1.36844,1.36844
"GRB090113",-10.0724,3.04433,-10.1413,-10.0035,2.94916,3.1395,0.959041392321094,"0.3979400086720376",0.0347435585522601,"1.60","0.1",21.4966792341692,0.900222182982103,2.25448,1.27448,1.274485
"GRB090404",-11.1402,4.3431,-11.1753,-11.1051,4.28894,4.39726,1.92427928606188,"0.2787536009528289",0.0457152086213949,"2.32","0.08",21.5865164166267,13.6181431809718,2.57252,0.979951,0.97995
"GRB090407",-11.7256,4.89641,-11.7699,-11.6814,4.85239,4.94043,2.49136169383427,"-0.2218487496163564",0.072382413650542,"1.73","0.29",21.4704149015271,48.109316858525,2.34527,1.44641,1.44641
"GRB090518",-11.0436,3.67955,-11.1011,-10.9861,3.59791,3.76118,0.838849090737255,"0.38021124171160603",0.036191206825271,"1.54","0.14",21.8471393823925,24.4210112852475,2.58544,1.07718,1.077185
"GRB090727",-12.3566,5.35407,-12.4559,-12.2573,5.21857,5.48957,2.48000694295715,"-0.3010299956639812",0.0868588963806504,"1.24","0.24",21.4201277808955,22.9451398031511,1.59799,1.21998,1.21998
"GRB090728",-11.0749,3.64639,-11.1369,-11.0129,3.59735,3.69543,1.77085201164214,"0.",0.130288344570976,"2.05","0.26",20.9836731865922,17.8473098301119,1.87788,1.87025,1.87025
"GRB090807",-11.2763,4.08802,-11.4878,-11.0648,3.96241,4.21363,2.14860265480609,"-0.1549019599857432",0.124084137686643,"2.25","0.14",21.5072971338106,9.19314047743804,2.35238,2.054,2.054065
"GRB090813",-9.61111,3.00808,-9.64409,-9.57812,2.97521,3.04095,0.851258348719075,"0.9294189257142927",0.0306560810755237,"1.69","0.12",21.3222399749312,0.565416659857746,1.89556,1.2342,1.234215
"GRB090904A",-11.7199,4.37117,-11.7883,-11.6514,4.29275,4.44959,2.08635983067475,"0.2787536009528289",0.0457152086213949,"2.01","0.1",21.0032700556617,9.36861675253685,1.56773,1.26809,1.26809
"GRB100302A",-12.0003,4.23746,-12.079,-11.9216,4.11072,4.3642,1.25285303097989,"-0.3010299956639812",0.0868588963806504,"1.72","0.19",16.7286215820148,1.67630069013583,1.9307,0.842899,0.8428985
"GRB100305A",-11.775,4.35979,-11.845,-11.7051,4.31458,4.40501,1.84323277809801,"-0.045757490560675115",0.144764827301084,"1.27","0.23",21.1651493230937,8.07630802950526,2.09053,2.08702,2.087025
"GRB100424A",-8.68223,2.66885,-8.72205,-8.64241,2.6454,2.69231,2.01703333929878,"-0.3979400086720376",0.108573620475813,"1.83","0.13",21.3018652089066,15.111876277615,1.65736,2.13779,2.137795
"GRB100522A",-10.5759,3.86836,-10.6125,-10.5393,3.8129,3.92382,1.54777470538782,"0.8512583487190752",0.0183504710663346,"1.89","0.08",21.6868694388793,16,2.27533,1.01657,1.016576
"GRB100606A",-8.53703,2.19646,-8.65279,-8.42128,2.11336,2.27957,2.68124123737559,"0.2041199826559248",0.108573620475813,"1.35","0.1",21.2663281435841,144,1.77395,1.49601,1.49601
"GRB100725A",-9.86238,2.52661,-10.1712,-9.55351,2.46117,2.59204,2.14921911265538,"-0.1549019599857432",0.0620420688433217,"1.23","1.86536",21.0351334362852,26.6855793227588,1.86536,4.9463,4.946345
"GRB100725B",-11.0882,4.41393,-11.1369,-11.0396,4.35682,4.47104,2.30102999566398,"0.38021124171160603",0.0180956034126355,"1.89","0.06",21.6870507065163,25.9666370298428,2.61517,1.35267,1.35267
"GRB100727A",-11.2837,4.2408,-11.3637,-11.2038,4.12444,4.35716,1.92427928606188,"0.07918124604762482",0.036191206825271,"1.81","0.13",21.3704224093627,13.0586939494838,2.16468,0.84082,0.840828
"GRB100802A",-12.205,4.8136,-12.2881,-12.122,4.59728,5.02992,2.68752896121463,"-0.045757490560675115",0.0482549424336946,"1.85","0.1",21.0705952537691,26.4194649626413,2.0718,0.628651,0.628651
"GRB101011A",-9.66783,2.23005,-9.82756,-9.50811,2.14366,2.31644,1.85430604180108,"0.11394335230683679",0.0668145356774233,"1.24","0.14",21.1476763242411,18.5808904171171,1.80947,2.42724,2.427245
"GRB101024A",-10.4259,3.43724,-10.464,-10.3877,3.39373,3.48075,1.2718416065365,"0.7403626894942439",0.0157925266146637,"1.15","0.31",20.9146408720964,0.488491546585049,1.81907,1.40772,1.40772
"GRB110102A",-10.4417,4.06295,-10.4651,-10.4183,4.0381,4.08781,2.42160392686983,"0.9242792860618817",0.0155105172108304,"1.60","0.04",21.1999717221478,5.09061884640017,2.12056,1.30042,1.30042
"GRB110201A",-9.38832,2.8541,-9.53723,-9.23941,2.64739,3.06081,1.11394335230684,"0.04139268515822508",0.0394813165366593,"1.09","0.11",21.4481077867832,2.28123211973421,1.90764,1.16111,1.1611125
"GRB110208A",-11.4309,3.31036,-11.5302,-11.3317,3.13233,3.48839,1.57287160220048,"-0.2218487496163564",0.072382413650542,"2.08","0.31",20.7561026100651,7.9086787835079,2.09745,1.00193,1.001933
"GRB110312A",-11.0279,4.1347,-11.0918,-10.9641,4.0062,4.26321,1.45788189673399,"0.07918124604762482",0.108573620475813,"2.32","0.26",21.6134707695839,7.10696333975949,2.22412,0.982892,0.9828895
"GRB110315A",-9.65017,2.90525,-9.71547,-9.58486,2.82513,2.98537,1.88649072517248,"0.2304489213782739",0.0510934684592061,"1.77","0.08",21.4240331176752,11.8127735561507,2.11774,1.37716,1.377155
"GRB110318B",-10.6991,3.39365,-10.8565,-10.5416,3.13859,3.64872,0.681241237375587,"-0.1549019599857432",0.0620420688433217,"1.09","0.17",21.7707850220727,0.56483621211635,2.36875,1.10524,1.105238
"GRB110319A",-10.6395,3.34438,-10.7054,-10.5736,3.26622,3.42254,1.28555730900777,"0.3424226808222063",0.0394813165366593,"1.31","0.43",20.985032421261,1.61819281108566,2.22404,1.08335,1.08335
"GRB110402A",-12.0969,4.12739,-12.2781,-11.9156,4.01348,4.2413,1.78461729263288,"0.6127838567197355",0.0741478383737259,"1.59","0.17",20.8487936282468,6.93581545664705,2.16612,2.25288,2.25288
"GRB110411A",-10.7226,3.97634,-10.8192,-10.6259,3.83947,4.11321,1.90471554527868,"0.11394335230683679",0.0668145356774233,"1.51","0.31",22.0403728707594,5.30609654362747,2.89624,1.16433,1.164331
"GRB110414A",10.7304,3.69168,-10.9137,-10.5472,3.58272,3.80064,2.18184358794477,"0.04139268515822508",0.118443949609978,"1.70","0.14",21.5938944285243,73.1710325197069,2.23623,1.61374,1.613735
"GRB110420A",-10.3969,3.75189,-10.4416,-10.3522,3.70938,3.79439,1.07188200730613,"1.146128035678238",0.0279189309794948,"2.30","0.07",21.1500069040069,1.33804779251485,2.04862,1.1552,1.15526
"GRB110530A",-11.1955,3.83408,-11.2482,-11.1427,3.75544,3.91271,1.29225607135648,"-0.3979400086720376",0.108573620475813,"2.06","0.24",21.3858367638158,15.5237624408228,2.13305,1.16745,1.16745
"GRB110610A",-10.0085,3.10642,-10.0839,-9.93313,2.99638,3.21647,1.66651798055488,"0.6232492903979004",0.0206806896144406,"1.51","0.05",21.9789224305269,5.75076100492169,2.28925,1.06138,1.06138
"GRB110801A",-10.366,3.50689,-10.4497,-10.2822,3.43566,3.57812,2.5854607295085,"0.04139268515822508",0.0789626330733185,"1.84","0.1",21.3905023625177,8.96954068200079,2.04784,1.39929,1.39929
"GRB110820A",-11.9925,4.70932,-12.2205,-11.7645,4.4689,4.94975,2.40823996531185,"-0.3979400086720376",0.108573620475813,"1.92","0.28",21.7001635411957,8.74726584150895,1.81873,1.3371,1.3370975
"GRB111107A",-11.3845,3.50884,-11.4878,-11.2812,3.34655,3.67113,1.42488163663107,"0.07918124604762482",0.072382413650542,"1.49","0.14",21.5667520502364,6.6125505253912,2.11569,0.947197,0.9471985
"GRB111121A",-10.4143,3.3955,-10.5383,-10.2903,3.25343,3.53757,2.07554696139253,"0.8512583487190752",0.0183504710663346,"1.66","0.12",21.5516865996055,21.4402925626757,1.90432,1.30357,1.30357
"GRB111129A",-10.5301,3.4323,-10.5742,-10.486,3.37826,3.48634,0.880813592280791,"-0.045757490560675115",0.0965098848673893,"2.56","0.38",21.2732976492781,1.14318327726811,1.96497,1.20903,1.20903
"GRB120102A",-10.0397,3.80062,-10.1285,-9.95087,3.72425,3.87699,1.58771096501891,"1.0128372247051722",0.0168658051224564,"1.59","0.05",21.4339185723075,3.47558575518052,2.02376,1.23,1.2308
"GRB120116A",-10.8231,3.46641,-10.8916,-10.7546,3.33106,3.60177,1.61278385671974,"0.6127838567197355",0.0317776450173111,"1.31","0.41",21.1083004429334,4.13373632343684,2.09196,0.747488,0.7474885
"GRB120119A",-9.53847,2.93291,-9.58788,-9.48906,2.85231,3.01351,2.40449161775869,"1.0128372247051722",0.0126493538418423,"1.38","0.04",22.0220281244648,24.4826720940004,1.61077,1.17477,1.17477
"GRB120211A",-11.7685,4.12098,-11.9194,-11.6176,3.94793,4.29402,1.79028516403324,"-0.3010299956639812",0.173717792761301,"1.50","0.22",20.5834866962566,6.15509932974362,1.22131,1.29054,1.29054
"GRB120213A",-10.2817,3.80607,-10.6005,-9.96298,3.6383,3.97385,1.68930885912362,"0.2304489213782739",0.025546734229603,"2.37","0.09",21.2745547700684,12.7803794789734,2.22073,1.7873,1.78736
"GRB120215A",-10.2817,3.80607,-10.6005,-9.96298,3.6383,3.97385,1.42324587393681,"-0.2218487496163564",0.072382413650542,"1.62","0.22",20.9743960804097,8.50432734691697,2.14101,1.7873,1.78736
"GRB120224A",-10.5659,3.93181,-10.6509,-10.4809,3.86067,4.00295,0.910090545594068,"-0.045757490560675115",0.0965098848673893,"2.25","0.36",21.5104712811198,2.10520116432153,2.22324,1.69152,1.69152
"GRB120308A",-10.5768,3.93915,-10.6639,-10.4896,3.86598,4.01233,1.78247262416629,"0.7781512503836435",0.0072382413650542,"1.71","0.13",20.7536382038973,17.1355564828552,1.65025,1.68971,1.689705
"GRB120324A",-10.5957,3.9494,-10.6854,-10.506,3.87791,4.02088,2.07188200730613,"0.7708520116421442",0.014721846844178,"1.34","0.04",22.050269911888,9.59318427639077,2.06101,1.1,1.770505
"GRB120326A",-11.9574,5.31014,-12.1521,-11.7627,5.2289,5.39138,1.84260923961056,"0.6627578316815741",0.0188823687784023,"1.41","0.34",21.5428316488986,8.3293170973786,1.86299,2.9804,2.98043
"GRB120701A",-10.0266,2.75708,-10.1374,-9.9158,2.62317,2.891,1.13987908640124,"0.2041199826559248",0.0542868102379065,"1.05","0.1",21.2091261201048,0.685521691838888,2.04485,1.15833,1.15833
"GRB120703A",-10.1351,3.20671,-10.1772,-10.0931,3.14763,3.2658,1.40140054078154,"1.021189299069938",0.0165445516915524,"1.51","0.06",21.1449942893595,4.28224241823782,1.9962,1.08348,1.08348
"GRB120728A",-10.6692,3.21922,-10.866,-10.4723,2.90747,3.53097,1.34360550810417,"0.38021124171160603",0.0904780170631775,"1.79","0.13",21.714329759749,2.59457896177031,2.64225,1.10643,1.1064275
"GRB120927A",-10.5667,3.51032,-10.6417,-10.4916,3.43593,3.58471,1.63346845557959,"0.2041199826559248",0.0542868102379065,"0.63","0.38",21.4414814698903,18.8572639594741,1.7477,1.61279,1.612785
"GRB121123A",-11.3875,4.43356,-11.531,-11.2439,4.32374,4.54339,2.50105926221775,"0.414973347970818",0.0334072678387117,"0.96","0.2",20.7584031522204,13.8670995923469,1.93494,1.3998,1.399875
"GRB121209A",-9.86315,3.27553,-9.98028,-9.74603,3.17008,3.38099,1.63042787502502,"0.5314789170422551",0.0383201013444046,"1.43","0.08",21.7181835326131,2.04418786715703,2.29895,1.1864,1.18646
"GRB121217A",-10.8368,4.50576,-10.8692,-10.8044,4.47045,4.54107,2.89097959698969,"0.25527250510330607",0.0241274712168473,"1.53","0.08",21.6003031960224,16.1585826231588,1.94438,1.32254,1.322545
"GRB130131A",-11.3112,3.64265,-11.3739,-11.2486,3.55555,3.72976,1.71264970162721,"-0.1549019599857432",0.0620420688433217,"2.12","0.32",21.4328234331816,2.44209745843414,2.35898,1.155,1.154995
"GRB130211A",-13.0315,5.16051,-13.1603,-12.9028,4.96958,5.35143,1.39967372148104,"-0.1549019599857432",0.124084137686643,"1.81","0.24",21.3344712762284,6.40130267546355,2.20071,1.04156,1.041562
"GRB130427B",-11.2077,3.91798,-11.283,-11.1324,3.85314,3.98283,1.43136376415899,"0.47712125471966244",0.0579059309204336,"1.64","0.15",20.6478971480755,8.45389189457727,1.8144,1.86416,1.864155
"GRB130504A",-10.2688,3.7513,-10.3222,-10.2154,3.7109,3.79169,1.69897000433602,"-0.045757490560675115",0.0965098848673893,"0.52","0.68",22.2632927574534,25.3356602599086,1.93992,1.63821,1.63821
"GRB130527A",-9.93338,3.25596,-10.0128,-9.85399,3.1844,3.32751,1.64345267648619,"1.3031960574204888",0.030249366898734,"1.25","0.05",21.1632478673251,15.6084166746223,1.66746,1.71904,1.719045
"GRB130528A",-10.9087,3.9777,-11.0022,-10.8151,3.87308,4.08233,1.77378644498119,"0.47712125471966244",0.0289529654602168,"1.39","0.19",21.5356447061123,3.5477232088438,1.91315,1.11496,1.114955
"GRB130603A",-11.2718,4.38521,-11.4414,-11.1022,4.21363,4.55679,1.88081359228079,"-0.09691001300805639",0.0542868102379065,"1.83","0.12",21.6723722084131,22.4253927685239,2.32319,1.0884,1.0884765
"GRB130608A",-11.8323,3.62551,-11.9463,-11.7183,3.36649,3.88452,2.18006850090122,"-0.2218487496163564",0.217147240951626,"2.71","0.41",20.8208579897214,10.8413366403143,2.38733,0.5463,0.5463
"GRB130725B",-10.3642,3.06254,-10.4722,-10.2562,2.90744,3.21764,1,"0.3424226808222063",0.0394813165366593,"2.23","0.17",20.8639548042813,NA,1.94128,0.9482,0.9482065
"GRB130812A",-10.3117,2.6882,-10.3708,-10.2526,2.60488,2.77152,0.880813592280791,"0.4471580313422192",0.0310210344216608,"2.52","0.11",21.4473890765796,0.532781386325794,2.00858,0.933759,0.9337595
"GRB130816A",-10.4298,2.83295,-10.7422,-10.1175,2.56155,3.10435,1.47668674294564,"0.17609125905568124",0.0579059309204336,"1.86","0.34",21.8479444879521,1.35699668952184,2.13422,1.0698,1.069814
"GRB131002A",-11.1228,3.74626,-11.1837,-11.0618,3.67168,3.82084,1.74499667403856,"0.11394335230683679",0.0334072678387117,"1.63","0.19",21.0534126831504,3.97822069659924,2.07363,1.09328,1.093275
"GRB131002B",-9.76606,3.12402,-9.863,-9.66913,3.04719,3.20084,1.59217675739587,"-0.2218487496163564",0.072382413650542,"0.36","0.84",21.492960034806,8.08327853500742,2.19584,2.60599,2.60599
"GRB131018A",-11.4224,4.56307,-11.5203,-11.3245,4.42811,4.69802,1.86462972454551,"-0.3010299956639812",0.0868588963806504,"2.24","0.14",21.5164996769919,18.9734095979543,2.18813,0.92307,0.923068
"GRB131024A",-11.0831,3.69653,-11.1498,-11.0164,3.57087,3.82219,2.04921802267018,"-0.5228787452803376",0.144764827301084,"1.85","0.18",20.8182232535179,35.7770876399966,2.02387,0.734633,0.7346335
"GRB131229A",-8.49034,2.28078,-8.51804,-8.46263,2.25365,2.3079,1.14176323027579,"1.0293837776852097",0.0121764808010258,"1.02","0.03",21.9428906346751,0.428018690735031,2.09007,1.24672,1.24672
"GRB140108A",-9.89581,4.02038,-9.94057,-9.85105,3.97548,4.06528,1.9731278535997,"0.785329835010767",0.0213587450116353,"1.62","0.05",21.9933184920758,3.25220719968259,1.93177,1.6012,1.601205
"GRB140114A",-11.8158,4.48388,-11.8915,-11.7401,4.38289,4.58488,2.14519640611418,"-0.045757490560675115",0.0482549424336946,"2.06","0.09",21.1319264745199,16.5221713749102,2.35235,1.1721,1.1721
"GRB140215A",-11.3344,4.05216,-11.409,-11.2598,3.9903,4.11402,1.92531209149965,"0.8976270912904415",0.0384817895357312,"1.19","0.08",21.205186493608,48.2402315851806,1.97861,1.55735,1.55735
"GRB140304A",-9.31099,3.01201,-9.54568,-9.0763,2.8708,3.15322,1.19312459835446,"0.2304489213782739",0.0510934684592061,"1.29","0.08",22.4805386999219,1.85303644427525,2.01927,1.8624,1.862415
"GRB140323A",-9.9529,3.72061,-9.98263,-9.92317,3.68549,3.75572,2.02077548819356,"0.7923916894982539",0.0490332479568187,"1.35","0.17",21.7106089485737,2.59570412054245,1.97013,1.37879,1.37879
"GRB140331A",-11.8072,4.54757,-11.9537,-11.6607,4.41779,4.67735,2.32014628611105,"-0.5086383061657274",0.182123492411041,"2.01","0.29",20.6388605732975,33.3105342810254,1.90533,1.648,1.648
"GRB140626A",-11.8607,3.92917,-12.0142,-11.7071,3.73284,4.1255,1.2148438480477,"-0.1549019599857432",0.0620420688433217,"0.61","0.88",21.2325656662408,1.38405202517548,2.00951,1.03196,1.031956
"GRB140703A",-9.92462,3.54149,-9.98139,-9.86786,3.4841,3.59889,1.82672252016899,"0.4471580313422192",0.0930631032649825,"1.74","0.13",21.8698439952801,66.3728895394516,1.82756,1.41389,1.41389
"GRB140706A",-11.1976,3.83282,-11.2824,-11.1127,3.7071,3.95855,1.68394713075151,"0.25527250510330607",0.0482549424336946,"1.8","0.1",20.9108580287517,4.27850444310849,1.8367,1.15048,1.15048
"GRB140709A",-10.3217,3.77564,-10.3724,-10.2709,3.7117,3.83957,1.99387691494121,"0.4913616938342727",0.0420284982487018,"1.23","0.27",21.9036856474898,7.72893802254728,1.88959,1.02354,1.0235375
"GRB140713A",-10.0335,3.22665,-10.3118,-9.75525,2.9515,3.5018,0.724275869600789,"0.2787536009528289",0.0457152086213949,"1.84","0.14",21.7729730998564,0.663267709277793,1.75082,1.1122,1.112225
"GRB140719A",-11.4492,4.11285,-11.5334,-11.365,3.98089,4.2448,1.68124123737559,"-0.6989700043360187",0.217147240951626,"1.9","0.3",21.4622182526462,22.6274169979695,2.13988,0.964218,0.964217
"GRB140730A",-11.2702,3.53158,-11.3476,-11.1928,3.40054,3.66263,1.6159500516564,"-0.3010299956639812",0.0868588963806504,"2.50","0.32",21.5003826334218,3.66536218104199,1.96098,0.946435,0.946434
"GRB140817A",-11.0425,4.28008,-11.1124,-10.9726,4.21308,4.34708,2.38738982633873,"0.8573324964312685",0.0180956034126355,"1.48","0.08",21.4020046858679,12.4987079554302,1.83757,1.45491,1.454915
"GRB140818B",-11.7843,4.44713,-11.9463,-11.6223,4.30764,4.58663,1.25767857486918,"0.04139268515822508",0.118443949609978,"1.99","0.25",21.7607729442963,4.97731168703682,2.29134,1.86618,1.86618
"GRB140824A",-11.0198,2.63156,-11.1433,-10.8964,2.48128,2.78185,0.489958479424835,"0.07918124604762482",0.072382413650542,"1.98","0.21",21.0214018445404,0.501597423728004,1.87687,1.03747,1.0374665
"GRB140916A",-11.776,5.03564,-11.9031,-11.6488,4.96547,5.1058,1.90363251608424,"0.11394335230683679",0.133629071354847,"2.15","0.27",21.1610168305473,15.6097794783625,2.06379,2.2633,2.263335
"GRB140927A",-11.3603,3.59415,-11.4761,-11.2446,3.45958,3.72871,0.79657433321043,"-0.045757490560675115",0.0965098848673893,"1.82","0.3",21.2918297661278,1.42603365502763,1.83323,1.49418,1.494175
"GRB141005A",-10.4975,2.75932,-10.6656,-10.3294,2.61123,2.90741,0.637489729512511,"0.6232492903979004",0.0827227584577623,"1.33","0.18",21.5226411212026,0.590267725173062,2.02777,1.5598,1.5598
"GRB141017A",-10.4872,3.64462,-10.553,-10.4215,3.57938,3.70986,1.74585519517373,"0.8260748027008264",0.0194460215777575,"1.05","0.28",21.269031918602,2.80564572984189,2.01954,1.1315,1.13152
"GRB141020A",-10.8233,3.34044,-10.9288,-10.7178,3.22055,3.46033,1.19173039336286,"-0.1549019599857432",0.124084137686643,"1.74","0.18",20.3684858522067,2.05455590614739,1.81334,1.33331,1.33331
"GRB141026A",-11.7639,4.59028,-11.8648,-11.663,4.43909,4.74148,2.16435285578444,"-0.3979400086720376",0.217147240951626,"2.34","0.19",21.4545948782699,15.1700464169284,1.91933,0.874934,0.8749345
"GRB141031A",-11.5204,4.72093,-11.6942,-11.3467,4.54682,4.89503,2.96378782734556,"-0.3010299956639812",0.173717792761301,"1.21","0.13",21.3878751105773,628.091645050989,1.43075,1.0731,1.0731565
"GRB141109B",-10.9767,3.5871,-11.047,-10.9064,3.40507,3.76913,1.73399928653839,"-0.3979400086720376",0.108573620475813,"1.85","0.22",20.9905501777759,5.37069083571149,1.95675,0.581067,0.5810665
"GRB141221A",-9.78946,2.92269,-9.92929,-9.64962,2.76774,3.07763,1.56702636615906,"0.4913616938342727",0.0280189988324679,"1.74","0.08",21.4678876805073,4.10187130304949,2.22288,1.30102,1.30102
"GRB150323A",-11.5974,4.25725,-11.6903,-11.5045,4.12256,4.39193,2.17493159352844,"0.7323937598229685",0.0241274712168473,"1.85","0.07",21.6926962555066,8.92164313190198,2.0639,1.22625,1.22625
"GRB150323C",-11.6292,3.86864,-11.6967,-11.5616,3.78807,3.94921,2.20248831706009,"0.04139268515822508",0.118443949609978,"2.09","0.32",20.7880530626744,53.9513813778746,2.49524,1.05112,1.051115
"GRB150424A",-10.8513,3.43316,-10.9185,-10.7841,3.33698,3.52933,1.95904139232109,"1.0791812460476249",0.0144764827301084,"1.23","0.15",21.0188772588155,22.1240361727103,1.98937,0.884463,0.8844625
"GRB150428B",-11.6808,4.54278,-11.7695,-11.592,4.3857,4.69985,2.11693964655076,"0.146128035678238",0.0930631032649825,"1.0","0.5",21.513766175091,15.6676539154299,1.90578,0.922538,0.9225355
"GRB150430A",-10.4325,3.54254,-10.4908,-10.3742,3.49229,3.59279,2.02978947083186,"0.6989700043360189",0.0868588963806503,"1.43","0.12",21.578965896529,6.6842669033943,2.10253,1.54594,1.545945
"GRB150530A",-10.6954,3.26007,-10.804,-10.5869,3.10991,3.41023,0.8208579894397,"0.6127838567197355",0.0635552900346222,"1.49","0.11",22.3294405947503,0.839437926650678,1.81811,1.4001,1.400095
"GRB150607A",-9.50944,2.71762,-9.55638,-9.4625,2.65158,2.78365,1.41995574848976,"0.6901960800285137",0.0443157634595155,"0.99","0.41",21.3340013265539,0.713257322255766,1.81752,0.976847,0.976849
"GRB150615A",-11.3767,4.30707,-11.4465,-11.3069,4.17309,4.44104,1.44090908206522,"-0.2218487496163564",0.144764827301084,"1.84","0.21",21.7017681633491,5.14136982655636,2.47862,0.790346,0.7903465
"GRB150626B",-11.1175,4.71169,-11.2553,-10.9797,4.65505,4.76834,1.68124123737559,"-0.2218487496163564",0.144764827301084,"1.36","0.21",21.9822712330396,22.6274169979695,1.99,2.871,2.871195
"GRB150711A",-10.8257,3.59028,-10.907,-10.7443,3.4714,3.70917,1.80753502806885,"0.5797835966168101",0.0457152086213949,"1.79","0.08",21.6244915588761,14.1552811438769,2.19738,0.950191,0.950191
"GRB150801B",-8.71783,3.25529,-9.51958,-7.91608,2.99433,3.51625,2.62940959910272,"0.3979400086720376",0.0347435585522601,"1.84","0.14",22.4878896065359,30.2632755209732,1.83096,2.6044,2.60447
"GRB150817A",-10.0959,3.39134,-10.1457,-10.046,3.34057,3.44212,1.58883172559421,"0.9822712330395684",0.0135717025594766,"1.78","0.04",21.6523807677089,199.680663010251,1.76185,1.17232,1.17232
"GRB150911A",-10.2632,3.58105,-10.3807,-10.1456,3.50802,3.65408,0.857332496431269,"0.7160033436347992",0.0250554508790338,"1.02","0.26",21.633665358434,0.588489602106457,1.98783,1.7817,1.78179
"GRB151001A",-10.6292,3.33312,-10.6956,-10.5627,3.24586,3.42037,0.951337518795918,"0.11394335230683679",0.0668145356774233,"1.17","0.11",20.9080934412007,1.06650831336257,1.78616,1.32922,1.32922
"GRB151114A",-10.6397,2.97269,-10.8319,-10.4475,2.80238,3.14299,0.686636269262293,"0.4623979978989561",0.0599026871590692,"2.14","0.25",21.3033842936436,0.846990032594533,1.99994,1.1526,1.152615
"GRB151118A",-9.9889,2.92497,-10.1989,-9.77893,2.65367,3.19626,1.36921585741014,"0.07918124604762482",0.036191206825271,"1.80","0.2",22.0168215691157,10.5252009684499,1.90528,1.04554,1.0455365
"GRB151205A",-8.81097,2.28802,-8.90994,-8.71201,2.21763,2.3584,1.7979596437372,"-0.2218487496163564",0.072382413650542,"1.17","0.13",21.8667309200731,12.2822929448992,1.90057,1.71547,1.71547
"GRB151228B",-11.3242,3.50046,-11.4471,-11.2014,3.2802,3.72071,1.68124123737559,"0.",0.0868588963806504,"1.09","0.34",20.7593266620382,16,1.9262,0.889563,0.889562
"GRB160104A",-11.9491,4.59482,-12.099,-11.7992,4.32401,4.86563,1.20951501454263,"0.",0.0868588963806504,"1.76","0.19",21.4334629182211,2.46732650047342,1.95461,0.873724,0.8737255
"GRB160119A",-11.1805,4.32085,-11.2185,-11.1425,4.2805,4.3612,2.06445798922692,"0.4623979978989561",0.0299513435795346,"1.68","0.05",21.3074211530985,14.9228180919667,2.11362,1.279,1.279
"GRB160123A",-11.1607,3.26757,-11.3217,-10.9997,3.01619,3.51895,0.59659709562646,"0.11394335230683679",0.0668145356774233,"1.51","0.16",21.424523931121,0.623246350817473,2.08982,1.15534,1.1553385
"GRB160127A",-10.5862,3.2676,-10.6558,-10.5165,3.20029,3.33492,0.789580712164425,"0.146128035678238",0.0930631032649825,"0.99","1.11",21.0155206996,0.936657860780595,1.85981,1.34532,1.345315
"GRB160412A",-11.7502,4.47886,-11.8268,-11.6736,4.35322,4.60451,1.4996870826184,"0.2041199826559248",0.0542868102379065,"1.88","0.08",21.4377605483086,4.05306009256854,2.30285,0.940394,0.9403925
"GRB160417A",-11.4802,3.65811,-11.54,-11.4203,3.55329,3.76294,1.17609125905568,"0.",0.130288344570976,"1.93","0.24",20.4658328324811,3.1613668309559,2.03026,0.857876,0.857876
"GRB160504A",-11.5015,4.23844,-11.5498,-11.4532,4.1825,4.29437,1.73158876518674,"-0.1549019599857432",0.0620420688433217,"1.88","0.2",21.1438656208972,6.04395397582683,2.00145,1.22333,1.22333
"GRB160630A",-10.3254,3.54193,-10.3576,-10.2931,3.49939,3.58447,1.46982201597816,"0.07918124604762482",0.072382413650542,"1.32","0.14",21.6711930290683,5.51118136655692,1.78526,1.18101,1.181005
"GRB160705B",-11.9322,4.56399,-11.9945,-11.8698,4.43894,4.68903,1.73559889969818,"-0.3010299956639812",0.173717792761301,"1.79","0.27",20.9072667510385,12.4123823520011,2.07099,0.734183,0.734183
"GRB160815A",-10.3999,3.17448,-10.4747,-10.3251,3.06019,3.28876,0.934498451243568,"0.6720978579357175",0.0369612325024044,"0.96","0.41",21.4186081727097,1.8342955655889,1.89874,0.988304,0.9883025
"GRB160824A",-10.3081,3.83339,-10.3566,-10.2596,3.77297,3.89381,1.99694924849538,"0.11394335230683679",0.0668145356774233,"1.64","0.11",22.0075655750078,7.84555718933669,1.93678,1.11257,1.112565
"GRB160905A",-8.9155,3.06527,-8.92382,-8.90718,3.056,3.07455,1.80617997398389,"0.7993405494535817",0.0206806896144406,"1.04","0.03",21.735938059795,16,1.8094,1.26565,1.265645
"GRB161001A",-10.0841,3.39412,-10.1413,-10.0268,3.31568,3.47256,0.414973347970818,"0.5440680443502757",0.0248168275373287,"1.14","0.09",21.8095661111736,0.40051963120828,1.93192,1.28616,1.28616
"GRB161004B",-9.39802,2.43837,-9.50943,-9.28661,2.32159,2.55514,1.20139712432045,"1.0043213737826426",0.0171997814615149,"1.21","0.13",22.0411324253148,0.716100569843843,1.9797,1.1167,1.116695
"GRB161113A",-11.9023,4.28684,-12.0034,-11.8011,4.1168,4.45688,1.62940959910272,"0.146128035678238",0.0620420688433217,"1.73","0.1",21.0732343096353,11.0991403470161,2.02591,0.867794,0.8677945
"GRB161214B",-11.3198,4.17771,-11.3842,-11.2554,4.08781,4.26762,1.39445168082622,"0.3424226808222063",0.0394813165366593,"1.76","0.09",21.0569238989224,3.13691890536705,1.98842,1.00484,1.0048465
"GRB161217A",-11.1373,3.1149,-11.2373,-11.0374,2.95427,3.27554,1.26007138798507,"-0.3979400086720376",0.108573620475813,"2.7","1.8394",20.4365059698313,5.81273637182669,1.8394,0.825749,0.8257485
"GRB170208B",-10.5809,3.45314,-10.6382,-10.5235,3.35042,3.55586,2.10744740952361,"0.9242792860618817",0.0103403448072203,"1.18","0.21",21.5925289373485,5.75414143681782,2.14664,0.902264,0.9022635
"GRB170317A",-10.7249,3.22899,-10.7726,-10.6772,3.17024,3.28775,1.07700432679335,"0.5440680443502757",0.037225241305993,"0.80","0.49",21.4027255290306,4.87496131951583,2.06523,1.17372,1.173725
"GRB170331A",-11.5069,3.79838,-11.6854,-11.3284,3.57528,4.02148,1.24477176149529,"0.07918124604762482",0.144764827301084,"0.37","1.19",21.7447181487789,2.57327802102363,2.48426,1.16101,1.16101
"GRB170711A",-10.9417,3.57249,-11.0094,-10.8739,3.43804,3.70694,1.49554433754645,"0.6812412373755872",0.0180956034126355,"1.75","0.1",21.8187186504044,7.63462009249035,2.11428,0.778258,0.778258
"GRB170803A",-10.1971,2.96196,-10.2438,-10.1505,2.91293,3.01099,0.582063362911709,"0.8129133566428556",0.020044360703227,"0.65","0.28",21.1269174279435,0.233649318060114,1.8674,1.18713,1.187125
"GRB170822A",-9.90552,3.747,-9.97167,-9.83938,3.71092,3.78308,1.80617997398389,"0.6232492903979004",0.072382413650542,"1.80","0.09",21.5500668388799,16,1.8366,1.9641,1.96413
"GRB171027A",-9.95031,3.26278,-10.0025,-9.89811,3.19565,3.32991,1.98497712641549,"0.47712125471966244",0.0289529654602168,"1.25","0.18",21.5085539579869,4.9988430358009,1.99755,1.19637,1.196375
"GRB171120A",-10.9086,4.53418,-10.9559,-10.8613,4.46604,4.60233,1.80617997398389,"1.0569048513364727",0.0190480035922479,"1.06","0.28",22.3825121262939,16,1.91761,0.969833,0.9698325
"GRB171123A",-11.4263,3.76961,-11.5427,-11.3098,3.58858,3.95065,1.76715586608218,"-0.09691001300805639",0.108573620475813,"1.35","0.34",21.0383852694924,27.0612413239722,2.2649,0.90234,0.9023425
"GRB171211A",-10.6388,2.93112,-10.863,-10.4146,2.60764,3.25461,0.3654879848909,"0.36172783601759284",0.0566471063352068,"1.77","0.21",21.2472485925937,0.455367963461657,1.66685,1.03336,1.0333555
"GRB180115A",-10.9141,3.62081,-10.9532,-10.875,3.57206,3.66955,1.61172330800734,"-0.2218487496163564",0.144764827301084,"1.66","0.22",20.6139738864907,3.11285851853654,1.9512,1.17047,1.17047
"GRB180224A",-10.5124,3.46482,-10.5902,-10.4346,3.39004,3.53959,1.03742649794062,"0.146128035678238",0.0620420688433217,"2.11","0.18",20.9645310148041,3.56897359184709,1.65422,1.84815,1.84815
"GRB180314A",-10.3733,3.19213,-10.4357,-10.311,3.11008,3.27418,1.70926996097583,"0.8976270912904415",0.0329843910306267,"0.83","0.25",8.86830403912083,22.2996266516377,1.76908,1.01924,1.0192345
"GRB180316A",-9.13278,2.70967,-9.28671,-8.97884,2.60196,2.81738,1.93951925261862,"0.5185139398778874",0.0658021942277654,"1.46","0.12",21.5124695967566,20.591260281974,2.03262,1.3171,1.31714
"GRB180331B",-11.3357,4.3889,-11.3804,-11.291,4.32621,4.45159,2.16731733474818,"0.4471580313422192",0.0465315516324913,"2.48","0.22",20.9903175391979,33.0605505096331,1.84737,1.09515,1.095145
"GRB180411A",-10.2597,3.9963,-10.3051,-10.2143,3.94838,4.04421,1.88930170250631,"0.785329835010767",0.0142391633410902,"1.46","0.03",22.2320177195751,1.00409571383667,1.95526,1.34166,1.341665
"GRB180425A",-11.8748,4.48348,-11.9867,-11.7629,4.29695,4.67001,1.04921802267018,"0.3424226808222063",0.0592219748049889,"1.35","0.13",21.0790107520018,2.71227132798173,2.00413,0.96255,0.962551
"GRB180514A",-11.8389,4.17677,-11.9229,-11.7549,4.02658,4.32696,1.67117284271508,"-0.1549019599857432",0.0620420688433217,"1.77","0.14",20.8225890885597,181.892871552812,1.83771,0.793297,0.7932965
"GRB180614A",-10.4888,3.04737,-10.734,-10.2437,2.75053,3.3442,0.847572659142112,"-0.1549019599857432",0.0620420688433217,"1.53","0.26",22.2314311037097,0.917474786708231,2.73639,0.9061,0.906109
"GRB180623A",-9.90005,3.69917,-9.94788,-9.85221,3.66359,3.73476,2.06032002868829,"0.7481880270062004",0.0155105172108304,"1.45","0.04",22.8253319779692,6.81986998340227,2.0656,1.81399,1.81399
"GRB180626A",-10.8016,3.89183,-10.8338,-10.7694,3.84961,3.93405,1.47813342810052,"0.6127838567197355",0.0423701933564148,"1.64","0.27",21.3659246804868,1.36662506760594,2.03488,1.12702,1.12702
"GRB180630A",-9.96603,3.09267,-10.0311,-9.901,2.98925,3.19609,1.27531135454181,"0.8195439355418687",0.0263208776911062,"2.07","0.1",21.2370090862215,6.47663124781276,1.64932,0.863273,0.863273
"GRB180706A",-11.2568,3.79087,-11.3022,-11.2114,3.71,3.87174,1.63042787502502,"0.505149978319906",0.0271434051189532,"1.90","0.08",20.7223640497047,7.29554847120756,2.09151,0.880109,0.8801085
"GRB180720C",-10.9196,3.49451,-11.0397,-10.7995,3.29071,3.69831,2.09412159584056,"0.04139268515822508",0.0789626330733185,"1.39","0.13",22.4487778721404,32.6784691171636,2.07213,0.727455,0.7274555
"GRB180721A",-11.727,3.82343,-11.9189,-11.5351,3.67128,3.97557,1.67760695272049,"-0.045757490560675115",0.0482549424336946,"1.25","0.22",21.143342428378,2.9961741829018,2.13857,1.74717,1.74717
"GRB180818B",-10.9776,4.06908,-11.0377,-10.9175,3.99793,4.14022,2.12839926871781,"0.07918124604762482",0.072382413650542,"1.77","0.12",21.1036634931579,9.78261668948041,1.76901,1.12225,1.122245
"GRB180821A",-11.6604,4.73545,-11.7337,-11.5872,4.63174,4.83917,1.80617997398389,"0.43429448190325176*Log[""n/a""]",0.434294481903252,"1.79","0.31",21.5758163084582,22.6274169979695,2.89113,1.07187,1.071869
"GRB180823A",-10.3003,3.1323,-10.3996,-10.2011,3.01649,3.24811,1.90471554527868,"0.36172783601759284",0.0377647375568045,"1.58","0.05",21.0621399446104,6.89302403001873,2.06097,1.14145,1.141455
"GRB180924A",-10.8965,3.5304,-10.9889,-10.8042,3.41447,3.64633,1.97818051693741,"-0.2218487496163564",0.072382413650542,"1.94","0.14",20.8417679156425,11.8408677727485,1.87764,1.01997,1.0199675
"GRB180925A",-10.997,3.18075,-11.0798,-10.9143,3.1003,3.2612,1.91222205653242,"0.4913616938342727",0.0840569964974036,"1.53","0.13",21.1720497876031,23.2520988175974,1.7684,1.36178,1.361785
"GRB181023A",-9.40653,3.29862,-9.65735,-9.1557,3.08311,3.51414,1.76342799356294,"0.",0.130288344570976,"1.74","0.24",21.3647318043115,8.80705991925374,1.78544,1.164,1.16408
"GRB181103A",-11.0113,3.71006,-11.0566,-10.9659,3.63154,3.78859,0.923244018630276,"-0.09691001300805639",0.108573620475813,"1.90","0.27",21.8021800803218,2.41000585275786,2.1983,0.81937,0.81937
"GRB190109A",-10.929,3.4605,-11.0495,-10.8086,3.32135,3.59964,2.06069784035361,"0.2787536009528289",0.0685728129320924,"0.36","0.47",20.733620114994,33.4435856216658,1.83858,1.20586,1.205855
"GRB190202A",-9.44352,3.28863,-9.45556,-9.43148,3.27719,3.30008,1.28780172993023,"0.8920946026904804",0.0835181695967792,"1.32","0.13",20.8308067234232,6.89043402235768,1.82361,1.44109,1.441095
"GRB190203A",-8.81988,2.80793,-8.83625,-8.80352,2.79176,2.82409,1.98227123303957,"0.4913616938342727",0.0840569964974036,"1.06","0.06",21.8472696577414,16,1.62927,1.39866,1.398655
"GRB190204A",-8.67607,2.5734,-8.68869,-8.66346,2.56146,2.58534,1.42160392686983,"1.4842998393467859",0.0128152470069812,"1.30","0.04",21.7209852487605,7.49263017493553,1.88087,1.44147,1.441475
"GRB190211A",-10.5104,3.41868,-10.5788,-10.4419,3.34935,3.48801,1.09621458534641,"0.2787536009528289",0.0914304172427899,"1.51","0.33",20.8407952722495,1.45731809584274,1.9291,1.2215,1.221515
"GRB190219A",-11.5912,4.52688,-11.6676,-11.5147,4.37567,4.67809,2.22479195649268,"0.2787536009528289",0.0457152086213949,"2.24","0.1",21.2340014424009,12.8003112495262,2.12305,0.9296,0.9295985
"GRB190311A",-11.0329,3.73931,-11.0984,-10.9673,3.62363,3.855,1.23044892137827,"0.25527250510330607",0.072382413650542,"1.80","0.17",21.582518792169,6.80073525436772,2.00488,0.854671,0.8546715
"GRB190511A",-11.577,4.39622,-11.7533,-11.4007,4.28612,4.50633,1.44247976906445,"0.7923916894982539",0.0840569964974036,"1.19","p.10",21.2145900823896,2.35417588983274,2.11564,2.18128,2.18128
"GRB190515B",-11.2285,3.68578,-11.3378,-11.1192,3.51994,3.85161,1.66651798055488,"0.04139268515822508",0.0789626330733185,"1.74","0.15",21.1268252042341,12.2547910006235,1.96696,0.948964,0.9489625
"GRB190519A",-9.645,3.34823,-9.67826,-9.61174,3.29979,3.39667,1.65877432084436,"1.3138672203691535",0.0358398358852198,"1.32","0.24",21.8164733037652,2.85630253194435,1.76831,1.10892,1.108925
"GRB190604B",-10.0302,3.5915,-10.0889,-9.97149,3.51187,3.67113,2.34281731463573,"0.8633228601204559",0.0237969579125069,"1.81PL","2.02184",21.4618690346815,4.735231816739,2.02184,1.14658,1.146585
"GRB190613B",-10.9611,4.42656,-11,-10.9221,4.35914,4.49398,2.20639406443087,"0.7558748556724915",0.0533344100582941,"1.84","0.24",21.4200792489025,16.5402054901977,1.90583,0.987946,0.9879455
"GRB190706B",-11.2376,3.61223,-11.3311,-11.144,3.45744,3.76702,1.40071063677323,"0.146128035678238",0.0620420688433217,"1.90","0.23",21.5298353273365,6.34883608805165,1.98504,0.994626,0.9946245
"GRB190719C",-11.0479,4.666,-11.1253,-10.9705,4.60248,4.72953,2.26881190373978,"0.7403626894942439",0.0236887899219956,"1.64","0.09",20.9538258694985,9.68928564596491,1.5415,1.42354,1.42354
"GRB190821A",-10.36847409,3.502563782,-10.50678799,-10.20226656,3.376190987,3.69086837,1.75663610824585,"0.447158031342219",0.0465315516324913,"2.03,","0.1",21.549357055614,0,1.71274,1.09868891,1.106060305
"GRB190824A",-10.57249958,3.859869434,-10.61040636,-10.52413754,3.787669835,3.958741019,2.22891340599469,"0.698970004336019",0.0434294481903252,"1.62,","0.08",22.1089311784672,0,2.18884,0.87467774,0.8817518555
"GRB191004A",-10.57249958,3.859869434,-10.61040636,-10.52413754,3.787669835,3.958741019,0.387389826338729,"0.89209460269048",0.0278393898655931,"1.35,","0.08",20.7782033625948,0,1.80978,0.87467774,0.8817518555
"GRB191017B",-11.02064155,3.664634775,-11.07064437,-10.93232757,3.547347056,3.786266764,0.77451696572855,"0.278753600952829",0.0685728129320924,"1.82,","0.2",20.9927762758534,0,1.54322,1.070748196,1.0670177985
"GRB191029A",-12.0011996,4.214169923,-12.12479163,-11.82652738,4.071792057,4.358095756,1.59659709562646,"0.0413926851582251",0.118443949609978,"1.77,","0.21",20.5421018299469,0,1.80812,1.312003004,1.2789020695
"GRB191101A",-11.35506604,4.467589848,-11.40080246,-11.30898238,4.410021345,4.540554425,2.1397217048152,"0.113943352306837",0.100221803516135,"1.78,","0.18",20.8833928275429,0,1.9989,0.954135398,0.960751407
"GRB191123A",-11.22175607,4.197593038,-11.34557085,-11.10498792,4.118143503,4.299538485,2.43949059038968,"0.0791812460476248",0.072382413650542,"1.67,","0.25",20.6812412373756,0,1.98,1.542811774,1.552963801
"GRB191220A",-11.74516561,4.052629652,-11.8979218,-11.61068264,3.788878148,4.423186909,2.24440083380137,"0.0413926851582251",0.157925266146637,"2.12,","0.4",21.18385616163,0,1.99781,0.635127087,0.627583076
"GRB191228A",-10.44176367,3.806005268,-10.52780784,-10.34633978,3.740368185,3.894494036,2.22245633667925,"-0.221848749616356",0.144764827301084,"2.06,","0.14",21.5497699611327,0,2.16743,1.306703041,1.307386854
"GRB200109A",-10.21589708,2.763790636,-10.4589448,-10.04540873,2.655713991,2.973942525,2.04921802267018,"-0.154901959985743",0.124084137686643,"1.31,","0.14",21.8561093223049,0,1.66765,1.387930316,1.4018198095
"GRB200227A",-9.740282109,2.990939635,-9.831990958,-9.642982857,2.895848525,3.111443493,1.51587384371168,"0.755874855672491",0.0304768057475966,"1.15,","0.19",21.7481880270062,0,1.83,1.235502167,1.241607464
"GRB200303A",-9.626275458,3.689082283,-9.667629129,-9.57164881,3.62705803,3.755834798,1.97405090279288,"0.698970004336019",0.0260576689141951,"1.39,","0.17",21.8771686662241,0,2.38226,1.294775771,1.2991083155
"GRB200306A",-11.0881633,4.199174663,-11.19265197,-10.98585929,4.13270772,4.304989264,1.51679970408162,"0.845098040014257",0.0186126206529965,"1.06,","0.15",21.6691261955223,0,2.04359,1.50060078,1.5140978025
"GRB200306C",-9.967258901,3.062508242,-10.03169389,-9.895512497,3.006700579,3.145147892,1.72835378202123,"0.113943352306837",0.100221803516135,"0.83,","0.12",20.62833067959,0,1.56127,1.485105316,1.4958746495
"GRB200324A",-10.57326696,3.566879478,-10.64754323,-10.48862131,3.491647822,3.684250017,NA,"-0.154901959985743",0.124084137686643,"1.72,","0.15",21.4273708661977,0,1.93506,1.275683047,1.2846376095
"GRB200409A",-11.17146422,3.603207968,-11.25298914,-11.08646063,3.529554601,3.698457534,1.25309558584903,"0.0791812460476248",0.072382413650542,"2.14,","0.44",20.631696357522,0,2.0354,1.300863508,1.3056478925
"GRB200410A",-10.6644684,3.689712507,-10.71324682,-10.60105179,3.600886685,3.812763927,2.03662889536216,"0.255272505103306",0.072382413650542,"1.41,","0.31",21.4770983812746,0,2.06836,0.921858886,0.930462455
"GRB200519A",-10.01327888,4.08556622,-10.06898627,-9.944958858,4.034354969,4.13548162,1.85660806843694,"1.31386722036915",0.0105411282015352,"1.42,","0.03",21.675651883099,0,1.76388,1.462815998,1.46221284
"GRB200711A",-9.751789117,3.462520743,-9.810378261,-9.688760851,3.376367057,3.569349645,1.46819958607261,"0.886490725172482",0.0564018807666561,"1.42,","0.1",22.2171134514777,0,2.01181,1.178020802,1.1854921135
"GRB200713A",-11.23774036,4.378137384,-11.29606025,-11.15695919,4.295579357,4.465908233,1.6900187807887,"-0.0969100130080564",0.162860430713719,"2.48,","0.32",21.2317717583243,0,2.13218,1.142286648,1.1397906215
"GRB200729A",-9.86863531,3.15917508,-9.950834837,-9.792257366,3.108080268,3.246307491,2.08635983067475,"-0.154901959985743",0.186126206529965,"0.96,","0.27",21.9821231857725,0,1.38469,1.720562803,1.72837491
"GRB200906A",-11.09609497,3.841140068,-11.1539121,-11.02137965,3.723709187,3.981654787,1.85064623518307,"0.397940008672038",0.0347435585522601,"2.00,","0.09",21.8441457055812,0,2.2558,0.948827036,0.9668844115
"GRB200925B",-10.91084339,3.969339748,-11.0266017,-10.79065951,3.815799782,4.225965481,1.26126286879249,"0.477121254719662",0.0434294481903252,"2.01,","0.14",20.8749946664652,0,2.11946,1.348323817,1.3615969645
"GRB201027A",-10.71550079,3.049384967,-10.7808518,-10.6391813,2.979126554,3.130775131,2.73777290501831,"0.146128035678238",0.0930631032649825,"1.50,","0",21.1223073163146,0,1.8145,1.271595026,1.2816015965
"GRB201128A",-11.12097143,3.755648104,-11.18367014,-11.00849973,3.655788903,3.859318307,0.733197265106569,"-0.397940008672038",0.217147240951626,"1.37,","0.37",21.1868077802185,0,2.07781,1.202387676,1.2009736145
"GRB201209A",-10.36512971,4.163842298,-10.405287,-10.32222706,4.124959841,4.215075474,1.68124123737559,"1.08635983067475",0.0391576991879981,"1.56,","0.06",21.2066405195203,0,1.97912,1.163557392,1.1664947215
"GRB201223A",-11.17200546,3.554946214,-11.24043453,-11.08116891,3.475304088,3.678188585,1.46239799789896,"0.176091259055681",0.0579059309204336,"1.35,","0.13",20.608897271524,0,1.87353,1.412653305,1.427978711
"GRB201229A",-11.06840106,4.215991552,-11.11567134,-11.01240265,4.160006386,4.285564385,1.72672720902657,"0.230448921378274",0.102186936918412,"1.40,","0.29",21.1180857453337,0,1.80484,1.002994191,1.007137081
"GRB210104B",-10.47349565,3.394158757,-10.56666709,-10.3704814,3.298833431,3.557929367,1.29972515397564,"0.278753600952829",0.0685728129320924,"1.83,","0.14",22.0525373522686,0,2.2916,0.932715191,0.9415825325
"GRB210112A",-9.9388455,3.825686797,-9.964609399,-9.900637589,3.794512627,3.863437648,2.03181227133037,"1.31175386105575",0.0127110580069244,"1.45,","0.03",21.4552802010099,0,2.01845,1.350697279,1.353526742
"GRB210207B",-10.79098324,4.143050385,-10.83927056,-10.72516371,4.097169311,4.194777071,1.98086655458208,"0.491361693834273",0.0280189988324679,"1.20,","0.07",20.8570090679147,0,1.77966,1.797744516,1.7964956705
"GRB210217A",-10.77058837,3.472452434,-10.83448799,-10.70490868,3.401663902,3.567110346,0.625312450961674,"0.707570176097936",0.0425778903826717,"2.01,","0.16",21.3903782884283,0,1.97362,1.261531393,1.2661126365
"GRB210307A",-11.79616915,5.104778989,-11.92951315,-11.53282432,5.015829474,5.199753209,2.41830129131975,"0",0.0868588963806504,"1.56,","0.16",NA,0,NA,2.585712564,2.5100048995
"GRB210308A",-9.692758733,2.958780715,-9.745725895,-9.628810788,2.898369531,3.033593456,0.724275869600789,"1.13353890837022",0.0223533924509027,"0.76,","0.28",NA,0,NA,1.331948938,1.3340331535
"GRB210318B",-9.699639861,3.144735284,-9.820266572,-9.584820984,3.053957938,3.250535208,1.17464119266045,"1.16136800223497",0.0119805374318138,"1.10,","0.13",22.2041199826559,0,1.69,1.543437522,1.544644163
"GRB210419A",-11.5116339,4.250854041,-11.65109585,-11.29822905,4.081531755,4.456063085,1.80908813134635,"-0.221848749616356",0.144764827301084,"2.17,","0.24",21.280813663271,0,2.60043,1.16969055,1.161953269
"GRB210421A",-11.3785531,4.031378365,-11.58846032,-11.14178764,3.737207925,4.419275611,1.90047637138926,"0.301029995663981",0.0651441722854878,"1.10,","0.72",21.6654618563323,0,2.17119,0.92450685,0.884661719
"GRB210509A",-11.90560957,4.004941202,-12.12096541,-11.71017219,3.844518897,4.248338089,0.91487181754005,"0.0791812460476248",0.072382413650542,"0.76,","1",20.8516475712489,0,1.62964,1.464292757,1.4449832565
"GRB210712A",-11.17849959,4.14973547,-11.27233355,-11.08167616,4.063917953,4.278175245,2.13484620892477,"0.361727836017593",0.0566471063352068,"1.00,","0.53",20.9487610565673,0,1.97803,1.274050794,1.272459866
"GRB210807A",-10.33296018,4.256597633,-10.44131496,-10.1841702,4.138826329,4.376838219,2.19395897801919,"0.255272505103306",0.0965098848673893,"1.26,","0.08",21.5365248335694,0,1.70939,1.831682223,1.811553811
"GRB210807C",-9.310225715,3.150243835,-9.420812467,-9.170210572,2.989480211,3.302776301,1.95409772047919,"0.602059991327962",0.0760015343330691,"1.65,","0.06",22.774953449487,0,2.4733,1.384200696,1.3865272785
"GRB210820A",-11.63229735,3.777162379,-11.73323901,-11.52210902,3.670066128,3.949173866,2.29402509409532,"-0.0969100130080564",0.108573620475813,"2.26,","0.22",20.5545960583973,0,2.27505,1.204815871,1.207828119
"GRB210912A",-10.88968341,3.629749018,-10.95014088,-10.81278132,3.542407093,3.746858506,1.45255306322893,"0.230448921378274",0.0510934684592061,"1.61,","0.13",21.0705195738327,0,1.6687,1.089397108,1.0957752505
"GRB210930A",-10.96336905,3.235265957,-11.09054372,-10.79525973,2.926788619,3.447394817,1.07224989761351,"-0.154901959985743",0.124084137686643,"1.58,","0.19",21.7902531644311,0,2.25294,0.89594147,0.8717482075
"GRB211025A",-11.36646045,3.624243496,-11.46597603,-11.25642737,3.525110483,3.786177554,2.01494034979294,"-0.301029995663981",0.0868588963806504,"1.96,","0.28",20.3802112417116,0,2.33,1.129643755,1.1398663945
"GRB220319A",-10.71790257,2.91464161,-10.80268771,-10.62154174,2.842475582,3.038168852,0.808885867359812,"0.176091259055681",0.0579059309204336,"2.15,","0.28",21.448158856674,0,2.25813,1.225055333,1.2262053385
"GRB220325A",-11.16070525,3.571225849,-11.23054909,-11.09300642,3.448227877,3.749833454,0.544068044350276,"0.301029995663981",0.0651441722854878,"0.69,","1.13",21.6426455209933,0,1.58848,0.882606246,0.888872827
"GRB220403B",-11.16681647,4.046866898,-11.23791768,-11.05408795,3.940041414,4.149514516,1.43136376415899,"0.431363764158987",0.0482549424336946,"1.94,","0.06",21.2236290903456,0,1.89728,1.140936747,1.134736132
"GRB220408A",-10.24229187,3.528156503,-10.3060703,-10.17423225,3.442480426,3.649702934,1.23678909940929,"0.690196080028514",0.0354526107676124,"1.19,","0.57",21.2312852820137,0,1.90992,1.449972043,1.459400252
"GRB220430A",-9.655415435,3.427677584,-9.704003729,-9.590930052,3.372080867,3.501617151,1.63447727016073,"1.47129171105894",0.00880326652506591,"1.24,","0.02",22.0046024992015,0,1.83378,1.435109393,1.440285376
"GRB220518A",-10.67032295,3.31306173,-10.7819082,-10.54384319,3.19472808,3.433119495,1.08955188288645,"0.255272505103306",0.072382413650542,"1.71,","0.21",20.4258119236587,0,1.84744,1.340508705,1.3362955165
"GRB220711B",-10.74173825,3.603028081,-10.80731853,-10.67440295,3.538441758,3.698063115,1.94762974738435,"0.301029995663981",0.0868588963806504,"1.75,","0.08",21.3555978567329,0,2.07638,1.037885184,1.0436832435
"GRB220714B",-10.13248674,3.831265206,-10.23341898,-10.06535831,3.775143869,3.938377572,1.69983772586725,"0.57978359661681",0.0228576043106975,"1.92,","0.07",21.1685201699557,0,2.02899,1.297368542,1.2993083905
"GRB220715B",-10.89047431,3.636918814,-11.0227744,-10.76282118,3.526785886,3.804912201,1.6063813651106,"0.113943352306837",0.0668145356774233,"1.36,","0.11",21.9999847994271,0,2.55747,1.285330969,1.302740339
"GRB220813A",-11.07417988,3.644444987,-11.11657542,-11.01919871,3.585772778,3.737271613,NA,NA,NA,NA,NA,20.6939827029432,0,1.99747,0.924711861,0.929290228
"GRB220826A",-10.25788982,3.253766055,-10.3162086,-10.19510426,3.169544967,3.355348083,1.04688519083771,"0.414973347970818",0.0334072678387117,"1.44,","0.1",21.240733659482,0,1.84127,1.257995857,1.26365708
"GRB220930A",-9.801237915,3.448483171,-9.855821475,-9.736965557,3.377345737,3.536609342,2.25640501833417,"0.792391689498254",0.0700474970811696,"1.59,","0.13",21.8028380097959,0,1.82188,1.234482071,1.238844614
"GRB221016A",-10.35817715,3.017365909,-10.43286542,-10.28123334,2.891150828,3.216364878,1.33965015761368,"0.531478917042255",0.0383201013444046,"1.28,","0.08",21.1709349366599,0,2.04284,0.905266779,0.910036651
"GRB221024A",-10.9782179,4.424211134,-11.02585471,-10.90915342,4.391876538,4.471671534,2.07918124604762,"0.176091259055681",0.0868588963806503,"1.39,","0.25",20.7746417618409,0,1.96093,1.919295172,1.9217136425
"GRB221027B",-10.32115538,2.901465155,-10.41274516,-10.22855296,2.799504716,3.061363464,0.937517892017347,"0.531478917042255",0.0510934684592061,"2.39,","0.19",21.1055340277341,0,1.94934,0.943440412,0.9491804525
"GRB221201A",-10.25548978,3.718739045,-10.30451319,-10.20028455,3.654266374,3.811677308,1.52775875252097,"1.04921802267018",0.0232657758162456,"1.63,","0.05",21.4531071053467,0,1.98704,1.073992935,1.07831583
"GRB221216A",-11.42671009,4.47240807,-11.56989675,-11.17664628,4.388492923,4.564458326,2.24174565257064,"0.255272505103306",0.0482549424336946,"1.02,","0.36",20.6298314549841,0,1.72199,2.952339074,2.927590842
"GRB230123A",-11.67275768,3.4540002,-11.75143178,-11.54351485,3.316384123,3.655916135,0.729974285699556,"0.0413926851582251",0.0789626330733185,"2.06,","0.24",21.1853100725146,0,2.18978,1.007516025,1.00983484
"GRB230322B",-11.08844371,3.538737318,-11.13758325,-11.02157488,3.450611751,3.654964651,1.06483221973857,"0.0413926851582251",0.0789626330733185,"2.07,","0.26",20.8811351939566,0,1.99948,1.054105,1.0623002975
"GRB230405B",-9.671885021,3.096158675,-9.731464634,-9.594588881,3.018706545,3.183727841,NA,NA,NA,NA,NA,21.7299645806865,0,1.94897,1.173407881,1.1730563235
"GRB230409B",-9.73267374,3.057792946,-9.806724293,-9.641380974,2.962736877,3.173252206,0.990782691803138,"0.568201724066995",0.0586884435004394,"1.86,","0.19",22.0903688174139,0,1.97486,0.982949217,0.985006309
"GRB230606A",-11.23518382,4.076465759,-11.36018176,-11.12535399,3.979145812,4.237329052,1.21112054125805,"0.414973347970818",0.100221803516135,"1.15,","0.3",21.0605747098559,0,2.02294,1.53907387,1.5532604465
"GRB230628E",-10.71482568,3.164942495,-10.79499953,-10.62799812,3.053582387,3.296124908,0.673941998634088,"0.0413926851582251",0.118443949609978,"1.45,","0.3",21.0381991731062,0,2.00283,1.004628488,1.0037871595
"GRB230815A",-9.488056517,3.244260884,-9.601012241,-9.329103317,3.098201331,3.349461817,1.23044892137827,"1.13672056715641",0.034870359860845,"1.19,","0.1",21.9589931877309,0,1.93508,1.658513324,1.646842752
"GRB230911C",-11.8098964,4.794592912,-11.98429466,-11.63199819,4.5802724,5.178237941,1.20978301484851,"-0.154901959985743",0.124084137686643,"1.26,","0.28",21.0973343719007,0,1.85704,1.13466889,1.1580064905
"GRB231104A",-9.201987116,2.977848101,-9.280113694,-9.125045113,2.853218088,3.132043976,1.6699673699085,"1.39445168082622",0.0105071245621754,"1.24,","0.03",22.8990620648388,0,1.92885282,0.946797327,0.948317205
"GRB231205B",-10.11347313,4.006094742,-10.14024848,-10.07999372,3.977106728,4.039575083,1.67154308526257,"0.851258348719075",0.0244672947551128,"1.38,","0.05",21.6508438525303,0,2.057236542,1.400188058,1.4034157165
"GRB231214A",-9.86536251,3.248298554,-10.01125488,-9.700799404,3.157221035,3.394534693,1.44404479591808,"1.05307844348342",0.0230598839948629,"0.87,","0.23",22.0765855323441,0,2.406159215,1.691345388,1.7088858835
"GRB231230A",-10.25918193,3.656223067,-10.30120458,-10.2135854,3.606811503,3.73721055,1.18184358794477,"0.342422680822206",0.0789626330733185,"1.28,","0.1",21.6114363396266,0,1.945300942,1.299151557,1.3052450575
"GRB240101A",-10.31576042,2.880077209,-10.43911411,-10.20755783,2.763002407,3.038757504,1.19865708695442,"-0.0457574905606751",0.0965098848673893,"2.03,","0.34",21.6453034986245,0,2.11460126,1.243058136,1.2450206295
"GRB240112C",-10.00910991,3.267832071,-10.09427239,-9.922145676,3.202911815,3.357971737,NA,NA,NA,NA,NA,21.32830773195,0,1.954809978,1.217628238,1.220241446
"GRB240123A",-11.33535602,4.077055229,-11.40854335,-11.25257707,3.996578279,4.179634621,2.0618293072947,"0.0413926851582251",0.118443949609978,"1.69,","0.23",20.4281736827103,0,2.037532978,1.069414171,1.071045091
"GRB240204A",-10.62942195,3.813072986,-10.6734375,-10.57800611,3.74653358,3.900197361,1.2771506139638,"1.34439227368511",0.0294770010341574,"1.21,","0.28",21.9826204151316,0,2.28608484,0.955485113,0.9579046775
