"formula_idx","wins","formula"
145,28,"Response ~  (log10FaSqr+log10Fa+log10PeakFlux)^2+log10NH+PhotonIndex+log10Ta+Alpha+log10T90+log10PeakFluxSqr+log10NHSqr+PhotonIndexSqr+log10TaSqr+AlphaSqr+log10T90Sqr"
597,25,"Response ~  (log10FaSqr+log10Fa+log10Ta+log10PeakFlux)^2+log10NH+PhotonIndex+Alpha+log10T90+log10PeakFluxSqr+log10NHSqr+PhotonIndexSqr+log10TaSqr+AlphaSqr+log10T90Sqr"
1883,21,"Response ~  (log10FaSqr+PhotonIndexSqr+log10Fa+log10Ta+log10PeakFlux)^2+log10NH+PhotonIndex+Alpha+log10T90+log10PeakFluxSqr+log10NHSqr+log10TaSqr+AlphaSqr+log10T90Sqr"
666,16,"Response ~  (log10FaSqr+log10TaSqr+log10Fa+log10PeakFlux)^2+log10NH+PhotonIndex+log10Ta+Alpha+log10T90+log10PeakFluxSqr+log10NHSqr+PhotonIndexSqr+AlphaSqr+log10T90Sqr"
552,13,"Response ~  (log10FaSqr+log10Fa+PhotonIndex+log10PeakFlux)^2+log10NH+log10Ta+Alpha+log10T90+log10PeakFluxSqr+log10NHSqr+PhotonIndexSqr+log10TaSqr+AlphaSqr+log10T90Sqr"
663,11,"Response ~  (log10FaSqr+PhotonIndexSqr+log10Fa+log10PeakFlux)^2+log10NH+PhotonIndex+log10Ta+Alpha+log10T90+log10PeakFluxSqr+log10NHSqr+log10TaSqr+AlphaSqr+log10T90Sqr"
2050,10,"Response ~  (log10FaSqr+log10TaSqr+PhotonIndexSqr+log10Fa+log10PeakFlux)^2+log10NH+PhotonIndex+log10Ta+Alpha+log10T90+log10PeakFluxSqr+log10NHSqr+AlphaSqr+log10T90Sqr"
1697,9,"Response ~  (log10FaSqr+log10Fa+log10Ta+PhotonIndex+log10PeakFlux)^2+log10NH+Alpha+log10T90+log10PeakFluxSqr+log10NHSqr+PhotonIndexSqr+log10TaSqr+AlphaSqr+log10T90Sqr"
648,8,"Response ~  (log10FaSqr+log10T90+log10Fa+log10PeakFlux)^2+log10NH+PhotonIndex+log10Ta+Alpha+log10PeakFluxSqr+log10NHSqr+PhotonIndexSqr+log10TaSqr+AlphaSqr+log10T90Sqr"
774,4,"Response ~  (log10T90Sqr+log10Fa+PhotonIndex+log10NH)^2+log10PeakFlux+log10Ta+Alpha+log10T90+log10PeakFluxSqr+log10NHSqr+PhotonIndexSqr+log10TaSqr+log10FaSqr+AlphaSqr"
978,4,"Response ~  (log10PeakFluxSqr+log10Fa+log10Ta+PhotonIndex)^2+log10PeakFlux+log10NH+Alpha+log10T90+log10NHSqr+PhotonIndexSqr+log10TaSqr+log10FaSqr+AlphaSqr+log10T90Sqr"
3272,4,"Response ~  (log10T90Sqr+AlphaSqr+PhotonIndexSqr+Alpha+log10Fa)^2+log10PeakFlux+log10NH+PhotonIndex+log10Ta+log10T90+log10PeakFluxSqr+log10NHSqr+log10TaSqr+log10FaSqr"
267,3,"Response ~  (AlphaSqr+log10Fa+PhotonIndex)^2+log10PeakFlux+log10NH+log10Ta+Alpha+log10T90+log10PeakFluxSqr+log10NHSqr+PhotonIndexSqr+log10TaSqr+log10FaSqr+log10T90Sqr"
378,3,"Response ~  (AlphaSqr+PhotonIndexSqr+log10Fa)^2+log10PeakFlux+log10NH+PhotonIndex+log10Ta+Alpha+log10T90+log10PeakFluxSqr+log10NHSqr+log10TaSqr+log10FaSqr+log10T90Sqr"
596,3,"Response ~  (log10TaSqr+log10Fa+log10Ta+log10PeakFlux)^2+log10NH+PhotonIndex+Alpha+log10T90+log10PeakFluxSqr+log10NHSqr+PhotonIndexSqr+log10FaSqr+AlphaSqr+log10T90Sqr"
670,3,"Response ~  (log10T90Sqr+log10FaSqr+log10Fa+log10PeakFlux)^2+log10NH+PhotonIndex+log10Ta+Alpha+log10T90+log10PeakFluxSqr+log10NHSqr+PhotonIndexSqr+log10TaSqr+AlphaSqr"
969,3,"Response ~  (AlphaSqr+log10FaSqr+PhotonIndexSqr+log10NH)^2+log10PeakFlux+PhotonIndex+log10Ta+log10Fa+Alpha+log10T90+log10PeakFluxSqr+log10NHSqr+log10TaSqr+log10T90Sqr"
1766,3,"Response ~  (log10FaSqr+log10TaSqr+log10Fa+PhotonIndex+log10PeakFlux)^2+log10NH+log10Ta+Alpha+log10T90+log10PeakFluxSqr+log10NHSqr+PhotonIndexSqr+AlphaSqr+log10T90Sqr"
2314,3,"Response ~  (log10T90Sqr+log10FaSqr+log10T90+PhotonIndex+log10NH)^2+log10PeakFlux+log10Ta+log10Fa+Alpha+log10PeakFluxSqr+log10NHSqr+PhotonIndexSqr+log10TaSqr+AlphaSqr"
2876,3,"Response ~  (AlphaSqr+log10TaSqr+PhotonIndexSqr+log10Fa+PhotonIndex)^2+log10PeakFlux+log10NH+log10Ta+Alpha+log10T90+log10PeakFluxSqr+log10NHSqr+log10FaSqr+log10T90Sqr"
230,2,"Response ~  (PhotonIndexSqr+log10PeakFluxSqr+log10NH)^2+log10PeakFlux+PhotonIndex+log10Ta+log10Fa+Alpha+log10T90+log10NHSqr+log10TaSqr+log10FaSqr+AlphaSqr+log10T90Sqr"
250,2,"Response ~  (log10Fa+log10Ta+PhotonIndex)^2+log10PeakFlux+log10NH+Alpha+log10T90+log10PeakFluxSqr+log10NHSqr+PhotonIndexSqr+log10TaSqr+log10FaSqr+AlphaSqr+log10T90Sqr"
281,2,"Response ~  (log10FaSqr+log10T90+PhotonIndex)^2+log10PeakFlux+log10NH+log10Ta+log10Fa+Alpha+log10PeakFluxSqr+log10NHSqr+PhotonIndexSqr+log10TaSqr+AlphaSqr+log10T90Sqr"
302,2,"Response ~  (AlphaSqr+log10FaSqr+PhotonIndex)^2+log10PeakFlux+log10NH+log10Ta+log10Fa+Alpha+log10T90+log10PeakFluxSqr+log10NHSqr+PhotonIndexSqr+log10TaSqr+log10T90Sqr"
309,2,"Response ~  (PhotonIndexSqr+log10Fa+log10Ta)^2+log10PeakFlux+log10NH+PhotonIndex+Alpha+log10T90+log10PeakFluxSqr+log10NHSqr+log10TaSqr+log10FaSqr+AlphaSqr+log10T90Sqr"
551,2,"Response ~  (log10TaSqr+log10Fa+PhotonIndex+log10PeakFlux)^2+log10NH+log10Ta+Alpha+log10T90+log10PeakFluxSqr+log10NHSqr+PhotonIndexSqr+log10FaSqr+AlphaSqr+log10T90Sqr"
885,2,"Response ~  (log10T90Sqr+PhotonIndexSqr+log10Fa+log10NH)^2+log10PeakFlux+PhotonIndex+log10Ta+Alpha+log10T90+log10PeakFluxSqr+log10NHSqr+log10TaSqr+log10FaSqr+AlphaSqr"
970,2,"Response ~  (log10T90Sqr+log10FaSqr+PhotonIndexSqr+log10NH)^2+log10PeakFlux+PhotonIndex+log10Ta+log10Fa+Alpha+log10T90+log10PeakFluxSqr+log10NHSqr+log10TaSqr+AlphaSqr"
1168,2,"Response ~  (log10FaSqr+PhotonIndexSqr+log10Fa+log10Ta)^2+log10PeakFlux+log10NH+PhotonIndex+Alpha+log10T90+log10PeakFluxSqr+log10NHSqr+log10TaSqr+AlphaSqr+log10T90Sqr"
1317,2,"Response ~  (AlphaSqr+PhotonIndexSqr+log10PeakFluxSqr+log10Fa)^2+log10PeakFlux+log10NH+PhotonIndex+log10Ta+Alpha+log10T90+log10NHSqr+log10TaSqr+log10FaSqr+log10T90Sqr"
1769,2,"Response ~  (AlphaSqr+log10FaSqr+log10Fa+PhotonIndex+log10PeakFlux)^2+log10NH+log10Ta+Alpha+log10T90+log10PeakFluxSqr+log10NHSqr+PhotonIndexSqr+log10TaSqr+log10T90Sqr"
2012,2,"Response ~  (log10FaSqr+log10NHSqr+log10T90+log10Fa+log10PeakFlux)^2+log10NH+PhotonIndex+log10Ta+Alpha+log10PeakFluxSqr+PhotonIndexSqr+log10TaSqr+AlphaSqr+log10T90Sqr"
2053,2,"Response ~  (AlphaSqr+log10FaSqr+PhotonIndexSqr+log10Fa+log10PeakFlux)^2+log10NH+PhotonIndex+log10Ta+Alpha+log10T90+log10PeakFluxSqr+log10NHSqr+log10TaSqr+log10T90Sqr"
2684,2,"Response ~  (PhotonIndexSqr+Alpha+log10Fa+log10Ta+PhotonIndex)^2+log10PeakFlux+log10NH+log10T90+log10PeakFluxSqr+log10NHSqr+log10TaSqr+log10FaSqr+AlphaSqr+log10T90Sqr"
2715,2,"Response ~  (log10T90Sqr+log10FaSqr+log10Fa+log10Ta+PhotonIndex)^2+log10PeakFlux+log10NH+Alpha+log10T90+log10PeakFluxSqr+log10NHSqr+PhotonIndexSqr+log10TaSqr+AlphaSqr"
2828,2,"Response ~  (log10T90Sqr+AlphaSqr+Alpha+log10Fa+PhotonIndex)^2+log10PeakFlux+log10NH+log10Ta+log10T90+log10PeakFluxSqr+log10NHSqr+PhotonIndexSqr+log10TaSqr+log10FaSqr"
2848,2,"Response ~  (log10T90Sqr+log10FaSqr+log10T90+log10Fa+PhotonIndex)^2+log10PeakFlux+log10NH+log10Ta+Alpha+log10PeakFluxSqr+log10NHSqr+PhotonIndexSqr+log10TaSqr+AlphaSqr"
2930,2,"Response ~  (log10T90Sqr+AlphaSqr+log10NHSqr+Alpha+PhotonIndex)^2+log10PeakFlux+log10NH+log10Ta+log10Fa+log10T90+log10PeakFluxSqr+PhotonIndexSqr+log10TaSqr+log10FaSqr"
3242,2,"Response ~  (PhotonIndexSqr+log10NHSqr+log10PeakFluxSqr+Alpha+log10Fa)^2+log10PeakFlux+log10NH+PhotonIndex+log10Ta+log10T90+log10TaSqr+log10FaSqr+AlphaSqr+log10T90Sqr"
3462,2,"Response ~  (AlphaSqr+log10FaSqr+log10TaSqr+PhotonIndexSqr+log10PeakFluxSqr)^2+log10PeakFlux+log10NH+PhotonIndex+log10Ta+log10Fa+Alpha+log10T90+log10NHSqr+log10T90Sqr"
3832,2,"Response ~  (log10FaSqr+log10TaSqr+PhotonIndexSqr+log10Fa+log10NH+log10PeakFlux)^2+PhotonIndex+log10Ta+Alpha+log10T90+log10PeakFluxSqr+log10NHSqr+AlphaSqr+log10T90Sqr"
6283,2,"Response ~  (AlphaSqr+PhotonIndexSqr+log10NHSqr+log10T90+Alpha+log10Fa)^2+log10PeakFlux+log10NH+PhotonIndex+log10Ta+log10PeakFluxSqr+log10TaSqr+log10FaSqr+log10T90Sqr"
6296,2,"Response ~  (log10T90Sqr+AlphaSqr+PhotonIndexSqr+log10T90+Alpha+log10Fa)^2+log10PeakFlux+log10NH+PhotonIndex+log10Ta+log10PeakFluxSqr+log10NHSqr+log10TaSqr+log10FaSqr"
6499,2,"Response ~  (log10FaSqr+log10NHSqr+log10Fa+log10Ta+PhotonIndex+log10NH+log10PeakFlux)^2+Alpha+log10T90+log10PeakFluxSqr+PhotonIndexSqr+log10TaSqr+AlphaSqr+log10T90Sqr"
8422,2,"Response ~  (log10T90Sqr+AlphaSqr+log10T90+Alpha+log10Fa+PhotonIndex+log10NH)^2+log10PeakFlux+log10Ta+log10PeakFluxSqr+log10NHSqr+PhotonIndexSqr+log10TaSqr+log10FaSqr"
144,1,"Response ~  (log10TaSqr+log10Fa+log10PeakFlux)^2+log10NH+PhotonIndex+log10Ta+Alpha+log10T90+log10PeakFluxSqr+log10NHSqr+PhotonIndexSqr+log10FaSqr+AlphaSqr+log10T90Sqr"
274,1,"Response ~  (log10FaSqr+Alpha+PhotonIndex)^2+log10PeakFlux+log10NH+log10Ta+log10Fa+log10T90+log10PeakFluxSqr+log10NHSqr+PhotonIndexSqr+log10TaSqr+AlphaSqr+log10T90Sqr"
303,1,"Response ~  (log10T90Sqr+log10FaSqr+PhotonIndex)^2+log10PeakFlux+log10NH+log10Ta+log10Fa+Alpha+log10T90+log10PeakFluxSqr+log10NHSqr+PhotonIndexSqr+log10TaSqr+AlphaSqr"
353,1,"Response ~  (PhotonIndexSqr+Alpha+log10Fa)^2+log10PeakFlux+log10NH+PhotonIndex+log10Ta+log10T90+log10PeakFluxSqr+log10NHSqr+log10TaSqr+log10FaSqr+AlphaSqr+log10T90Sqr"
355,1,"Response ~  (log10FaSqr+Alpha+log10Fa)^2+log10PeakFlux+log10NH+PhotonIndex+log10Ta+log10T90+log10PeakFluxSqr+log10NHSqr+PhotonIndexSqr+log10TaSqr+AlphaSqr+log10T90Sqr"
379,1,"Response ~  (log10T90Sqr+PhotonIndexSqr+log10Fa)^2+log10PeakFlux+log10NH+PhotonIndex+log10Ta+Alpha+log10T90+log10PeakFluxSqr+log10NHSqr+log10TaSqr+log10FaSqr+AlphaSqr"
394,1,"Response ~  (PhotonIndexSqr+log10PeakFluxSqr+Alpha)^2+log10PeakFlux+log10NH+PhotonIndex+log10Ta+log10Fa+log10T90+log10NHSqr+log10TaSqr+log10FaSqr+AlphaSqr+log10T90Sqr"
442,1,"Response ~  (AlphaSqr+PhotonIndexSqr+log10PeakFluxSqr)^2+log10PeakFlux+log10NH+PhotonIndex+log10Ta+log10Fa+Alpha+log10T90+log10NHSqr+log10TaSqr+log10FaSqr+log10T90Sqr"
497,1,"Response ~  (log10FaSqr+log10Fa+log10NH+log10PeakFlux)^2+PhotonIndex+log10Ta+Alpha+log10T90+log10PeakFluxSqr+log10NHSqr+PhotonIndexSqr+log10TaSqr+AlphaSqr+log10T90Sqr"
654,1,"Response ~  (log10FaSqr+log10PeakFluxSqr+log10Fa+log10PeakFlux)^2+log10NH+PhotonIndex+log10Ta+Alpha+log10T90+log10NHSqr+PhotonIndexSqr+log10TaSqr+AlphaSqr+log10T90Sqr"
809,1,"Response ~  (log10T90Sqr+log10FaSqr+PhotonIndex+log10NH)^2+log10PeakFlux+log10Ta+log10Fa+Alpha+log10T90+log10PeakFluxSqr+log10NHSqr+PhotonIndexSqr+log10TaSqr+AlphaSqr"
932,1,"Response ~  (log10FaSqr+PhotonIndexSqr+log10T90+log10NH)^2+log10PeakFlux+PhotonIndex+log10Ta+log10Fa+Alpha+log10PeakFluxSqr+log10NHSqr+log10TaSqr+AlphaSqr+log10T90Sqr"
976,1,"Response ~  (Alpha+log10Fa+log10Ta+PhotonIndex)^2+log10PeakFlux+log10NH+log10T90+log10PeakFluxSqr+log10NHSqr+PhotonIndexSqr+log10TaSqr+log10FaSqr+AlphaSqr+log10T90Sqr"
1039,1,"Response ~  (log10FaSqr+log10PeakFluxSqr+log10Fa+PhotonIndex)^2+log10PeakFlux+log10NH+log10Ta+Alpha+log10T90+log10NHSqr+PhotonIndexSqr+log10TaSqr+AlphaSqr+log10T90Sqr"
1040,1,"Response ~  (AlphaSqr+log10PeakFluxSqr+log10Fa+PhotonIndex)^2+log10PeakFlux+log10NH+log10Ta+Alpha+log10T90+log10NHSqr+PhotonIndexSqr+log10TaSqr+log10FaSqr+log10T90Sqr"
1054,1,"Response ~  (AlphaSqr+log10FaSqr+log10Fa+PhotonIndex)^2+log10PeakFlux+log10NH+log10Ta+Alpha+log10T90+log10PeakFluxSqr+log10NHSqr+PhotonIndexSqr+log10TaSqr+log10T90Sqr"
1055,1,"Response ~  (log10T90Sqr+log10FaSqr+log10Fa+PhotonIndex)^2+log10PeakFlux+log10NH+log10Ta+Alpha+log10T90+log10PeakFluxSqr+log10NHSqr+PhotonIndexSqr+log10TaSqr+AlphaSqr"
1084,1,"Response ~  (log10T90Sqr+AlphaSqr+Alpha+PhotonIndex)^2+log10PeakFlux+log10NH+log10Ta+log10Fa+log10T90+log10PeakFluxSqr+log10NHSqr+PhotonIndexSqr+log10TaSqr+log10FaSqr"
1119,1,"Response ~  (log10T90Sqr+log10FaSqr+log10PeakFluxSqr+PhotonIndex)^2+log10PeakFlux+log10NH+log10Ta+log10Fa+Alpha+log10T90+log10NHSqr+PhotonIndexSqr+log10TaSqr+AlphaSqr"
1157,1,"Response ~  (PhotonIndexSqr+log10PeakFluxSqr+log10Fa+log10Ta)^2+log10PeakFlux+log10NH+PhotonIndex+Alpha+log10T90+log10NHSqr+log10TaSqr+log10FaSqr+AlphaSqr+log10T90Sqr"
1170,1,"Response ~  (log10T90Sqr+PhotonIndexSqr+log10Fa+log10Ta)^2+log10PeakFlux+log10NH+PhotonIndex+Alpha+log10T90+log10PeakFluxSqr+log10NHSqr+log10TaSqr+log10FaSqr+AlphaSqr"
1281,1,"Response ~  (AlphaSqr+PhotonIndexSqr+Alpha+log10Fa)^2+log10PeakFlux+log10NH+PhotonIndex+log10Ta+log10T90+log10PeakFluxSqr+log10NHSqr+log10TaSqr+log10FaSqr+log10T90Sqr"
1295,1,"Response ~  (PhotonIndexSqr+log10NHSqr+log10T90+log10Fa)^2+log10PeakFlux+log10NH+PhotonIndex+log10Ta+Alpha+log10PeakFluxSqr+log10TaSqr+log10FaSqr+AlphaSqr+log10T90Sqr"
1319,1,"Response ~  (log10FaSqr+log10TaSqr+log10PeakFluxSqr+log10Fa)^2+log10PeakFlux+log10NH+PhotonIndex+log10Ta+Alpha+log10T90+log10NHSqr+PhotonIndexSqr+AlphaSqr+log10T90Sqr"
1390,1,"Response ~  (log10T90Sqr+AlphaSqr+log10NHSqr+Alpha)^2+log10PeakFlux+log10NH+PhotonIndex+log10Ta+log10Fa+log10T90+log10PeakFluxSqr+PhotonIndexSqr+log10TaSqr+log10FaSqr"
1430,1,"Response ~  (log10T90Sqr+log10FaSqr+PhotonIndexSqr+log10T90)^2+log10PeakFlux+log10NH+PhotonIndex+log10Ta+log10Fa+Alpha+log10PeakFluxSqr+log10NHSqr+log10TaSqr+AlphaSqr"
1446,1,"Response ~  (log10FaSqr+log10TaSqr+PhotonIndexSqr+log10PeakFluxSqr)^2+log10PeakFlux+log10NH+PhotonIndex+log10Ta+log10Fa+Alpha+log10T90+log10NHSqr+AlphaSqr+log10T90Sqr"
1487,1,"Response ~  (log10FaSqr+log10Fa+PhotonIndex+log10NH+log10PeakFlux)^2+log10Ta+Alpha+log10T90+log10PeakFluxSqr+log10NHSqr+PhotonIndexSqr+log10TaSqr+AlphaSqr+log10T90Sqr"
1594,1,"Response ~  (log10FaSqr+log10NHSqr+log10Fa+log10NH+log10PeakFlux)^2+PhotonIndex+log10Ta+Alpha+log10T90+log10PeakFluxSqr+PhotonIndexSqr+log10TaSqr+AlphaSqr+log10T90Sqr"
1598,1,"Response ~  (log10FaSqr+PhotonIndexSqr+log10Fa+log10NH+log10PeakFlux)^2+PhotonIndex+log10Ta+Alpha+log10T90+log10PeakFluxSqr+log10NHSqr+log10TaSqr+AlphaSqr+log10T90Sqr"
1730,1,"Response ~  (log10FaSqr+log10TaSqr+log10Ta+PhotonIndex+log10PeakFlux)^2+log10NH+log10Fa+Alpha+log10T90+log10PeakFluxSqr+log10NHSqr+PhotonIndexSqr+AlphaSqr+log10T90Sqr"
1741,1,"Response ~  (log10FaSqr+Alpha+log10Fa+PhotonIndex+log10PeakFlux)^2+log10NH+log10Ta+log10T90+log10PeakFluxSqr+log10NHSqr+PhotonIndexSqr+log10TaSqr+AlphaSqr+log10T90Sqr"
1759,1,"Response ~  (log10FaSqr+log10NHSqr+log10Fa+PhotonIndex+log10PeakFlux)^2+log10NH+log10Ta+Alpha+log10T90+log10PeakFluxSqr+PhotonIndexSqr+log10TaSqr+AlphaSqr+log10T90Sqr"
1770,1,"Response ~  (log10T90Sqr+log10FaSqr+log10Fa+PhotonIndex+log10PeakFlux)^2+log10NH+log10Ta+Alpha+log10T90+log10PeakFluxSqr+log10NHSqr+PhotonIndexSqr+log10TaSqr+AlphaSqr"
1868,1,"Response ~  (log10FaSqr+log10T90+log10Fa+log10Ta+log10PeakFlux)^2+log10NH+PhotonIndex+Alpha+log10PeakFluxSqr+log10NHSqr+PhotonIndexSqr+log10TaSqr+AlphaSqr+log10T90Sqr"
2044,1,"Response ~  (log10FaSqr+log10TaSqr+log10NHSqr+log10Fa+log10PeakFlux)^2+log10NH+PhotonIndex+log10Ta+Alpha+log10T90+log10PeakFluxSqr+PhotonIndexSqr+AlphaSqr+log10T90Sqr"
2048,1,"Response ~  (log10T90Sqr+log10FaSqr+log10NHSqr+log10Fa+log10PeakFlux)^2+log10NH+PhotonIndex+log10Ta+Alpha+log10T90+log10PeakFluxSqr+PhotonIndexSqr+log10TaSqr+AlphaSqr"
2057,1,"Response ~  (log10T90Sqr+log10FaSqr+log10TaSqr+log10Fa+log10PeakFlux)^2+log10NH+PhotonIndex+log10Ta+Alpha+log10T90+log10PeakFluxSqr+log10NHSqr+PhotonIndexSqr+AlphaSqr"
2265,1,"Response ~  (log10T90Sqr+log10FaSqr+log10Fa+PhotonIndex+log10NH)^2+log10PeakFlux+log10Ta+Alpha+log10T90+log10PeakFluxSqr+log10NHSqr+PhotonIndexSqr+log10TaSqr+AlphaSqr"
2568,1,"Response ~  (AlphaSqr+PhotonIndexSqr+log10T90+Alpha+log10NH)^2+log10PeakFlux+PhotonIndex+log10Ta+log10Fa+log10PeakFluxSqr+log10NHSqr+log10TaSqr+log10FaSqr+log10T90Sqr"
2669,1,"Response ~  (AlphaSqr+log10FaSqr+PhotonIndexSqr+log10NHSqr+log10NH)^2+log10PeakFlux+PhotonIndex+log10Ta+log10Fa+Alpha+log10T90+log10PeakFluxSqr+log10TaSqr+log10T90Sqr"
2764,1,"Response ~  (log10T90Sqr+log10FaSqr+log10T90+log10Ta+PhotonIndex)^2+log10PeakFlux+log10NH+log10Fa+Alpha+log10PeakFluxSqr+log10NHSqr+PhotonIndexSqr+log10TaSqr+AlphaSqr"
2821,1,"Response ~  (AlphaSqr+PhotonIndexSqr+Alpha+log10Fa+PhotonIndex)^2+log10PeakFlux+log10NH+log10Ta+log10T90+log10PeakFluxSqr+log10NHSqr+log10TaSqr+log10FaSqr+log10T90Sqr"
2839,1,"Response ~  (log10T90Sqr+log10NHSqr+log10T90+log10Fa+PhotonIndex)^2+log10PeakFlux+log10NH+log10Ta+Alpha+log10PeakFluxSqr+PhotonIndexSqr+log10TaSqr+log10FaSqr+AlphaSqr"
2857,1,"Response ~  (AlphaSqr+PhotonIndexSqr+log10PeakFluxSqr+log10Fa+PhotonIndex)^2+log10PeakFlux+log10NH+log10Ta+Alpha+log10T90+log10NHSqr+log10TaSqr+log10FaSqr+log10T90Sqr"
2878,1,"Response ~  (AlphaSqr+log10FaSqr+PhotonIndexSqr+log10Fa+PhotonIndex)^2+log10PeakFlux+log10NH+log10Ta+Alpha+log10T90+log10PeakFluxSqr+log10NHSqr+log10TaSqr+log10T90Sqr"
2940,1,"Response ~  (log10T90Sqr+AlphaSqr+log10FaSqr+Alpha+PhotonIndex)^2+log10PeakFlux+log10NH+log10Ta+log10Fa+log10T90+log10PeakFluxSqr+log10NHSqr+PhotonIndexSqr+log10TaSqr"
3006,1,"Response ~  (AlphaSqr+log10FaSqr+log10TaSqr+PhotonIndexSqr+PhotonIndex)^2+log10PeakFlux+log10NH+log10Ta+log10Fa+Alpha+log10T90+log10PeakFluxSqr+log10NHSqr+log10T90Sqr"
3268,1,"Response ~  (AlphaSqr+log10TaSqr+PhotonIndexSqr+Alpha+log10Fa)^2+log10PeakFlux+log10NH+PhotonIndex+log10Ta+log10T90+log10PeakFluxSqr+log10NHSqr+log10FaSqr+log10T90Sqr"
3325,1,"Response ~  (AlphaSqr+log10FaSqr+PhotonIndexSqr+log10PeakFluxSqr+log10Fa)^2+log10PeakFlux+log10NH+PhotonIndex+log10Ta+Alpha+log10T90+log10NHSqr+log10TaSqr+log10T90Sqr"
3329,1,"Response ~  (log10T90Sqr+log10FaSqr+log10TaSqr+log10PeakFluxSqr+log10Fa)^2+log10PeakFlux+log10NH+PhotonIndex+log10Ta+Alpha+log10T90+log10NHSqr+PhotonIndexSqr+AlphaSqr"
3364,1,"Response ~  (AlphaSqr+PhotonIndexSqr+log10NHSqr+log10T90+Alpha)^2+log10PeakFlux+log10NH+PhotonIndex+log10Ta+log10Fa+log10PeakFluxSqr+log10TaSqr+log10FaSqr+log10T90Sqr"
3551,1,"Response ~  (AlphaSqr+log10FaSqr+log10Fa+PhotonIndex+log10NH+log10PeakFlux)^2+log10Ta+Alpha+log10T90+log10PeakFluxSqr+log10NHSqr+PhotonIndexSqr+log10TaSqr+log10T90Sqr"
3823,1,"Response ~  (log10FaSqr+PhotonIndexSqr+log10NHSqr+log10Fa+log10NH+log10PeakFlux)^2+PhotonIndex+log10Ta+Alpha+log10T90+log10PeakFluxSqr+log10TaSqr+AlphaSqr+log10T90Sqr"
3995,1,"Response ~  (log10FaSqr+PhotonIndexSqr+log10Fa+log10Ta+PhotonIndex+log10PeakFlux)^2+log10NH+Alpha+log10T90+log10PeakFluxSqr+log10NHSqr+log10TaSqr+AlphaSqr+log10T90Sqr"
4156,1,"Response ~  (log10FaSqr+log10TaSqr+log10NHSqr+log10Fa+PhotonIndex+log10PeakFlux)^2+log10NH+log10Ta+Alpha+log10T90+log10PeakFluxSqr+PhotonIndexSqr+AlphaSqr+log10T90Sqr"
4338,1,"Response ~  (log10FaSqr+PhotonIndexSqr+log10T90+log10Fa+log10Ta+log10PeakFlux)^2+log10NH+PhotonIndex+Alpha+log10PeakFluxSqr+log10NHSqr+log10TaSqr+AlphaSqr+log10T90Sqr"
4554,1,"Response ~  (log10FaSqr+log10TaSqr+PhotonIndexSqr+Alpha+log10Fa+log10PeakFlux)^2+log10NH+PhotonIndex+log10Ta+log10T90+log10PeakFluxSqr+log10NHSqr+AlphaSqr+log10T90Sqr"
4772,1,"Response ~  (log10FaSqr+log10T90+log10Fa+log10Ta+PhotonIndex+log10NH)^2+log10PeakFlux+Alpha+log10PeakFluxSqr+log10NHSqr+PhotonIndexSqr+log10TaSqr+AlphaSqr+log10T90Sqr"
4898,1,"Response ~  (log10TaSqr+PhotonIndexSqr+Alpha+log10Fa+PhotonIndex+log10NH)^2+log10PeakFlux+log10Ta+log10T90+log10PeakFluxSqr+log10NHSqr+log10FaSqr+AlphaSqr+log10T90Sqr"
4951,1,"Response ~  (AlphaSqr+log10FaSqr+log10NHSqr+log10Fa+PhotonIndex+log10NH)^2+log10PeakFlux+log10Ta+Alpha+log10T90+log10PeakFluxSqr+PhotonIndexSqr+log10TaSqr+log10T90Sqr"
5385,1,"Response ~  (log10T90Sqr+log10FaSqr+PhotonIndexSqr+log10T90+log10Fa+log10NH)^2+log10PeakFlux+PhotonIndex+log10Ta+Alpha+log10PeakFluxSqr+log10NHSqr+log10TaSqr+AlphaSqr"
6099,1,"Response ~  (log10T90Sqr+log10FaSqr+PhotonIndexSqr+log10T90+log10Fa+log10Ta)^2+log10PeakFlux+log10NH+PhotonIndex+Alpha+log10PeakFluxSqr+log10NHSqr+log10TaSqr+AlphaSqr"
6871,1,"Response ~  (log10FaSqr+PhotonIndexSqr+log10NHSqr+log10Fa+log10Ta+log10NH+log10PeakFlux)^2+PhotonIndex+Alpha+log10T90+log10PeakFluxSqr+log10TaSqr+AlphaSqr+log10T90Sqr"
7566,1,"Response ~  (log10T90Sqr+log10FaSqr+log10TaSqr+log10T90+log10Fa+PhotonIndex+log10PeakFlux)^2+log10NH+log10Ta+Alpha+log10PeakFluxSqr+log10NHSqr+PhotonIndexSqr+AlphaSqr"
8453,1,"Response ~  (log10T90Sqr+AlphaSqr+PhotonIndexSqr+Alpha+log10Fa+PhotonIndex+log10NH)^2+log10PeakFlux+log10Ta+log10T90+log10PeakFluxSqr+log10NHSqr+log10TaSqr+log10FaSqr"
8562,1,"Response ~  (log10T90Sqr+AlphaSqr+log10FaSqr+log10T90+Alpha+PhotonIndex+log10NH)^2+log10PeakFlux+log10Ta+log10Fa+log10PeakFluxSqr+log10NHSqr+PhotonIndexSqr+log10TaSqr"
8739,1,"Response ~  (log10T90Sqr+log10FaSqr+PhotonIndexSqr+log10T90+log10Fa+log10Ta+log10NH)^2+log10PeakFlux+PhotonIndex+Alpha+log10PeakFluxSqr+log10NHSqr+log10TaSqr+AlphaSqr"
8936,1,"Response ~  (log10T90Sqr+AlphaSqr+PhotonIndexSqr+log10T90+Alpha+log10Fa+log10NH)^2+log10PeakFlux+PhotonIndex+log10Ta+log10PeakFluxSqr+log10NHSqr+log10TaSqr+log10FaSqr"
9292,1,"Response ~  (log10T90Sqr+AlphaSqr+PhotonIndexSqr+log10PeakFluxSqr+Alpha+log10Ta+PhotonIndex)^2+log10PeakFlux+log10NH+log10Fa+log10T90+log10NHSqr+log10TaSqr+log10FaSqr"
9522,1,"Response ~  (log10T90Sqr+AlphaSqr+log10TaSqr+log10NHSqr+log10T90+Alpha+PhotonIndex)^2+log10PeakFlux+log10NH+log10Ta+log10Fa+log10PeakFluxSqr+PhotonIndexSqr+log10FaSqr"
9955,1,"Response ~  (log10T90Sqr+log10FaSqr+log10T90+log10Fa+log10Ta+PhotonIndex+log10NH+log10PeakFlux)^2+Alpha+log10PeakFluxSqr+log10NHSqr+PhotonIndexSqr+log10TaSqr+AlphaSqr"
11973,1,"Response ~  (log10T90Sqr+log10FaSqr+log10TaSqr+log10NHSqr+log10T90+log10Fa+PhotonIndex+log10NH)^2+log10PeakFlux+log10Ta+Alpha+log10PeakFluxSqr+PhotonIndexSqr+AlphaSqr"
