"","InvZphot","InvZspec","Dlogz","Zphot","Zspec","Dz","normDz","SD","z_SD","pred_max","pred_min","linpred_max","linpred_min"
"000926A",0.3949,0.4829,0.088,1.48256140858989,2.04018491662944,0.557623508039548,0.183417628641408,0,0,0.421051978053511,0.352926132598769,1.63664693110654,1.25385583027865
"050315A",0.3805,0.4697,0.0892,1.4015962678857,1.94917130750827,0.547575039622578,0.185670814790755,0,0,0.403146819966451,0.357399754242186,1.53015320930305,1.2771925496127
"050318A",0.4299,0.3874,-0.0425,1.69091512648098,1.44005715942821,-0.250857967052768,-0.102808233849552,0,0,0.448822627689705,0.403249316616687,1.81075264286233,1.5307504142962
"050401A",0.4264,0.5911,0.1647,1.66931606362429,2.90031784475066,1.23100178112637,0.315615760080462,0,0,0.459549349811422,0.407875450751867,1.88104040996293,1.55785222743903
"050416A",0.2932,0.2182,-0.075,0.964264645879856,0.65272272994873,-0.311541915931125,-0.188502227437018,0,0,0.30967644602662,0.276514317109945,1.04021739483157,0.890228544121883
"050502A",0.4994,0.6803,0.1809,2.15791182863225,3.78960832497788,1.63169649634563,0.340674306881485,0,0,0.518712505387324,0.466607764002408,2.30150915111684,1.92824738419363
"050502B",0.4536,0.6806,0.227,1.84184246806359,3.79291801219085,1.95107554412726,0.40707467542,0,0,0.482112675817547,0.437190995283497,2.03467841620587,1.7364719152508
"050505A",0.5637,0.7218,0.1581,2.66184535945298,4.26987118996723,1.60802583051426,0.305135699251172,0,0,0.582636515523869,0.544935223001614,2.82504470686416,2.50699561615756
"050525A",0.4565,0.2068,-0.2497,1.86088236062721,0.609904076215706,-1.2509782844115,-0.777051442314559,0,0,0.482785530958408,0.442322003509757,2.03938370636943,1.76899392868618
"050603A",0.442,0.5821,0.1401,1.76694164541151,2.82032226884411,1.0533806234326,0.275730828266305,0,0,0.482682632501116,0.425497035795209,2.03866366303386,1.66377191557255
"050730A",0.4579,0.6961,0.2382,1.87011963646444,3.96706679223423,2.09694715576979,0.422170114371779,0,0,0.486605767022346,0.427404834105999,2.06623733248894,1.67549925331312
"050801A",0.39,0.4082,0.0182,1.45470891568503,1.559764430599,0.105055514913968,0.0410410870852612,0,0,0.431973642293479,0.363188033672795,1.70379426352434,1.30774614236988
"050802A",0.4181,0.433,0.0149,1.61878593654756,1.71019163189084,0.0914056953432865,0.0337266539634006,0,0,0.431260530590792,0.394183907588465,1.69935827527021,1.47847137605021
"050803A",0.4415,0.6532,0.2117,1.76375791917037,3.49987033872151,1.73611241955114,0.385813876593698,0,0,0.467890376304592,0.415898277375825,1.93690823022196,1.60554319517171
"050824A",0.2562,0.2619,0.00570000000000004,0.803848252431749,0.82767932897041,0.0238310765386607,0.0130389812703553,0,0,0.312253101348515,0.186640693801284,1.05235791867976,0.536882600333774
"050904A",0.6347,0.8627,0.228,3.31221096940127,6.28953792855699,2.97732695915572,0.408438365824526,0,0,0.670239271971164,0.606211090400367,3.67992908192534,3.03841633955634
"050908A",0.3577,0.6375,0.2798,1.27876741143295,3.34010263644744,2.06133522501449,0.474950801325238,0,0,0.381650177629597,0.344759432299699,1.40796504163665,1.21186915482896
"051016B",0.3624,0.287,-0.0754,1.30356250011753,0.936421963946607,-0.367140536170928,-0.189597382701992,0,0,0.371747995948953,0.346379317283286,1.35368313758094,1.22013466176657
"051028A",0.4405,0.6628,0.2223,1.75740145234636,3.60044666393478,1.84304521158842,0.400623101673361,0,0,0.454077271769222,0.426264418368369,1.84496725271617,1.66848286459427
"051109A",0.4536,0.5245,0.0709,1.84184246806359,2.34580017853301,0.503957710469419,0.150623971420308,0,0,0.476038119886485,0.434227728221156,1.99252729201635,1.71786404425061
"051111A",0.3511,0.4065,0.0554,1.24439865617831,1.54976408779928,0.305365431620969,0.119762229408656,0,0,0.370209173606825,0.324706560440865,1.34535816170172,1.11206150196478
"060115A",0.5514,0.6561,0.1047,2.55959018006083,3.5300187543224,0.970428574261575,0.214221756440991,0,0,0.574706537857538,0.532795532255155,2.7558352863763,2.41032314312201
"060124A",0.3728,0.518,0.1452,1.35939144304405,2.29609712177458,0.936705678730529,0.284186310088526,0,0,0.43220816887573,0.327740376341348,1.70525475381526,1.12686721280773
"060206A",0.5307,0.7031,0.1724,2.39390748774429,4.04777513500947,1.65386764726518,0.327642892765681,0,0,0.561763051217118,0.495479512920627,2.64554993371438,2.12953283786672
"060210A",0.5696,0.6911,0.1215,2.7119319004414,3.91020924883086,1.19827734838946,0.244037939661079,0,0,0.59669089513497,0.550838978219824,2.95085321846892,2.55499486883698
"060306A",0.4296,0.4081,-0.0215,1.68905695002925,1.55917509090989,-0.129881859119357,-0.0507514548655515,0,0,0.465311045568631,0.388201124738663,1.91951724959658,1.44456238411873
"060418A",0.4258,0.396,-0.0298,1.66563081346512,1.48885731828239,-0.176773495182733,-0.0710259659660714,0,0,0.45264191685134,0.408294311060485,1.83558008056813,1.56032036746362
"060510B",0.5627,0.7709,0.2082,2.65342334883456,4.90065196995666,2.24722862112211,0.380844122406123,0,0,0.601712320452945,0.537075373375527,2.99679911429597,2.44409699123592
"060526A",0.4561,0.6254,0.1693,1.85824860367274,3.22085079179884,1.36260218812611,0.322826428921311,0,0,0.477242996644863,0.428206443764056,2.00084108130741,1.68044218183557
"060604A",0.5013,0.4963,-0.00499999999999995,2.17175767906771,2.13545086914429,-0.0363068099234152,-0.0115794542598985,0,0,0.516386912415373,0.475632035444715,2.28387723046284,1.98973045516713
"060607A",0.5035,0.6101,0.1066,2.1878655756959,3.0747409137987,0.886875338102804,0.21765195796854,0,0,0.526782530188588,0.48536152459724,2.36343105830172,2.05746521401532
"060707A",0.4939,0.6459,0.152,2.11817151590146,3.42486474355665,1.30669322765519,0.295306931032853,0,0,0.525734216801968,0.456515958676119,2.35532209566657,1.86098748914198
"060714A",0.5446,0.5695,0.0249,2.50428968264438,2.71107729492926,0.206787612284874,0.0557217206355213,0,0,0.562210111899,0.517062157834058,2.6493045777175,2.28898700707164
"060729A",0.3282,0.1875,-0.1407,1.1291193159295,0.539926526059492,-0.589192789870012,-0.382610975198728,0,0,0.359404632733276,0.280734390034571,1.28772929108628,0.908685569386741
"060814A",0.471,0.4658,-0.00519999999999998,1.95801246655155,1.92280606593193,-0.0352064006196162,-0.0120454110965418,0,0,0.483540513135137,0.44681317329598,2.04467199882335,1.79777750053118
"060906A",0.6359,0.6708,0.0348999999999999,3.32414252509865,3.68597535308626,0.361832827987613,0.077216118464922,0,0,0.666151839408666,0.593241739118234,3.63608979840691,2.91959991085255
"060908A",0.4832,0.4599,-0.0233,2.04228572748096,1.88336750678026,-0.158918220700699,-0.0551154926754919,0,0,0.501565399649397,0.467826069799586,2.17369654928738,1.93647339089097
"060926A",0.5345,0.6232,0.0887,2.42373387626452,3.19952334664066,0.775789470376134,0.184732743775961,0,0,0.581113878942432,0.46803957384146,2.81165758034323,1.93791734907319
"060927A",0.6399,0.8109,0.171,3.36415332326273,5.46993622808681,2.10578290482408,0.325471972302078,0,0,0.650157008280699,0.629976564378,3.46845108598187,3.26556500119475
"061007A",0.4289,0.3541,-0.0748,1.68472619343114,1.25995608443438,-0.424770108996769,-0.187955027941652,0,0,0.447292383923691,0.415997898049555,1.800866337101,1.60614093645535
"061110A",0.4257,0.245,-0.1807,1.66501709994676,0.757923613958693,-0.907093485988071,-0.516002788053671,0,0,0.540172335475952,0.385241485689774,2.46874468866134,1.42795976583586
"061121A",0.3743,0.3644,-0.00990000000000002,1.36755458151768,1.31419526151125,-0.0533593200064311,-0.0230573974866691,0,0,0.392903906819388,0.355242700846026,1.4711773050957,1.26591023363786
"061126A",0.5377,0.3342,-0.2035,2.4490540481442,1.15873831601281,-1.29031573213139,-0.59771752905864,0,0,0.56624771674079,0.517318305953606,2.68339010209091,2.29092743313278
"061222A",0.5577,0.4897,-0.068,2.61160295758232,2.08816146918451,-0.523441488397805,-0.169499391019871,0,0,0.605950193900939,0.528095760556053,3.03599104445604,2.37361687640708
"070110A",0.4494,0.5253,0.0759,1.81449187981215,2.35196905022163,0.537477170409482,0.160346698420125,0,0,0.474141220375872,0.422217895594194,1.97948511685841,1.64373484759666
"070208A",0.5033,0.3355,-0.1678,2.18639784732817,1.16520987930793,-1.02118796802024,-0.471634633565707,0,0,0.527117463373415,0.477618027905948,2.36602597771636,2.0034335509808
"070223A",0.5315,0.4199,-0.1116,2.40016505804071,1.62966242003022,-0.770502638010487,-0.293004391796279,0,0,0.575037178365945,0.494906114103281,2.75869579734464,2.12540364349581
"070306A",0.612,0.3972,-0.2148,3.09260659730011,1.49574379483157,-1.59686280246854,-0.639834427626537,0,0,0.648701656737467,0.58245096290101,3.45350205179225,2.82341080289093
"070411A",0.633,0.5966,-0.0364,3.29536426764887,2.95002641597884,-0.345337851670036,-0.0874267195462437,0,0,0.662281438844346,0.612251772844047,3.5949568652924,3.09497988542925
"070508A",0.4119,0.2601,-0.1518,1.58166567170163,0.820119908460103,-0.761545763241523,-0.418404172000856,0,0,0.426645003151471,0.388393767972565,1.6708223580425,1.44564697737246
"070521A",0.5566,0.4895,-0.0671,2.60246690711487,2.08673964568386,-0.515727261431016,-0.167078315837926,0,0,0.5742402231974,0.531886903181425,2.75180470068095,2.40319553827323
"070529A",0.7178,0.544,-0.1738,4.2215567204896,2.49945167028357,-1.72210505020602,-0.492107110616697,0,0,0.740167645798651,0.690982071627001,4.49753047869558,3.90887611106148
"070612A",0.4255,0.223,-0.2025,1.66379009676699,0.671090614310708,-0.992699482456282,-0.594042880712218,0,0,0.4650574960067,0.391496377909999,1.91781327612089,1.46318129479766
"070721B",0.5599,0.6652,0.1053,2.62994462582726,3.6259400476616,0.995995421834341,0.215306599647311,0,0,0.632205341149362,0.501320488552527,3.28751192676833,2.17190731545367
"070810A",0.4924,0.5011,0.00869999999999999,2.10742031038859,2.17029736695272,0.0628770565641372,0.019833173133716,0,0,0.510641696198298,0.479459123889921,2.24072139412122,2.01619297354247
"071003A",0.4587,0.4157,-0.043,1.87541146467401,1.60435390455169,-0.271057560122316,-0.104078619902073,0,0,0.487199618410076,0.424840248974352,2.07043295291363,1.65974651779876
"071010A",0.5564,0.2989,-0.2575,2.60080829173483,0.990215022279335,-1.61059326945549,-0.809255910253821,0,0,0.599317084489909,0.502145883932503,2.97481650478728,2.17794139420586
"071010B",0.4193,0.2894,-0.1299,1.62603191557853,0.9471526498539,-0.678879265724628,-0.348652308166782,0,0,0.439658800891922,0.383033966472359,1.75206572092873,1.41564975669829
"071020A",0.3376,0.4976,0.16,1.1757049509258,2.14485046547696,0.969145514551165,0.308169029081063,0,0,0.36352360166067,0.309460508927113,1.30952996652699,1.03920322325618
"071112C",0.3436,0.2601,-0.0835,1.20597202174733,0.820119908460103,-0.385852113287224,-0.211992688774923,0,0,0.361054221175473,0.333514045904334,1.29643533757333,1.15533134992823
"071117A",0.4723,0.3675,-0.1048,1.966880130021,1.33077311528264,-0.636107014738365,-0.27291674619356,0,0,0.514995601618232,0.446408160644219,2.27337379704196,1.79516957634957
"080310A",0.478,0.534,0.056,2.00607630262823,2.41979442513709,0.413718122508858,0.120977483169116,0,0,0.520069319041074,0.437563588080078,2.31183978529408,1.73882061471133
"080319B",0.3747,0.2871,-0.0876,1.36973618438321,0.9368678929189,-0.43286829146431,-0.223488805326815,0,0,0.399453216432724,0.347552575074014,1.50872591706416,1.22614052189564
"080319C",0.3117,0.4698,0.1581,1.0497457754534,1.94985045748424,0.900104682030842,0.305135699251172,0,0,0.373037092173144,0.251370822909983,1.36067984524345,0.783901303801411
"080330A",0.4636,0.3997,-0.0639,1.90803748273531,1.51015188099533,-0.397885601739984,-0.158510568524728,0,0,0.475576837702168,0.454539350488386,1.98935049204983,1.84799583925738
"080411A",0.2557,0.3075,0.0518,0.801772690402519,1.03001851985968,0.228245829457165,0.112435343433685,0,0,0.289339568307788,0.214748132309267,0.946881724138541,0.639638594269963
"080430A",0.4036,0.2472,-0.1564,1.53279476568999,0.766851298453881,-0.765943467236113,-0.433507600728124,0,0,0.42209645737768,0.385010684422555,1.64299570497332,1.42666979477384
"080516A",0.4424,0.6232,0.1808,1.76949126680968,3.19952334664066,1.43003207983098,0.340522474050515,0,0,0.464554904516849,0.400230390352363,1.91443856157201,1.51321932417436
"080603A",0.4311,0.4298,-0.00129999999999997,1.6983606814263,1.69029559170462,-0.00806508972168452,-0.00299784519833166,0,0,0.445292041199366,0.402515673269133,1.78799532507513,1.5264788866738
"080603B",0.4102,0.5669,0.1567,1.57157976637274,2.68892648118996,1.11734671481722,0.302892107097996,0,0,0.431202903004736,0.397734994643158,1.69900011464973,1.49882012289275
"080607A",0.5437,0.606,0.0623,2.49703516943459,3.03645392967605,0.539418760241457,0.133636793492339,0,0,0.565766173993776,0.516544507546461,2.67930824775783,2.2850690875873
"080710A",0.5176,0.266,-0.2516,2.29306270175208,0.845015419179474,-1.44804728257261,-0.784842916498007,0,0,0.543896295039016,0.491799140880047,2.49861613774081,2.10312407615723
"080721A",0.3614,0.5552,0.1938,1.2982644533865,2.59087262369451,1.29260817030801,0.359970487891629,0,0,0.3808331741132,0.341514282740079,1.40343938756784,1.19540314866861
"080905B",0.6173,0.5281,-0.0892,3.14285754460685,2.37364980873767,-0.769207735869181,-0.228004617988788,0,0,0.686664745250134,0.559102809544393,3.86031867279895,2.62328761528223
"080928A",0.5001,0.4301,-0.07,2.1630058853452,1.69215462407529,-0.470851261269916,-0.17489755493953,0,0,0.515264375369332,0.465683812743196,2.27540023138305,1.92202422915675
"081008A",0.4958,0.4725,-0.0233,2.13184312511164,1.96824674346324,-0.163596381648401,-0.055115492675492,0,0,0.510271476278071,0.466988544412679,2.23795997663268,1.93081593673711
"081028A",0.5111,0.6062,0.0951,2.24414307904885,3.03831321348852,0.794170134439667,0.196658875242027,0,0,0.530812100652037,0.489059588402779,2.39478364059616,2.08361101537608
"081029A",0.5597,0.6856,0.1259,2.62827335940335,3.84841738708446,1.22014402768111,0.25165820725984,0,0,0.602414320383474,0.52099366297522,3.00326482286393,2.3188961473709
"081203A",0.5271,0.4914,-0.0357,2.36589062949252,2.10027344199819,-0.26561718749433,-0.0856754065290237,0,0,0.547227028297883,0.501440632826229,2.52555121765562,2.17278492093509
"081221A",0.3702,0.5132,0.143,1.34530862120028,2.25986788904468,0.91455926784441,0.280551021996301,0,0,0.400021533056207,0.34305002697933,1.51201097818216,1.20318023580178
"081230A",0.4927,0.4914,-0.00130000000000002,2.1095675818498,2.10027344199819,-0.00929413985160998,-0.00299784519833183,0,0,0.512835346058298,0.474152750203277,2.25713190042324,1.97956421849704
"090102A",0.323,0.406,0.083,1.10377843976648,1.54683025258504,0.443051812818566,0.173962050422821,0,0,0.393745733109075,0.250430339405771,1.47597202300366,0.780042368144632
"090313A",0.4632,0.6415,0.1783,1.90536031430315,3.3802611117036,1.47490079740046,0.336715268744978,0,0,0.480140286147707,0.44855400197828,2.02092738517146,1.80901463559078
"090418A",0.5223,0.4163,-0.106,2.32889425758537,1.6079544390266,-0.72093981855877,-0.276438808811344,0,0,0.537037428464041,0.507636448564618,2.44379608884829,2.21837353672432
"090423A",0.7426,0.9666,0.224,4.52840689563094,8.25976574561247,3.73135884998153,0.402964713416163,0,0,0.770686684685109,0.690596549686049,4.89775441906854,3.90452044963977
"090424A",0.3272,0.1886,-0.1386,1.1242224773887,0.54383186282482,-0.580390614563877,-0.375941596063389,0,0,0.357402012898956,0.282541362635562,1.2772043927513,0.916643597072802
"090516A",0.4957,0.7083,0.2126,2.13112207459949,4.10857766163356,1.97745558703407,0.387085352912448,0,0,0.53356773384131,0.460689540514673,2.41639229587554,1.88861419115597
"090519A",0.7864,0.6857,-0.1007,5.11504982517029,3.84953390498341,-1.26551592018687,-0.260956195993685,0,0,0.837020130968058,0.728647425287374,5.87100288619188,4.35361856473678
"090618A",0.321,0.1875,-0.1335,1.09411245585089,0.539926526059492,-0.5541859297914,-0.359878163284519,0,0,0.349328057594306,0.296876891811897,1.23526005719007,0.980965407731504
"090726A",0.3842,0.5694,0.1852,1.42214422857512,2.71022288617465,1.28807865759953,0.347170155841386,0,0,0.401380339139431,0.363649764800297,1.51988278240631,1.31020098559509
"090809A",0.4965,0.5725,0.076,2.13689513015838,2.73680125382116,0.599906123662781,0.160540013480603,0,0,0.515261728226013,0.479968596392891,2.27538026698613,2.01973335716571
"090927A",0.3826,0.3747,-0.00790000000000002,1.41323713700861,1.36973618438321,-0.0435009526253993,-0.0183568757197847,0,0,0.40810522691322,0.351356661883851,1.55920589182303,1.24572545599714
"091020A",0.4435,0.433,-0.0105,1.77651484610551,1.71019163189084,-0.0663232142146666,-0.0244717803103813,0,0,0.463070617020242,0.431161683935122,1.90449489187171,1.69874396358401
"091029A",0.4465,0.5743,0.1278,1.79576072758083,2.7523211390275,0.956560411446667,0.254924985363748,0,0,0.462918712515098,0.425652575996875,1.90347915548624,1.6647261018239
"091109A",0.5884,0.6102,0.0217999999999999,2.87614486700241,3.07567926559489,0.199534398592482,0.0489573358426077,0,0,0.607828510514895,0.570422248798979,3.05348444254585,2.71896635009628
"091127A",0.2074,0.1732,-0.0342,0.612129777998243,0.490047111787099,-0.122082666211144,-0.0819320847276588,0,0,0.231240999528467,0.167545851771663,0.703103335593827,0.470773687972587
"100219A",0.4898,0.7533,0.2635,2.08887262651275,4.66630568409604,2.57743305758328,0.454870104311089,0,0,0.532394364459943,0.466398934050523,2.40717440375363,1.92683967861942
"100316B",0.4053,0.3385,-0.0668,1.54272855369,1.18021839718595,-0.362510156504054,-0.166272405081965,0,0,0.429603443043785,0.371163466488666,1.68907826869183,1.35051737853006
"100418A",0.3497,0.2105,-0.1392,1.23717521879527,0.623678350482441,-0.613496868312833,-0.377843843351453,0,0,0.386148448834462,0.3237818718044,1.43303551760107,1.10756933895418
"100425A",0.464,0.4401,-0.0239,1.91071711806661,1.75486296095247,-0.155854157114135,-0.0565741960029291,0,0,0.484818780305353,0.428869068571361,2.0536466406938,1.68453498800956
"100508A",0.4446,0.1819,-0.2627,1.78355623757743,0.520197451030827,-1.2633587865466,-0.831049141471676,0,0,0.482408929194095,0.411648226718353,2.03674922408405,1.58016943794477
"100728A",0.4261,0.4094,-0.0167,1.66747280212458,1.56684710166787,-0.100625700456708,-0.0392020624802014,0,0,0.445301292109412,0.403437131828251,1.78805471281716,1.53184510058913
"100816A",0.4335,0.2562,-0.1773,1.7133136521507,0.803848252431749,-0.909465399718949,-0.504180658485495,0,0,0.451953233775119,0.417533041734335,1.83108711882945,1.61536942154881
"100901A",0.4376,0.3817,-0.0559,1.73905025128686,1.40824129982783,-0.330808951459038,-0.137365367616064,0,0,0.461522849734362,0.401113492967683,1.89416208493383,1.51833495123601
"100906A",0.4379,0.4357,-0.00220000000000004,1.74094297381808,1.7270933226839,-0.0138496511341755,-0.00507853949073703,0,0,0.457089168356268,0.408006093297374,1.86476609679406,1.55862178497639
"110205A",0.4792,0.5065,0.0272999999999999,2.01439388427947,2.20996280421069,0.195568919931222,0.0609256031486356,0,0,0.510758383615324,0.456163470444942,2.24159223690293,1.85866635608575
"110422A",0.4439,0.4425,-0.00140000000000001,1.7790732888091,1.77012903916373,-0.00894424964536844,-0.00322882057800044,0,0,0.471585145177554,0.421641916693767,1.96200062059138,1.64023094357874
"110715A",0.4193,0.2601,-0.1592,1.62603191557853,0.820119908460103,-0.805912007118425,-0.442779623129478,0,0,0.453451894099482,0.389307987701096,1.84087348988029,1.45080065484083
"110726A",0.4936,0.3088,-0.1848,2.11601830310546,1.03610420113197,-1.07991410197349,-0.530382532177437,0,0,0.512340625321645,0.468627705287158,2.25342369476327,1.94189863860469
"110731A",0.4599,0.5832,0.1233,1.88336750678026,2.83001081226449,0.946643305484224,0.247164656155246,0,0,0.510820794312801,0.4215728650061,2.2420581064411,1.63981118712949
"110801A",0.6381,0.4561,-0.182,3.34610285367593,1.85824860367274,-1.4878542500032,-0.520547529732496,0,0,0.663864563354506,0.620337477048545,3.61173733074479,3.17193445897469
"110818A",0.6128,0.6395,0.0266999999999999,3.10015240506613,3.36013564000399,0.259983234937856,0.0596273273135186,0,0,0.64430924158703,0.586170910877448,3.40868674542144,2.85630087453685
"111107A",0.5071,0.5903,0.0832,2.21440059652438,2.89313980701564,0.678739210491259,0.174342367378673,0,0,0.526079187192952,0.492878622381054,2.35798836626128,2.11084678899691
"111228A",0.2918,0.234,-0.0578,0.957942799877065,0.713957307508425,-0.24398549236864,-0.142352141036302,0,0,0.317390544548481,0.273891885785016,1.07678024766359,0.878849033806304
"120327A",0.5454,0.5813,0.0359,2.5107507718483,2.81329145276777,0.302540680919472,0.0793384624980295,0,0,0.572533377520516,0.519621235398905,2.73708845515271,2.30842455436449
"120404A",0.5342,0.5884,0.0542,2.42136966135368,2.87614486700241,0.454775205648734,0.117326679278742,0,0,0.555425525796245,0.517729028086386,2.59273782057872,2.29404120993226
"120729A",0.4954,0.2553,-0.2401,2.12895991896357,0.800113960418011,-1.32884595854556,-0.738201018249413,0,0,0.54072157892909,0.459160300637144,2.47313431510836,1.87846067537612
"120802A",0.5556,0.6809,0.1253,2.59418146314715,3.79622998644458,1.20204852329744,0.250623620363232,0,0,0.602793769795415,0.497019158438734,3.00676406207064,2.14064723712979
"120811C",0.4847,0.5648,0.0801,2.05281157716267,2.67113199687964,0.618320419716972,0.168427727535411,0,0,0.517504251572263,0.46004273858411,2.29233676385905,1.88431533240199
"120907A",0.4028,0.2945,-0.1083,1.52813347983411,0.970153207216759,-0.557980272617354,-0.283216691257029,0,0,0.421763711582007,0.387702683692133,1.64097148194819,1.44175836212377
"120922A",0.4555,0.6128,0.1573,1.85430251378658,3.10015240506613,1.24584989127955,0.303854532270602,0,0,0.472185905369123,0.430815570913345,1.96610079561425,1.69659404374827
"121024A",0.534,0.5183,-0.0157,2.41979442513709,2.29837477158568,-0.121419653551407,-0.0368119640610261,0,0,0.547097001836958,0.511297035473331,2.52449583622767,2.24561525131418
"121027A",0.4477,0.4429,-0.00479999999999997,1.80349638223093,1.77268159761239,-0.0308147846185349,-0.0111137119549068,0,0,0.485740291170676,0.402921892682429,2.06013292179568,1.52884314627886
"121128A",0.4559,0.5051,0.0492,1.8569326345837,2.19963176731835,0.342699132734652,0.107105803935017,0,0,0.474412936560374,0.436058138873311,1.98134981389981,1.72934313470757
"121211A",0.4272,0.306,-0.1212,1.67423765708899,1.02301917867827,-0.65121847841072,-0.321904253441725,0,0,0.44262056279728,0.413400571515809,1.77089815063228,1.59060125461105
"130215A",0.4788,0.2041,-0.2747,2.01161880307882,0.599926382868599,-1.41169242021022,-0.88234836010337,0,0,0.501444297473913,0.436635688784053,2.17281169352478,1.73297518752654
"130408A",0.5361,0.6773,0.1412,2.43637064149061,3.75663689318604,1.32026625169543,0.277562967563644,0,0,0.566103858037249,0.481699882097885,2.68217019257179,2.03179534701461
"130418A",0.5163,0.346,-0.1703,2.28322011609199,1.21819641980022,-1.06502369629177,-0.480130473020822,0,0,0.611365443123483,0.414720239183312,3.08663116949422,1.59848514971903
"130420A",0.4977,0.3612,-0.1365,2.14557467743189,1.29720630715835,-0.84836837027354,-0.369304388391207,0,0,0.523054395685341,0.479198938789631,2.33468177268357,2.01438651853509
"130505A",0.339,0.5145,0.1755,1.182729911843,2.26964046834305,1.08691055650005,0.332425099035694,0,0,0.367728657983654,0.312992822506874,1.33200060084366,1.05585661899548
"130511A",0.5197,0.3624,-0.1573,2.30902463192214,1.30356250011753,-1.0054621318046,-0.43648137689049,0,0,0.551779907959818,0.483297476658027,2.56270536654205,2.04296863997607
"130514A",0.4787,0.6628,0.1841,2.010925432053,3.60044666393478,1.58952123188178,0.34551454412956,0,0,0.516129235496197,0.451144093477479,2.28192940836578,1.82581739026404
"130604A",0.3994,0.3139,-0.0855,1.50841852825238,1.06015549032001,-0.448263037932374,-0.217586992845256,0,0,0.435551102901803,0.348482146632007,1.72615850380111,1.23091049532264
"130831A",0.3678,0.17,-0.1978,1.3323837125283,0.479108388168207,-0.853275324360088,-0.576884920121926,0,0,0.387668785480135,0.341751779342255,1.44156778173224,1.19660404668032
"130925A",0.2278,0.1294,-0.0984,0.689662634048705,0.347100508275804,-0.342562125772901,-0.254295892302318,0,0,0.321684471540353,0.109717275795813,1.09741549228904,0.28741117861351
"131117A",0.5648,0.7026,0.1378,2.67113199687964,4.04196701318537,1.37083501630573,0.271884963293259,0,0,0.594222191501474,0.539208750541854,2.92845869771162,2.46105699052875
"140206A",0.4273,0.5717,0.1444,1.67485349396354,2.72992414752473,1.05507065356119,0.282866517342279,0,0,0.446751266025669,0.407024383610464,1.79737871484301,1.55284462896213
"140213A",0.2917,0.3439,0.0522,0.957492018786754,1.20749637966914,0.250004360882383,0.113252444345958,0,0,0.311882075853969,0.238135708979639,1.05060530158612,0.73035697924239
"140419A",0.4993,0.6951,0.1958,2.1571847762703,3.95564285562297,1.79845807935267,0.362911156382473,0,0,0.543661336822299,0.471990828444563,2.49672385883868,1.96476877802579
"140423A",0.5187,0.6294,0.1107,2.30141408645912,3.25990584332204,0.958491756862927,0.225003038122424,0,0,0.539651845563958,0.501342803781261,2.4645899843395,2.17207030084429
"140430A",0.4267,0.415,-0.0117,1.67116059884382,1.60015956316527,-0.0710010356785435,-0.0273064148386768,0,0,0.448442980622659,0.386383864714111,1.80829664176913,1.43435473874995
"140506A",0.3739,0.2762,-0.0977,1.36537498705761,0.88886100147301,-0.476513985584595,-0.252275834597141,0,0,0.397257574901295,0.326307088149728,1.4960746802878,1.11985955089578
"140512A",0.346,0.2368,-0.1092,1.21819641980022,0.725043297245844,-0.493153122554375,-0.285878692634399,0,0,0.363754484162922,0.318593913145638,1.31075810053441,1.08254269183113
"140518A",0.7547,0.7564,0.00169999999999992,4.68460116849009,4.70689654892806,0.0222953804379715,0.00390674340192119,0,0,0.79303849935616,0.7334065912243,5.20924075494884,4.41260820089703
"140614A",0.521,0.7188,0.1978,2.3189445755261,4.23359365186758,1.91464907634148,0.365838313728893,0,0,0.553425110585592,0.488725161161821,2.57622727064595,2.08123740342422
"140629A",0.4204,0.5152,0.0948,1.63269167421849,2.27491475555579,0.642223081337298,0.196103755142874,0,0,0.446688068017261,0.40064812872078,1.79697167328829,1.51563789790315
"140801A",0.4785,0.3655,-0.113,2.0095391688732,1.32006418556963,-0.689474983303569,-0.297179270983956,0,0,0.502080541892324,0.458790480178195,2.17746329106983,1.87601058544548
"140907A",0.5011,0.3444,-0.1567,2.17029736695272,1.21003931734918,-0.960258049603539,-0.434498174790534,0,0,0.532376221235954,0.461748576076873,2.4070320675285,1.8956667285649
"141004A",0.3991,0.1967,-0.2024,1.50668637245364,0.572895971065016,-0.933790401388621,-0.593675881028767,0,0,0.422906739491155,0.366049181753764,1.6479314600664,1.32299984998209
"141121A",0.4638,0.3927,-0.0711,1.90937699189655,1.4700173280466,-0.439359663849942,-0.177877158536943,0,0,0.498979202133612,0.405388176932201,2.15485353742673,1.54324486871447
"141220A",0.4412,0.3654,-0.0758,1.76184944207529,1.31953003254778,-0.442319409527509,-0.190693547106895,0,0,0.463411751480141,0.413145957371047,1.90677724308933,1.58908290603666
"141221A",0.4662,0.3892,-0.077,1.92549930989707,1.45019133688078,-0.475307973016287,-0.193988104464273,0,0,0.49968282171155,0.435636331480647,2.15996899707418,1.72669355415222
"150314A",0.3963,0.4406,0.0443,1.4905771539521,1.75803644059724,0.267459286645137,0.0969745296719939,0,0,0.425090875984975,0.361006248398776,1.66128187394283,1.29618168411952
"150323A",0.4102,0.2022,-0.208,1.57157976637274,0.592942135127628,-0.978637631245111,-0.614358556826486,0,0,0.451231289735136,0.378597137741057,1.82638480580568,1.39109668714843
"150403A",0.3505,0.4857,0.1352,1.24130004578233,2.059849034655,0.818548988872668,0.26751286733496,0,0,0.385945072522875,0.318709642058565,1.43189641506151,1.08309771273618
"150910A",0.4721,0.3727,-0.0994,1.96551414578262,1.35884823562898,-0.606665910153637,-0.257187342954207,0,0,0.500805774133665,0.434143598532413,2.16815028098132,1.71733760212391
"151021A",0.5344,0.5224,-0.012,2.42294562316041,2.3296608520688,-0.0932847710916076,-0.0280162981264736,0,0,0.55656985321852,0.512116005399132,2.60221684864559,2.2517414380039
"151027A",0.3761,0.2577,-0.1184,1.37738763733978,0.810089295270756,-0.567298342069023,-0.313409036532734,0,0,0.383918685111944,0.363230069784352,1.42057578913046,1.30796952390775
"151029A",0.5876,0.3844,-0.2032,2.86901131655109,1.42325992409255,-1.44575139245854,-0.596614245993415,0,0,0.631093065324281,0.560459923595769,3.27654518774302,2.63462762897915
"151031A",0.4591,0.3359,-0.1232,1.87806103648953,1.16720502996424,-0.71085600652529,-0.32800588624373,0,0,0.476888310426951,0.436867461148102,1.99839130930086,1.73443409893144
"151215A",0.5422,0.5551,0.0129,2.48497767240449,2.59004588990199,0.105068217497508,0.0292665388464926,0,0,0.580260372504754,0.520399289569003,2.80417399552118,2.31435702837071
"160117B",0.5,0.2718,-0.2282,2.16227766016838,0.869820857736649,-1.29245680243173,-0.691219587739653,0,0,0.532911639119936,0.460091085449644,2.41123500104022,1.88463644025272
"160121A",0.4721,0.4713,-0.000800000000000023,1.96551414578262,1.96005649507582,-0.0054576507068016,-0.00184376572402609,0,0,0.513843309279287,0.443746618508037,2.2647002258796,1.77809196585371
"160131A",0.4116,0.2949,-0.1167,1.57988293604037,0.971968621279837,-0.607914314760536,-0.308277884445235,0,0,0.435162643749473,0.386025452656971,1.72372115359396,1.43234655720879
"160203A",0.5702,0.6551,0.0849,2.71706366796068,3.51960000030483,0.802536332344148,0.177567999887163,0,0,0.585988517483427,0.550158763014869,2.85468165956456,2.54943120426046
"160227A",0.477,0.5289,0.0519000000000001,1.99916251898765,2.37987002861989,0.38070750963224,0.112639689221332,0,0,0.512285550538539,0.455725828340858,2.25301114003167,1.85578710556654
"160327A",0.5003,0.7774,0.2771,2.16446283883552,4.98963006402951,2.82516722519399,0.471676413233,0,0,0.520193308721269,0.480642955698008,2.31278543990371,2.02442594988932
"161023A",0.5401,0.5694,0.0293,2.46816698755359,2.71022288617465,0.242055898621063,0.0652402580780343,0,0,0.564622177407715,0.516735183344724,2.66962915351729,2.28651170480387
"161108A",0.4127,0.3343,-0.0784,1.586425658378,1.15923544111087,-0.427190217267131,-0.197843277825855,0,0,0.430772787439894,0.391365601990959,1.69632840837414,1.46243968670376
"161117A",0.4493,0.4064,-0.0429,1.81384389371249,1.54917705050912,-0.264666843203365,-0.103824425671221,0,0,0.465718716478375,0.416310767460667,1.92225907823412,1.60801909882801
"161219B",0.3332,0.0598,-0.2734,1.15377335566218,0.147624998943401,-1.00614835671878,-0.876722237355512,0,0,0.36767240404695,0.294313779434666,1.3316985575898,0.969308608878726
"170113A",0.5662,0.4725,-0.0937000000000001,2.68298542341572,1.96824674346324,-0.714738679952481,-0.240794900736099,0,0,0.592114978119877,0.550806874786087,2.9094438340826,2.55473209017213
"170202A",0.4278,0.667,0.2392,1.67793480625971,3.6451527522275,1.96721794596779,0.423499086230145,0,0,0.440074584380971,0.410597276781282,1.75470174661126,1.57393323019044
"170405A",0.5358,0.6542,0.1184,2.43399770042585,3.51024361117194,1.07624591074609,0.238622567543849,0,0,0.556647159983267,0.510802695064074,2.60285811978453,2.24192299628936
"170519A",0.4592,0.2596,-0.1996,1.87872381083525,0.818025623774264,-1.06069818706099,-0.583434123914575,0,0,0.482369027536537,0.44279778177386,2.03647022960814,1.7720290789749
"170531B",0.5408,0.5271,-0.0136999999999999,2.47376151972653,2.36589062949252,-0.107870890234005,-0.0320482458012217,0,0,0.553644454709854,0.51475697276163,2.57803393086157,2.27157569248504
"170607A",0.4439,0.1923,-0.2516,1.7790732888091,0.557040825901838,-1.22203246290726,-0.784842916498007,0,0,0.468381676402485,0.405757362565693,1.94023251781624,1.54540775289431
"170714A",0.3732,0.2536,-0.1196,1.36156552391772,0.793081377080441,-0.568484146837276,-0.317043138199841,0,0,0.403134714510077,0.349884988522022,1.53008268519163,1.23812835061583
"170903A",0.383,0.2755,-0.1075,1.41546083444494,0.885818969490405,-0.529641864954535,-0.280855094536279,0,0,0.40222682518217,0.358602425017277,1.52479909106552,1.28350740885832
"171222A",0.5062,0.5326,0.0264,2.20774620613407,2.40878806010259,0.201041853968514,0.0589775164732487,0,0,0.562396917364776,0.433228391761703,2.65087461073582,1.71161727337439
"180115A",0.5279,0.5425,0.0145999999999999,2.372096543266,2.48738584135218,0.115289298086183,0.0330589453908781,0,0,0.546395656630987,0.509764610968089,2.51880869650967,2.23418315629573
"180205A",0.3734,0.3818,0.00839999999999996,1.36265331548606,1.40879588172571,0.0461425662396509,0.0191558639690937,0,0,0.392037114194077,0.35420451238228,1.46625009048424,1.26050000526728
"180325A",0.4508,0.5116,0.0608000000000001,1.8235793691103,2.24788018763537,0.424300818525072,0.130639307490584,0,0,0.476712271698078,0.42083370027231,1.99717617520594,1.63532207697947
"180329B",0.5572,0.4768,-0.0804,2.60744733864192,1.99778167158238,-0.609665667059534,-0.203372271182685,0,0,0.578837491204994,0.529605373744316,2.7917307552694,2.38536401670809
"180404A",0.507,0.301,-0.206,2.21366053864032,0.999861869632744,-1.21379866900757,-0.606941253012877,0,0,0.52922726611215,0.479110806416008,2.38241791683012,2.0137748642411
"180620B",0.3925,0.3258,-0.0667,1.46888010490621,1.1173858184864,-0.351494286419807,-0.166003891851448,0,0,0.414546562338281,0.368531975817877,1.59744620841209,1.33631811207735
"180624A",0.4875,0.586,0.0985,2.07255736526745,2.85478357665772,0.782226211390271,0.202923509409703,0,0,0.509312157742399,0.462889326713746,2.23081549983984,1.90328270312785
"180720B",0.249,0.2185,-0.0305,0.774189480890166,0.653864784771328,-0.120324696118837,-0.0727536478355297,0,0,0.269048403273907,0.232709025247312,0.858011523873281,0.708869998590935
"180728A",0.1735,0.0481,-0.1254,0.491076755452718,0.117120444656835,-0.373956310795883,-0.33475021658095,0,0,0.195679816707097,0.127223293396147,0.569205482160903,0.340365662038534
"181010A",0.5478,0.3784,-0.1694,2.5302056037666,1.39001155148473,-1.14019405228188,-0.477066335337821,0,0,0.574366387782222,0.515156451976937,2.75289477587931,2.27458638639796
"181020A",0.3727,0.5953,0.2226,1.35884823562898,2.93822024133837,1.57937200570938,0.401036993597049,0,0,0.442420255582984,0.287197780459305,1.76962043945806,0.937304023613175
"181110A",0.4176,0.3988,-0.0188,1.61577268271911,1.50495541277255,-0.110817269946553,-0.0442392185431744,0,0,0.457585370080818,0.390466344418,1.86804109639094,1.45734619218267
"181201A",0.4199,0.1614,-0.2585,1.62966242003022,0.450106836421972,-1.17955558360825,-0.813426675870803,0,0,0.439614590939509,0.408774798282864,1.75178558266524,1.56315457800157
"190106A",0.3885,0.4562,0.0677,1.44624527605128,1.85890681551196,0.412661539460677,0.144342423901907,0,0,0.434683674584903,0.33542311630534,1.72071890655709,1.16482660342508
"190114A",0.4264,0.6411,0.2147,1.66931606362429,3.3762285994535,1.70691253582921,0.390041904127761,0,0,0.439288902026595,0.40981518035889,1.74972271950555,1.5693021502768
"190719C",0.3141,0.5402,0.2261,1.06110444547249,2.46896565446054,1.40786120898805,0.405844666457785,0,0,0.354251194957169,0.23497267386276,1.26074300083114,0.717800298463233
"190829A",0.2566,0.0328,-0.2238,0.8055104234107,0.0784499632938318,-0.727060460116868,-0.674171713907115,0,0,0.290004015926861,0.215886110084533,0.949862630080403,0.643940557702633
"191011A",0.4651,0.4349,-0.0302,1.91809885374184,1.72207445510533,-0.196024398636509,-0.0720128717525926,0,0,0.481553259745298,0.443627929988311,2.03077195400711,1.77733284367917
"191221B",0.3842,0.332,-0.0522,1.42214422857512,1.14783047413053,-0.274313754444587,-0.127716669331472,0,0,0.411643903618589,0.327305898727075,1.58014375427888,1.1247405127179
"200205B",0.6418,0.3918,-0.25,3.38328793419247,1.46490394560466,-1.91838398858781,-0.778279410038923,0,0,0.694644419324043,0.606322458691088,3.9504470462036,3.0394520635055
"200613A",0.3922,0.3474,-0.0448,1.4671752518516,1.22535857804652,-0.241816673805084,-0.108664138979956,0,0,0.408387391610289,0.36979673872887,1.56086916920502,1.34313191112034
"200829A",0.277,0.3522,0.0752,0.892343618644976,1.25009057227931,0.357746953634331,0.158992245930767,0,0,0.320234130625604,0.235691913322498,1.09042278594859,0.72064752182251
"201020A",0.3908,0.5914,0.2006,1.45923482384623,2.90301301964209,1.44377819579586,0.369913753433561,0,0,0.400586683087523,0.376322589077252,1.51528200107344,1.37860643282583
"201021C",0.3464,0.316,-0.0304,1.22024039534508,1.07014134879104,-0.150099046554034,-0.0725066656157037,0,0,0.3741810506294,0.28571593964334,1.36690621830768,0.930705081597324
"201104B",0.4348,0.4704,0.0356,1.72144774645437,1.95392864296028,0.232480896505914,0.0787022723314443,0,0,0.456648918890593,0.402981072287767,1.86186352087098,1.52918776529331
"201221A",0.8066,0.8261,0.0195,5.40619272626898,5.70038873807756,0.294196011808578,0.0439073049801864,0,0,0.850805854968459,0.759836594022679,6.09260632433365,4.75223465238751
"210204A",0.3682,0.2732,-0.095,1.33453290690399,0.875858173799283,-0.458674733104711,-0.244514611771385,0,0,0.394143680528428,0.347936068731967,1.47824181522536,1.22810713174944
"210222B",0.3973,0.5049,0.1076,1.49631852724334,2.19815862166661,0.70184009442327,0.219451308533762,0,0,0.437159021700687,0.36633587983859,1.73627045841829,1.32453387703727
"210610A",0.4215,0.6571,0.2356,1.63936832236573,3.54046152604847,1.90109320368274,0.418700432274612,0,0,0.442732347486913,0.412347840924149,1.7716114543218,1.58432923735306
"210610B",0.3877,0.3284,-0.0593,1.44174327349673,1.13010003741125,-0.311643236085483,-0.146304507117999,0,0,0.40179009074732,0.367159285033751,1.5222613833464,1.32894528211733
"210619B",0.259,0.4679,0.2089,0.815515662773135,1.93697331100145,1.12145764822831,0.381841279942008,0,0,0.311796910214244,0.199913022985522,1.05020321499035,0.584575814550184
"210722A",0.4835,0.3314,-0.1521,2.04438799002254,1.1448651854918,-0.89952280453074,-0.419384309380026,0,0,0.505126460705186,0.468454842208923,2.19982672050265,1.94072790197222
"211024B",0.3548,0.325,-0.0298,1.26360164044975,1.11348903983665,-0.150112600613102,-0.0710259659660713,0,0,0.397493547965923,0.26595172026828,1.49743128614655,0.844810323554049
"220611A",0.5006,0.5264,0.0257999999999999,2.16664952749209,2.36046982460699,0.193820297114905,0.0576765473969319,0,0,0.611987785541754,0.455679029725426,3.09249149505607,1.85547938882689
"230116D",0.5463,0.6821,0.1358,2.51803373773703,3.809500785491,1.29146704775397,0.268524136985275,0,0,0.573028037073927,0.517924451244092,2.74134740788921,2.29552379102911
"230414B",0.5208,0.6597,0.1389,2.31741649694539,3.56772553308867,1.25030903614328,0.273726831239316,0,0,0.575425271259689,0.47712556585939,2.7620561326782,2.00002978044602
"230818A",0.4124,0.534,0.1216,1.58463963576984,2.41979442513709,0.835154789367246,0.244211986319548,0,0,0.438463767544377,0.392142608923255,1.74450336464347,1.46684924151789
"231210B",0.4709,0.616,0.1451,1.95733143741989,3.13047501990161,1.17314358248172,0.284021468918038,0,0,0.499314113852275,0.446363141974837,2.15728738122032,1.7948798459972
