"","log10T90","Gamma","log10Fluence","PhotonIndex","log10NH","log10PeakFlux","T90Err","log10FluenceErr","PhotonIndexErr","log10PeakFluxErr","log10T90Err","Redshift_crosscheck","log10z"
"000926A",1.397940009,1.99215342891529,-5.73555346213348,1.68528474322361,21.1545856750033,0.49787317309306,14.87086076,0.0315728375171381,0.179660088857786,0.0584643654542467,0.2583333105737,2.04,0.482873583608754
"011211A",2.431363764,1.91703135792151,-5.54501519311092,1.73074257586597,20.9997109050585,0.0099540052549258,5.171156949,0.040345966847899,0.171421395586027,0.0900586582057859,0.00831779603269816,2.14,0.496929648073215
"020124A",1.661907293,2.02236215224452,-5.79045330113306,1.66001947418774,21.1181965423643,0.286068555062632,4.129211073,0.0323124845604323,0.162788614352911,0.0687137148382266,0.0390610669277185,3.198,0.623042434246382
"021004A",2,1.96438080403683,-5.46547580308238,1.67186887883644,21.0810752717726,0.355429318153098,14.87086076,0.036356115947561,0.193819704191375,0.062431543050404,0.064583327692196,2.34,0.523746466811564
"030226A",1.344195716,1.94602716780256,-5.88907181132459,1.69364237204975,21.0511868725117,0.320464469437468,29.55180898,0.0369501006956046,0.199398651948698,0.0723940497319666,0.580995362900572,1.99,0.47567118832443
"030329A",1.798650645,1.94924493372129,-5.15361554086595,1.63361744707194,21.2067839200846,0.780376798107853,17.43704666,0.0273643578404255,0.164558266578791,0.0358944155859398,0.120394485737547,0.17,0.0681858617461616
"050315A",1.980457892,1.99544,-5.492144128,2.11,21.91683806,0.285557309,14.02006162,0.019691613,0.09,0.04950507,0.0636907468763651,1.949,0.469674772551798
"050318A",1.505149978,1.98053,-5.966576245,1.9,20.92661714,0.499687083,10.96645741,0.030963588,0.1,0.027486993,0.148833498209321,1.44,0.387389826338729
"050319A",2.183383742,2.01045,-5.882728704,2.02,20.93735437,0.181843588,10.95539119,0.049065331,0.19,0.060001211,0.0311909396976911,3.24,0.627365856592733
"050401A",1.506369717,1.78711,-5.085128182,1.4,22.12570242,1.029383778,0.6253575,0.016167167,0.07,0.037341208,0.00846336277739286,2.9,0.591064607026499
"050416A",0.397940009,2.06183,-6.435333936,3.08,21.75162856,0.688419822,0.44407209,0.043784457,0.22,0.04271749,0.0771432232434421,0.6528,0.218220304175545
"050502A",1.301029996,1.96705146522392,-5.95905698874291,1.5837013438142,21.0181637594417,0.330571846807332,29.55180898,0.0347486663233463,0.18713159391256,0.0657749268162652,0.64170937801715,3.79,0.680335513414563
"050502B",1.243038049,1.97812318786123,-5.90726604152399,1.49398169361224,21.0347201497492,0.300152911468348,31.02460027,0.0295798799821603,0.14,0.0671099909495084,0.769932153759003,3.793,0.680607428991788
"050505A",1.770115295,2.01835,-5.603800653,1.41,22.23063027,0.267171728,6.838970679,0.031220366,0.12,0.07277367,0.0504266082569071,4.27,0.721810615212547
"050525A",0.944482672,2.08914,-4.815308569,1,21.2788016,1.620136055,88.09086218,0.006273143,0.1,0.009789852,4.34742901864799,0.61,0.20682587603185
"050603A",1.322219295,1.90951127022931,-5.196542884,1.16,21.63005546,1.33243846,1.591145486,-0.0006217656979968,0.06,0.0038290748542292,0.0329059859072236,2.82,0.582063362911709
"050730A",2.194514342,1.6177,-5.623423043,1.53,21.73850309,-0.259637311,18.03329907,0.027736454,0.11,0.110547686,0.0500432094216776,3.967,0.696094159995223
"050801A",1.28780173,2.07525210781143,-6.508638306,1.99,20.80209017,0.164352856,9.827838,0.0581234535102333,0.25,0.0712796339614364,0.220009062461514,1.56,0.40823996531185
"050802A",1.477121255,1.8557,-5.698970004,1.54,21.25883595,0.439332694,10.19803903,0.034092117,0.13,0.069487117,0.14763173580347,1.7102,0.433001340945038
"050803A",1.943988875,2.11696,-5.66756154,1.38,21.34755638,-0.017728767,10.43812723,0.027269654,0.11,0.049762909,0.0515724807527089,3.5,0.653212513775344
"050820A",1.414973348,1.96878,-5.463441557,1.25,21.61964524,0.389166084,22.67611617,0.030552112,0.12,0.040770502,0.378773543191014,2.6147,0.558072259099146
"050824A",1.353723938,1.94709,-6.575118363,2.76,20.9708274,-0.301029996,4.070927175,0.084899673,0.38,0.130288345,0.0782985476819812,0.8278,0.261928672990642
"050826A",1.550228353,2.45742,-6.384049948,1.16,21.96085591,-0.420216403,5.865069501,0.075712355,0.31,0.148574428,0.0717511921291969,0.297,0.11293997608408
"050904A",2.259044094,1.90813,-5.316052869,1.25,22.39388568,-0.207608311,19.22975247,0.016184888,0.07,0.119080745,0.0459953482288828,6.295,0.86302529622947
"050908A",1.239799818,2.74883,-6.316052869,1.88,20.98677173,-0.15490196,1.306782322,0.045857181,0.17,0.086858896,0.0326729045525377,3.34,0.637489729512511
"050922C",0.653212514,2.2119,-5.790484985,1.37,21.44930866,0.860936621,0.450457546,0.014476483,0.06,0.019142456,0.0434736058796182,2.198,0.504878459410216
"051016B",0.602059991,1.89482,-6.769551079,2.4,21.71466751,0.113943352,0.469570015,0.056202815,0.23,0.053451629,0.0509829166339321,0.9364,0.286995073968852
"051028A",1.204119983,2.02921982175251,-6.17568341398607,1.6783282458665,20.9024195385481,0.179466033655192,29.55180898,0.0451414448022833,0.236991174642203,0.0749534429882672,0.802136722506557,3.6,0.662757831681574
"051109A",1.57054294,2.06584,-5.657577319,1.51,21.97057233,0.595496222,7.089588968,0.05369459,0.2,0.076056648,0.0827679937346041,2.346,0.524525936626376
"051109B",1.155336037,2.12549,-6.591760035,1.97,21.36742302,-0.259637311,3.778168861,0.069554976,0.24,0.102651423,0.114743908376789,0.08,0.0334237554869497
"051111A",1.776555911,2.23019,-5.389339837,1.32,21.79196559,0.424881637,33.90346061,0.014263593,0.06,0.034286406,0.246304547512325,1.55,0.406540180433955
"060115A",2.144885418,2.10553,-5.76700389,1,21.43355223,-0.060480747,15.0870791,0.038096007,0.303030303,0.059902687,0.0469357822743554,3.53,0.656098202012832
"060124A",1.134495856,2.00895,-6.336299075,1.84,21.9172644,-0.050609993,1.306782322,0.049929734,0.19,0.087834839,0.0416381769095578,2.296,0.517987203025078
"060206A",0.880241776,2.20424,-6.080398976,1.2,22.33966406,0.445604203,1.933560454,0.021949902,0.181818182,0.026462388,0.110636974360534,4.048,0.703119346236078
"060210A",2.40654018,2.08163,-5.11577123,1.53,22.3877421,0.434568904,121.976523,0.023188831,0.09,0.044706785,0.207740121229715,3.91,0.691081492122968
"060223A",1.053078443,2.01015,-6.171984936,1.74,22.49782636,0.130333768,1.095536415,0.030974941,0.12,0.057905931,0.042104904450281,4.41,0.73319726510657
"060306A",2.13255996245349,2.28823,-5.671620397,1.8,21.61973178,0.775974331,3.518840719,0.01457843,0.060606061,0.0488439909307915,0.0112622187283241,1.559,0.408070285887185
"060418A",2.158362492,1.94118,-5.079354999,1.7,21.65363309,0.814247596,45.254834,0.013190457,0.06,0.023313354,0.136485588124709,1.489,0.396024896608593
"060502A",1.45331834,2.02719,-5.63638802,1.46,21.45692297,0.227886705,9.827838,0.019176639,0.08,0.053965586,0.150287880735964,1.5026,0.398391440229475
"060510B",2.43964843,2.1317,-5.390405591,1.78,22.00215742,-0.244125144,21.28954544,0.018780302,0.08,0.083811216,0.0335971369822932,4.9,0.770852011642144
"060512A",0.92890769,2.70163,-6.634512015,2.48,21.79039707,-0.055517328,1.306782322,0.074878359,0.3,0.098703291,0.0668466845479519,0.44,0.15836249209525
"060526A",2.47444938,1.90677,-5.899629455,2.01,21.85427081,0.222716471,23.04821868,0.056871896,0.24,0.046810184,0.0335716198838349,3.221,0.625415352154408
"060604A",1.977723605,2.1711,-6.395773947,2.01,21.99003057,-0.468521083,17,0.11451546,0.42,0.166053773,0.0777158547080599,2.1357,0.496334505996816
"060605A",2.059904056,2.02128,-6.156767222,1.55,21.77333803,-0.337242168,35.01416491,0.056078197,0.2,0.113294213,0.132471980179598,3.78,0.679427896612119
"060607A",2.009450896,1.61002,-5.59345982,1.47,21.79614607,0.146128036,1.63061216,0.019074895,0.08,0.040327345,0.00692921587949207,3.07,0.60959440922522
"060614A",2.036229544,1.89544,-4.690369833,2.02,20.51216256,1.06069784,3.31042292,0.007727887,0.04,0.027945906,0.0132262962944593,0.125,0.0511525224473813
"060707A",1.820857989,2.09345,-5.795880017,0.6,21.20847898,0.004321374,6.314200491,0.040986542,0.363636364,0.098898743,0.0414232996019404,3.425,0.645913275033844
"060708A",1.008600172,2.20484,-6.306273051,1.68,20.79066861,0.28780173,3.601244236,0.032528129,0.12,0.031340839,0.153333382237578,1.92,0.465382851448418
"060714A",2.060660074,2.04425,-5.548213564,1.93,22.0125926,0.10720997,9.129365384,0.025627978,0.11,0.044108033,0.0344798070207195,2.711,0.569490954348783
"060729A",2.062017599,1.92492,-5.583359493,1.75,20.86562801,0.068185862,33.90346061,0.035109631,0.14,0.048254942,0.127647038192483,0.54,0.187520720836463
"060814A",2.162265614,2.11591,-4.835647144,1.53,22.00679538,0.861534411,4.898458524,0.007109341,0.03,0.017323989,0.0146412491965932,1.9229,0.465813957269479
"060904B",2.234264124,2.18877,-5.790484985,1.64,21.59122827,0.387389826,1.073372291,0.038335871,0.14,0.037377804,0.0027181321481967,0.7,0.230448921378274
"060906A",1.638489257,2.07859,-5.655607726,2.03,22.41960057,0.294466226,8.166987204,0.026725814,0.11,0.061727135,0.0815374132437055,3.686,0.670802284260944
"060908A",1.285557309,2.13395,-5.552841969,1,21.80952201,0.481442629,1.330335293,0.017216674,0.181818182,0.035832878,0.0299356101990356,1.8836,0.459935016851525
"060912A",0.698970004,1.8948,-5.869666232,1.74,21.36738202,0.933487288,0.58,0.019945376,0.09,0.022271512,0.0503781599397554,0.937,0.287129620719111
"060926A",0.903089987,2.00443,-6.659555885,2.54,22.50004427,0.037426498,1.212679677,0.049576996,0.23,0.055780943,0.0658325115034435,3.2,0.6232492903979
"060927A",1.352953912,1.94856,-5.946921557,0.9,22.10710478,0.431363764,1.294276634,0.026134535,0.242424242,0.027344467,0.0249377639674928,5.47,0.8109042806687
"061007A",1.876852648,1.99824,-4.35261703,1.03,21.74186197,1.164352856,64.76757163,0.005497151,0.03,0.011006093,0.373498857248208,1.26,0.354108439147401
"061021A",1.664641976,1.99282,-5.528708289,1.3,20.87141063,0.78604121,5.398832468,0.014818832,0.06,0.019191409,0.0507507174713444,0.3463,0.129141845792285
"061121A",1.90982337,1.90181,-4.863279433,1.41,21.75351565,1.324282455,46.12748458,0.006308365,0.03,0.009468031,0.246558916936231,1.314,0.364363354615731
"061126A",2.281033367,1.9269241917552,-5.169411331,1.32,21.38058204,0.989449818,0.277416677,0.0190994093843814,0.06,0.0246693811930976,0.000630788126061573,1.1588,0.334212409393176
"061222A",1.853698212,1.92748,-5.097453221,1.35,22.56660835,0.930949031,16,0.008588051,0.04,0.013237581,0.0973208922530927,2.088,0.489677291663699
"070110A",1.946550511,2.08596,-5.790484985,1.58,21.3989672,-0.22184875,14.47803302,0.028952965,0.12,0.086858896,0.0711120769415451,2.352,0.525304009958239
"070125A",1.77815125,1.95142632719767,-5.49527903539734,1.66719216524827,21.1168251059769,0.461366700396796,19.64696058,0.0330719907495403,0.177142407809118,0.0593602352348791,0.142209442893369,1.55,0.406540180433955
"070208A",1.806179974,2.20341,-6.351639989,1.94,21.8647258,-0.045757491,22.627417,0.098570208,0.36,0.106160873,0.153546286600926,1.165,0.335457900689384
"070223A",1.9408513687054,2.25837,-5.769551079,1.85,21.70173804,-0.161150909,8.08530616,0.018572476,0.072727273,0.130844061722848,0.0402373538487879,1.6295,0.419873175149476
"070306A",2.321184027,1.94468,-5.269217724,1.66,22.44245468,0.609594409,64.76757163,0.02308703,0.1,0.022408315,0.134263479640872,1.4959,0.397227181043161
"070411A",2.089021501,2.2428,-5.568636236,1.72,22.32139542,-0.040958608,8.166987204,0.02493172,0.1,0.062042069,0.0288951321775762,2.95,0.59659709562646
"070508A",1.320146286,1.82568,-4.707743929,1.1,21.89306622,1.382017043,0.735923906,0.006049102,0.060606061,0.010992516,0.0152922340458476,0.82,0.260071387985075
"070521A",1.57863921,2.00022,-5.096367484,1.1,22.27524914,0.814913181,2.819384324,0.009596769,0.121212121,0.017957046,0.0323072045959819,2.0865,0.489466281303128
"070529A",2.038222638,1.97999,-5.590066877,1.34,22.56252244,0.155336037,19.9827799,0.041401614,0.16,0.109332877,0.0794726286723922,2.4996,0.544018407858776
"070612A",2.566790912,1.97567939099548,-4.974694135,1.69,21.2559971173378,0.178976947,5.385164807,0.024623678,0.1,0.109292651,0.00634150586191601,0.671,0.222976449893391
"070714B",1.806179974,2.07429,-6.142667504,1.36,21.64321572,0.431363764,8.408797283,0.05428681,0.19,0.032169962,0.0570608478017886,0.923,0.28397928423848
"070721B",2.531478917,1.52512,-5.443697499,1.34,21.89473409,0.176091259,21.32020684,0.024127471,0.11,0.086858896,0.0272330828957319,3.626,0.6652056284346
"070802A",1.214843848,1.99014,-6.552841969,1.79,21.91375294,-0.397940009,3.019812592,0.077552586,0.27,0.108573621,0.079968777148268,2.45,0.537819095073274
"070809A",1.16168428403346,1.37246,-7,1.69,20.80619355,0.079181246,0.271528985,0.026318246,0.133333333,0.016256930519715,0.00812673734142053,0.2187,0.0858968111315881
"070810A",1.041392685,2.17076,-6.161150909,2.04,21.93100401,0.278753601,4.99064124,0.037764738,0.14,0.045715209,0.197037086589132,2.17,0.501059262217751
"071003A",2.170643023,1.91015,-5.080921908,1.36,20.86974084,0.799340549,4.494400066,0.015697391,0.07,0.027574253,0.0131768929142836,1.60435,0.415699348887829
"071010A",0.77815125,2.33496,-6.698970004,2.33,22.13954852,-0.096910013,13.77430841,0.086858896,0.37,0.162860431,0.997017689963497,0.99,0.298853076409707
"071010B",1.552668216,2.04061,-5.356547324,1.53,21.30047157,0.886490725,11.73673073,0.009870329,0.22,0.016920564,0.142778638457706,0.947,0.289365951520032
"071020A",0.62324929,1.59788,-5.638272164,1.11,20.99642367,0.924279286,0.581982802,0.018882369,0.05,0.015510517,0.0601790285006581,2.145,0.497620649781288
"071025A",2.376832349,1.97502660214106,-5.187086643,1.79,21.07108335,0.204119983,4.086802216,0.021297834433594,0.05,0.0778422962236166,0.007453076560961,5,0.778151250383644
"071112C",1.176091259,1.67267,-5.522878745,1.09,20.5643192,0.903089987,3.69174647,0.057905931,0.07,0.05428681,0.106887008047491,0.82,0.260071387985075
"071117A",0.819543936,2.0457,-5.619788758,1.57,22.04291793,1.053078443,1.824859447,0.018095603,0.06,0.015373256,0.120079755643196,1.331,0.367542273520577
"080310A",2.560456622,2.09352,-5.638272164,2.32,21.32749584,0.113943352,17.39875121,0.037764738,0.16,0.066814536,0.0207895824764161,2.42,0.534026106056135
"080319B",1.68090255756894,1.81426,-4.091514981,1.04,20.8771334,1.394451681,0.179108908,0.00536166,0.02,0.008755937,0.00162180613819455,0.937,0.287129620719111
"080319C",1.531478917,1.61029,-5.443697499,1.37,21.75037415,0.716003344,33.90346061,0.012063736,0.07,0.025055451,0.433061348875878,1.95,0.469822015978163
"080330A",1.783188691,2.25433,-6.468521083,2.53,21.69090721,-0.045757491,2.27250697,0.102186937,0.45,0.096509885,0.0162592625589572,1.51,0.399673721481038
"080411A",1.748188027,1.97674,-4.578396073,1.75,21.57289018,1.635483747,1.000967534,0.001645055,0.03,0.009047802,0.00776276208190557,1.03,0.307496037913213
"080413B",0.903089987,1.93206,-5.494850022,1.26,21.31329763,1.271841607,15.0870791,0.013571703,0.27,0.018579443,0.819029400130791,1.1,0.322219294733919
"080516A",0.763427994,2.3315,-6.585026652,1.82,22.03528962,0.255272505,0.213016433,0.066814536,0.27,0.072382414,0.0159503209161228,3.2,0.6232492903979
"080603A",1.77815125,2.0146549872069,-5.70558194498092,1.8144820875664,20.9181675200872,0.365016103959771,0.601065704,0.0419982454796969,0.181989441665926,0.0645822859728094,0.00435065864565147,1.69,0.429752280002408
"080603B",1.77815125,1.83449,-5.619788758,1.21,21.31611509,0.544068044,0.597059548,0.018095603,0.3,0.024816828,0.0043216611215518,2.6893,0.566943971856554
"080607A",1.899984563,2.03418,-4.619788758,1.31,22.38386741,1.36361198,3.285061929,0,0.04,0.02068069,0.0179615292332226,3.036,0.605951157564873
"080710A",2.077948999,2.00149,-5.853871964,1.47,20.89722339,0,17.43704666,0.062042069,0.23,0.086858896,0.063286086716648,0.845,0.265996370495079
"080810A",2.03666881,2.11482,-5.337242168,1.34,21.45079548,0.301029996,4.337190332,0.018882369,0.06,0.043429448,0.0173110727824034,3.35,0.638489256954637
"080905B",2.10720997,1.86248,-5.744727495,1.78,22.33533151,-0.301029996,28.05833332,0.048254942,0.15,0.086858896,0.0951998384562338,2.374,0.528145078253106
"080916A",1.77815125,1.88453,-5.397940009,1.17,21.7431239,0.431363764,6.325897569,0.010857362,0.21,0.032169962,0.0457883734954798,0.6887,0.227552503379865
"080928A",2.368584372,2.13864,-5.602059991,1.77,21.51035195,0.322219295,20.80043462,0.034743559,0.12,0.02068069,0.0386609346233468,1.692,0.430075055551939
"081007A",0.958563883,2.102,-6.148741651,2.51,21.69605744,0.414973348,2.937133306,0.048934589,0.2,0.066814536,0.140327919478768,0.5295,0.184549481320698
"081008A",2.268297087,1.98207,-5.366531544,1.69,21.1376737,0.113943352,40.34414957,0.020199743,0.07,0.033407268,0.0944643171466364,1.9685,0.472537053262077
"081028A",2.414973348,2.51,-5.431798276,1.25,20.90308999,-0.301029996,32.58849643,0.023475377,0.38,0.086858896,0.0544346314312377,3.038,0.60616631460762
"081029A",2.431283332,1.95818,-5.677780705,1.43,21.49704581,-0.301029996,45.6827768,0.041361379,0.18,0.173717793,0.0734942688403521,3.8479,0.685553652846326
"081203A",2.46834733,2.03508,-5.113509275,1.54,21.66176916,0.462397998,82.96987405,0.016920564,0.06,0.029951344,0.122562443871835,2.1,0.491361693834273
"081221A",1.531478917,2.4947,-4.742321425,1.21,21.57331844,1.260071388,0.8019177,0.007198251,0.13,0.011931167,0.0102431891789539,2.26,0.513217600067939
"081228A",0.477121255,2.11824052948599,-7.050609993,2.1,21.16936021,-0.22184875,10.53830531,0.0674679414874554,0.31,0.103319586082909,1.52557594726348,3.44,0.64738297011462
"081230A",0.907209226455443,2.08621,-6.086186148,1.97,20.67248024,-0.15490196,13.77430841,0.02568693,0.096969697,0.142225970771007,0.740704337003766,2.1,0.491361693834273
"090102A",1.432006687,1.76997,-7.167491087,1.36,21.72376179,0.740362689,2.240000004,0.019160051,0.08,0.063170107,0.0359770577590371,1.547,0.406028944963615
"090205A",0.944482672,2.03416,-6.721246399,2.15,21.81792086,-0.301029996,1.794079127,0.068572813,0.23,0.086858896,0.0885407574117407,4.6497,0.752025387323213
"090313A",1.893872679,2.07619,-5.853871964,1.91,22.44115763,-0.096910013,75.36821526,0.062042069,0.29,0.162860431,0.417926455348188,3.38,0.6414741105041
"090418A",1.748188027,2.03408,-5.337242168,1.48,22.02365981,0.278753601,4.129211073,0.018882369,0.07,0.068572813,0.0320230997079162,1.608,0.416307587059883
"090423A",0.989894564,1.8158,-6.229147988,0.8,22.7516324,0.230448921,1.061728761,0.029443694,0.5,0.051093469,0.047195797531391,8.26,0.966610986681934
"090424A",1.681241237,1.96315,-4.677780705,1.19,21.63012977,1.851258349,2.27250697,0,0.15,0.012233647,0.0205611924585667,0.544,0.188647295999717
"090519A",1.806179974,1.46604,-5.920818754,1.02,22.13069392,-0.22184875,8.24011649,0.036191207,0.2,0.144764827,0.0559162050267847,3.85,0.685741738602264
"090529A",1.837651558,2.22623,-6.167491087,2,22.32139542,-0.397940009,10.5274432,0.10857362,0.3,0.108573621,0.0664439832683159,2.625,0.559308010907013
"090530A",1.681241237,2.03975,-5.958607315,1.61,20.90942658,0.397940009,35.77708764,0.039481317,0.17,0.052115338,0.323703994876218,1.266,0.355259905527378
"090618A",2.05388479,1.82831,-3.978810701,1.42,21.39200012,1.589949601,0.593538562,0.004136138,0.08,0.008931506,0.00227692361547263,0.54,0.187520720836463
"090726A",1.773054693,2.4288,-6.065501549,2.25,22.02689264,-0.15490196,4.559271868,0.050499358,0.19,0.124084138,0.0333906680510945,2.71,0.569373909615046
"090809A",0.73239376,1.94644,-6.468521083,1.34,21.91952315,0.041392685,1.216253263,0.063866836,0.24,0.078962633,0.0978170519448906,2.737,0.572523097849638
"090812A",1.824125834,1.88559,-5.236572006,1.24,21.77771022,0.556302501,14.65837332,0.014975672,0.05,0.024127471,0.0954430381608785,2.452,0.538070787043172
"090927A",0.342422681,2.06549,-6.698970004,1.8,21.01785522,0.301029996,0.400898978,0.065144172,0.2,0.043429448,0.0791400972158072,1.37,0.374748346010104
"091018A",0.639486489,1.98015,-5.853871964,1.77,21.19187281,1.012837225,0.601065704,0.031021034,0.24,0.016865805,0.0598714492362227,0.971,0.294686624279443
"091020A",1.590061231,2.08587,-5.431798276,1.53,21.70587483,0.62324929,4.875038864,0.011737689,0.07,0.031021034,0.0544128110188212,1.71,0.432969290874406
"091024A",1.995196292,1.49013,-5.214670165,1.2,22.23512426,0.301029996,19.64696058,0.021358745,0.08,0.065144172,0.0862746871400456,1.09,0.320146286111054
"091029A",1.593286067,2.11535,-5.619788758,1.46,21.45058625,0.255272505,4.829610314,0.018095603,0.27,0.024127471,0.0535069670717355,2.752,0.574262829707027
"091109A",1.681241237,1.96352,-5.795880017,1.31,21.89596701,0.113943352,16.70810678,0.05428681,0.25,0.133629071,0.15117163716416,3.076,0.610234175334389
"091127A",0.84260924,1.80187,-5.045757491,2.05,20.87872913,1.667452953,0.150359555,0.014476483,0.07,0.025217099,0.0093822306004846,0.49,0.173186268412274
"091208B",1.173186268,2.03333,-5.48148606,1.74,21.91211094,1.181843588,2.897723268,0.026320878,0.11,0.028572005,0.0844607534610546,1.063,0.314499227973151
"100219A",1.274157849,1.58721,-6.431798276,1.34,21.25883595,-0.397940009,11.8942948,0.070426132,0.25,0.10857362,0.274767372388661,4.67,0.753583058892907
"100316B",0.579783597,2.23535,-6.698970004,2.23,21.41315218,0.113943352,0.445223532,0.043429448,0.18,0.033407268,0.0508837165764397,1.18,0.338456493604605
"100316D",2.717570654,2.49431,-6.522878745,2.29,21.60728985,-1,1.409113169,0.115811862,0.41,0,0.0011726260314046,0.06,0.0253058652647703
"100418A",0.84509804,2.26662,-6.468521083,2.16,22.340573,0,0.963279858,0.063866836,0.25,0.086858896,0.059763875267383,0.6235,0.21045229296202
"100425A",1.568201724,2.17077,-6.327902142,2.42,20.53466438,0.146128036,3.773539953,0.083162773,0.32,0.062042069,0.0442926372724909,1.755,0.440121603187804
"100508A",1.716003344,1.9368495003839,-6.15490196,1.23,20.84356974,-0.397940009,2.27250697,0.0580980942149184,0.25,0.101108910335356,0.0189795622370722,0.5201,0.181872159010334
"100513A",1.924279286,2.25722,-5.853871964,1.62,22.05240534,-0.22184875,14.87086076,0.031021034,0.14,0.072382414,0.0768849139302361,4.772,0.761326322421457
"100704A",2.2955671,2.11575,-5.22184875,1.73,21.52730245,0.633468456,23.25931459,0.014476483,0.06,0.020199743,0.0511462884983093,3.6,0.662757831681574
"100728A",2.297760511,1.90402,-4.420216403,1.18,21.52592288,0.707570176,12.6465837,0,0.02,0.017031156,0.0276692267863542,1.567,0.409425868671443
"100814A",2.241795431,1.89414,-5.045757491,1.47,20.89608288,0.397940009,9.468174905,0.009650988,0.04,0.034743559,0.0235643330529017,1.44,0.387389826338729
"100816A",0.462397998,1.91138,-5.698970004,0.73,21.34783526,1.037426498,0.621173086,0.021714724,0.24,0.015937412,0.0930248425840856,0.804,0.256236533205923
"100901A",2.64246452,1.98285,-5.677780705,1.52,21.53188109,-0.096910013,22.56299024,0.062042069,0.21,0.10857362,0.0223211438768381,1.408,0.381656482585787
"100906A",2.058426024,2.02817,-4.920818754,1.78,21.96198081,1.004321374,1.591145486,0,0.03,0.017199781,0.00604043448603348,1.727,0.43568513794163
"101219B",1.531478917,1.85684,-5.677780705,1.56,20.49692965,-0.22184875,5.420624286,0.082722758,0.16,0.217147241,0.0692396240032236,0.55,0.190331698170291
"101225A",3.036628895,1.81612,-5.721246399,1.82,21.11770968,-0.338610804708651,0.593538562,0.091430417,0.32,0.109322034911467,0.000236921436110614,0.33,0.123851640967086
"110205A",2.409933123,1.93577,-4.769551079,1.8,21.37042981,0.556302501,2.937133306,0,0.04,0.024127471,0.00496334937114051,2.21,0.506505032404872
"110213A",1.681241237,1.96436,-5.229147988,1.83,21.56708403,0.204119983,16,0.029443694,0.12,0.162860431,0.14476482742628,1.46,0.390935107103379
"110422A",1.413299764,1.89199,-4.387216143,0.86,22.02088312,1.487138375,0.566646277,0.010592548,0.1,0.0141464,0.00950159657676303,1.77,0.442479769064449
"110503A",1,1.90907,-5,0.88,21.13638759,0.130333768,3.405445073,0.017371779,0.25,0.019301977,0.147896600362852,1.613,0.417139409727326
"110715A",1.113943352,1.85342,-4.928117993,1.25,22.0746007,1.731588765,4,0.007360923,0.12,0.008863153,0.133629071449258,0.82,0.260071387985075
"110731A",1.588831726,1.85145,-5.22184875,1.15,21.95954126,1.041392685,11.66246372,0.007238241,0.05,0.011844395,0.130539784388153,2.83,0.583198773968623
"110801A",2.58546073,2.04784,-5.327902142,1.84,21.39050236,0.041392685,4.820058467,0.027720924,0.1,0.078962633,0.00543720725272751,1.858,0.456062224454951
"110808A",1.681241237,2.33721,-6.48148606,2.32,21.39200012,-0.397940009,22.627417,0.105283511,0.43,0.217147241,0.204728382319217,1.348,0.370698092575577
"110818A",2.012837225,1.95985,-5.397940009,1.58,22.06812647,0.204119983,18.0548006,0.021714724,0.11,0.081430215,0.0761271870594219,3.36,0.639486489268586
"111008A",1.802500068,1.94053,-5.27572413,1.86,22.17059025,0.806179974,2.36485691,0.024582707,0.09,0.047500959,0.0161841207996628,4.9898,0.777412321496744
"111107A",1.424881637,2.11569,-6.055517328,1.49,21.56675205,0.079181246,17.43704666,0.039481317,0.14,0.072382414,0.284692223259189,2.893,0.590284403718162
"111123A",2.462397998,2.55463,-5.13667714,1.68,21.35034301,-0.045757491,88.09086218,0.017847718,0.07,0.048254942,0.131921983937837,3.1516,0.618215503279417
"111209A",2.505149978,1.81212,-4.443697499,1.48,21.14009932,-0.301029996,29.55180898,0.012063736,0.03,0.086858896,0.0401068361866461,0.677,0.224533062606086
"111228A",2.005180513,2.03824,-5.070581074,2.27,21.41342718,1.093421685,5.415902489,0.010218694,0.06,0.017511874,0.023242060897345,0.714,0.234010817587179
"120118B",1.36660971,2.20884,-5.744727495,2.08,21.451745,0.342422681,19.64696058,0.024127471,0.11,0.059221975,0.366834332492466,2.943,0.595826777073223
"120119A",2.404491618,1.61077,-4.769551079,1.38,22.02202812,1.012837225,1.794079127,0,0.04,0.012649354,0.00306997109740333,3.1,0.612783856719735
"120327A",1.798650645,1.75797,-5.443697499,1.52,22.16619025,0.591064607,7.52171255,0.012063736,0.06,0.022271512,0.051933835584684,2.813,0.581266805273671
"120404A",1.587710965,1.89579,-5.795880017,1.85,21.70983536,0.079181246,16,0.027143405,0.13,0.072382414,0.179553274179706,2.876,0.588383768378728
"120422A",0.728353782,2.32199,-6.638272164,1.19,21.89306622,-0.22184875,2.236067977,0.075529475,0.24,0.144764827,0.181516258620399,0.283,0.108226656374928
"120711A",2.06069784,1.96823823014476,-5.59956740196432,1.73945067928945,20.8890204759374,0.15298088503652,31.02460027,0.0445850499081247,0.1906576904457,0.0796645497755468,0.117163588795529,1.405,0.381115080709851
"120729A",1.854306042,1.8831,-5.619788758,1.62,21.34792103,0.462397998,36.74353317,0.018095603,0.08,0.029951344,0.223182009707008,0.8,0.255272505103306
"120802A",1.698970004,2.03526,-5.721246399,1.21,22.12127744,0.477121255,31.02460027,0.068572813,0.47,0.028952965,0.2694762542188,3.796,0.680879174426811
"120811C",1.428134794,1.92121,-5.522878745,1.4,21.91722026,0.612783857,3.693579286,0.043429448,0.3,0.021185097,0.0598545187495629,2.671,0.564784384503987
"120815A",0.986771734,1.84293,-6.30980392,2.29,21.77242733,0.342422681,40.34414957,0.062042069,0.23,0.059221975,1.80631356145071,2.36,0.526339277389844
"120907A",1.227886705,1.82021,-6.173925197,1.73,21.0438101,0.462397998,1.370430613,0.071302079,0.25,0.059902687,0.035217186540104,0.97,0.294466226161593
"120922A",2.238046103,2.06954,-5.207608311,1.58,21.0163605,0.301029996,30.24009631,0.049033248,0.36,0.043429448,0.075913913084108,3.1,0.612783856719735
"121024A",1.838849091,2.00683,-5.958607315,1.41,21.94617755,0.113943352,32.06243908,0.039481317,0.22,0.066814536,0.201804932759115,2.298,0.5182506513085
"121027A",1.796574333,2.37144,-5.698970004,1.82,22.07736427,0.113943352,4.820058467,0.021714724,0.09,0.066814536,0.03343969322178,1.773,0.442949869577862
"121128A",1.367355921,1.98504,-5.161150909,1.32,22.04029767,1.11058971,1.63061216,0.025176492,0.18,0.013466496,0.0303933846890459,2.2,0.505149978319906
"121211A",2.260071388,2.0682,-5.886056648,2.36,21.66138196,0,39.28730733,0.089197405,0.26,0.130288345,0.0937486856135703,1.023,0.305995882770805
"121217A",2.890979597,1.96847804960143,-5.207608311,1.53,21.6003032,0.255272505,1.63061216,0.0302144713479088,0.08,0.0649371985063369,0.000910238898708907,3.1,0.612783856719735
"130215A",1.81756537,1.95045663425091,-5.26760624,1.59,21.1575730258515,0.397940009,4.559271868,0.040212452,0.14,0.121602455,0.0301380001790267,0.6,0.204119982655925
"130408A",1.447158031,2.03183,-5.638272164,1.28,20.06405721,0.69019608,13.06603535,0.075529475,0.26,0.088631527,0.202660966333188,3.757,0.677333151419902
"130418A",2.07200023240372,1.68684,-5.744727495,2.07,21.12149747,-0.22184875,46.08809848,0.048254942,0.17,0.144764827,0.169579312058566,1.218,0.345961541813141
"130420A",2.091666958,2.29559,-5.148741651,1.52,20.79265849,0.531478917,11.73673073,0.018350471,0.25,0.025546734,0.0412728533350444,1.297,0.361160995195026
"130427A",2.211734423,1.78644,-3.508638306,1.21,20.99021494,2.519827994,0.179108908,0.00420285,0.02,0.006035512,0.000477713015917906,0.34,0.127104798364808
"130511A",0.73479983,2.06879,-6.657577319,1.35,21.01365445,0.113943352,2.212184473,0.078962633,0.31,0.066814536,0.176931769551824,1.3033,0.362350507594848
"130514A",2.309630167,2.0604,-5.040958608,1.8,21.19799139,0.447158031,12.81269759,0.009544934,0.05,0.046531552,0.0272768817014167,3.6,0.662757831681574
"130604A",1.57634135,2.08823,-5.853871964,1.51,21.35024026,-0.096910013,4.559271868,0.031021034,0.12,0.10857362,0.0525216608675702,1.06,0.313867220369153
"130606A",2.441820772,1.86465,-5.537602002,1.52,20.24962877,0.414973348,19.31096766,0.029951344,0.12,0.033407268,0.0303226795160044,5.913,0.839666556882433
"130702A",1.770852012,1.95922507826468,-5.28621275756824,1.7069931932884,21.1002489320261,0.697313985603386,4,0.0328032555071814,0.171786515728631,0.043879736569635,0.0294436936640946,0.15,0.0606978403536116
"130831A",1.511883361,1.79449,-5.187086643,1.93,21.49704581,1.133538908,1.864331486,0.001336291,0.05,0.019160051,0.0249128885159663,0.4791,0.16999753706657
"131030A",1.613841822,2.09466,-4.537602002,1.3,20.84178667,1.44870632,4.042662472,0,0.03,0.010818724,0.0427179076225292,1.295,0.36078268987328
"131105A",2.050379756,2.24976,-5.148741651,1.45,21.32749584,0.544068044,4.086802216,0.030584118,0.11,0.074450483,0.0158047698317659,1.686,0.429106008332697
"140206A",1.971275849,1.88134,-4.795880017,1.04,22.00531353,1.28780173,13.75282388,0.008143022,0.15,0.011193157,0.063811704252879,2.73,0.571708831808688
"140213A",1.77815125,1.96657,-4.920818754,1.8,20.99187128,1.371067862,2.62312486,0,0.04,0.014784493,0.0189868108841264,1.2076,0.343920385393226
"140419A",1.976349979,1.87322,-4.795880017,1.21,22.04094236,0.69019608,3.817215769,0,0.04,0.017726305,0.0175057628798656,3.956,0.695131297704026
"140423A",2.127104798,2.06486,-5.026872146,1.33,21.81946365,0.322219295,23.01198296,0.013860462,0.06,0.041361379,0.0745819195938403,3.26,0.629409599102719
"140430A",2.239549721,2.15785,-5.958607315,2,21.67796993,0.397940009,3.69174647,0.078962633,0.22,0.034743559,0.00923562857095551,1.6,0.414973347970818
"140506A",2.045714059,1.74751,-5.552841969,1.68,21.81764402,1.037426498,9.556709938,0.046531552,0.16,0.035859177,0.0373575732732516,0.889,0.276231957921834
"140509A",1.17092730333444,1.93407,-5.920818754,1.59,20.90144742,0.204119983,5.171156949,0.04379136,0.121212121,0.117055576617339,0.151511196244019,2.4,0.531478917042255
"140512A",2.189770956,1.84304,-4.853871964,1.45,21.32824297,0.832508913,4.787065924,0.00930631,0.04,0.019160051,0.0134302087658966,0.725,0.236789099409293
"140518A",1.781755375,1.93772,-6,0.92,22.46148952,0,2.429189161,0.043429448,0.61,0.043429448,0.0174377429302028,4.707,0.756407872548958
"140614A",2.857332496,1.77015,-5.886056648,1.5,21.99532933,-1.4317581319867,160.0586725,0.133629071,0.46,0.163321606984505,0.0965452754396361,4.233,0.718750734739665
"140629A",1.62324929,1.95996,-5.619788758,1.86,21.74269921,0.62324929,11.54148842,0.036191207,0.11,0.041361379,0.119342969960682,2.275,0.515211304327802
"140801A",0.84509804,2.01128440967262,-6.05905855564194,1.83370502309806,20.8744034307407,0.574153872694756,4.086802216,0.0466131295127891,0.249571169609986,0.0548014009952138,0.253553664442435,1.32,0.3654879848909
"140907A",1.898725182,2.00735,-5.366531544,1.72,21.4811071,0.397940009,5.415902489,0.020199743,0.07,0.034743559,0.0296981889302465,1.21,0.344392273685111
"141004A",0.593286067,1.79496,-6.173925197,1.86,21.49730845,0.785329835,1.073372291,0.019446022,0.08,0.021358745,0.118918281385487,0.573,0.196728722623287
"141121A",2.74028372,1.93447,-5.27572413,1.73,21.59590717,-0.045757491,37.82221354,0.032776942,0.13,0.144764827,0.0298708467389642,1.47,0.392696953259666
"141220A",0.857935265,1.80565,-5.585026652,0.62,21.48574413,0.949390007,0.473776348,0.016703634,0.38,0.034157993,0.0285379269708387,1.3195,0.365394376854778
"141221A",1.567026366,2.22288,-5.677780705,1.74,21.46788768,0.491361694,0.58,0.02068069,0.08,0.028018999,0.00682630893214475,1.45,0.389166084364532
"150120B",2.01762288488796,2.01678,-6.26760624,2.2,21.52664292,0.079181246,3.388285726,0.039006078,0.151515152,0.0542106768002651,0.0141299769251024,3.5,0.653212513775344
"150314A",1.169968174,1.84772,-4.657577319,1.08,22.01715025,1.58546073,2.631341157,0.005922197,0.03,0.010152339,0.07726686575266,1.758,0.440594261839831
"150323A",2.174931594,2.0639,-5.214670165,1.85,21.69269626,0.73239376,0.150359555,0.014239163,0.07,0.024127471,0.000436499498442683,0.593,0.202215775801131
"150403A",1.611723308,1.70996,-4.769551079,1.23,21.79039707,1.245512668,12.01358912,0.00766402,0.04,0.014805494,0.127565659236116,2.06,0.48572142648158
"150821A",2.23578087,2.21622,-6.102372909,2.1,22.340573,-1.49776679460977,99.0437544,0.104450572,0.37,0.188398851647283,0.249936990327389,0.755,0.244277120801843
"150910A",2.049992857,1.78547,-5.318758763,1.42,20.842422,0.041392685,75.36821526,0.036191207,0.12,0.157925266,0.291729055189802,1.3585,0.372635880581721
"151021A",2.042181595,1.96079,-4.552841969,1.57,22.33647975,0.986771734,3.648780623,0.015510517,0.04,0.035818102,0.0143797213110485,2.33,0.52244423350632
"151027A",2.11290649,2.00612,-5.107905397,1.72,21.65076489,0.832508913,5.47526252,0.011135756,0.05,0.038320101,0.0183350782696789,0.81,0.257678574869184
"151215A",1.250420002,2.20942,-6.508638306,1.99,21.1002489320261,0.204119983,1.003450114,0.098066496,0.33,0.05428681,0.0244827442519859,2.59,0.555094448578319
"160117B",0.697062187810827,1.83834,-6.4710833,1.73,20.95374423,-0.705929807788426,2.461495511,0.005627928835757,0.0041822719666068,0.122191721784807,0.214744065864423,0.87,0.271841606536499
"160121A",1.079181246,2.2054,-6.214670165,1.77,21.1002489320261,0.079181246,2.383886728,0.035597908,0.13,0.072382414,0.0862757376305275,1.96,0.471291711058939
"160131A",2.511883361,2.02332,-4.690369833,1.24,21.680967,0.806179974,40.34414957,0.010644473,0.05,0.020357554,0.0539115124137789,0.972,0.294906910605192
"160203A",1.305351369,1.75592,-5.920818754,1.93,22.0158332,0.113943352,3.236126049,0.036191207,0.2,0.133629071,0.0695758261024457,3.52,0.655138434811382
"160227A",2.500373714,1.72551,-5.508638306,0.75,21.4198963,-0.22184875,75.36821526,0.028018999,0.51,0.072382414,0.103418641469029,2.38,0.528916700277655
"160314A",0.941014244,1.95129,-6.552841969,1.53,22.13954852,-0.045757491,3.693579286,0.062042069,0.22,0.096509885,0.183745830617921,0.726,0.237040791379191
"160327A",1.447158031,1.93554,-5.853871964,1.84,20.72655851,0.255272505,9.225420765,0.031021034,0.11,0.048254942,0.143091047665439,4.99,0.777426822389311
"160425A",2.483701382,2.51113,-5.677780705,2.2,22.05510681,0.447158031,23.25931459,0.041361379,0.18,0.031021034,0.0331649878100479,0.555,0.191730393362856
"160804A",2.15896526,1.87827,-4.943095149,1.4,21.30214687,0.462397998,19.22975247,0.011428802,0.23,0.044927015,0.057915224642575,0.736,0.239549720840473
"161014A",1.26245109,1.83236,-5.721246399,1.47,22.18657496,0.462397998,0.963279858,0.045715209,0.15,0.089854031,0.0228604987212173,2.823,0.582404298019028
"161023A",1.643452676,1.95429741445854,-5.42056598348586,1.48429488273099,21.1872488303853,0.588209791507229,6.838970679,0.0255406174190192,0.159030747217934,0.0451456901736497,0.0675028916162013,2.71,0.569373909615046
"161108A",2.021602716,2.00325,-5.958607315,1.85,21.16074757,-0.22184875,11.8942948,0.039481317,0.17,0.072382414,0.0491496346156657,1.159,0.334252642334231
"161117A",2.099335278,1.92624,-4.698970004,1.19,21.87736847,0.832508913,1.095627703,0,0.12,0.019160051,0.00378540226960351,1.549,0.406369835469268
"161129A",1.550595207,1.74506,-5.443697499,1.57,21.51361441,0.531478917,2.093571159,0.012063736,0.06,0.025546734,0.0255903856698547,0.645,0.216165902285993
"161219B",0.84135947,1.86204,-5.823908741,1.29,21.16590877,0.72427587,0.791979781,0.028952965,0.35,0.032776942,0.0495608716177928,0.1475,0.0597526942092988
"170113A",1.315130317,1.81917,-6.173925197,0.75,21.4429483,0.041392685,32.58849643,0.04537405,0.59,0.039481317,0.685043764717141,1.968,0.472463896606989
"170202A",1.664641976,1.99768,-5.48148606,1.68,21.7153121,0.672097858,11.44830537,0.013160439,0.07,0.027720924,0.10761765896651,3.645,0.666985718329661
"170405A",2.216693599,1.8473,-5.431798276,1.59,21.59122827,-0.0335186812736592,35.39093667,0.035213066,0.12,0.153952769308304,0.0933217274509788,3.51,0.65417654187796
"170519A",2.335257256,1.97351,-5.958607315,1.94,21.33992622,-0.15490196,49.40433008,0.078962633,0.26,0.062042069,0.0991498519285518,0.818,0.259593878885949
"170531B",2.215187969,2.06685,-5.698970004,1.95,21.89473409,-0.096910013,8.820503864,0.043429448,0.14,0.10857362,0.0233394026693868,2.366,0.527114111639805
"170607A",1.361727836,1.94001,-5.124938737,1.61,20.90203663,1.08334542328181,23.25931459,0.017371779,0.07,0.0231184496675564,0.439190955639043,0.557,0.19228861256812
"170705A",2.337059726,1.89159,-5.022276395,1.65,21.08891889,1.1430148,18.07805176,0.013714563,0.05,0.012497683,0.0361306862803674,2.01,0.478566495593843
"170714A",3,1.84715,-5.552841969,1.76,21.06857952,-0.397940009,32.58849643,0.046531552,0.17,0.217147241,0.0141530041730728,0.793,0.253580289562183
"170903A",1.465382851,2.20256,-5.619788758,1.94,21.73970839,0.591064607,3.59505881,0.036191207,0.12,0.05567878,0.0534696645518069,0.886,0.27554168840131
"171205A",2.277379975,1.66173,-5.443697499,1.41,20.9181675200872,0,35.1681973,0.036191207,0.14,0.130288345,0.0806407286915141,0.0368,0.0156949885265181
"171222A",2.242541428,1.99001,-5.721246399,2.07,20.02880298,-0.15490196,22.66456934,0.045715209,0.17,0.124084138,0.0563106258915239,2.409,0.532627001228891
"180115A",1.611723308,1.9512,-6.119186408,1.66,20.61397389,-0.22184875,4.829610314,0.062858412,0.22,0.144764827,0.0512829611038799,2.487,0.542451947375977
"180205A",1.190331698,1.88733,-6,2.04,21.4933967,0.531478917,3.123262328,0.043429448,0.13,0.038320101,0.0875106835560367,1.409,0.381836799998343
"180325A",1.973589623,1.85846,-5.187086643,1.18,22.14319598,0.973127854,1.370430613,0.013362907,0.05,0.013860462,0.00632487198345076,2.248,0.511616020569138
"180329B",2.322219295,1.86768,-5.48148606,0.97,21.41988474,0.146128036,44.04594331,0.039481317,0.56,0.124084138,0.091090048181127,1.998,0.476831628512261
"180620B",2.29841638,1.99236,-5,1.3,21.21643247,0.556302501,27.4443118,0.013028834,0.2,0.024127471,0.0599542916300528,1.1175,0.325823419002744
"180624A",2.686993566,2.06008,-5.236572006,1.91,21.1034582,0.146128036,38.50431688,0.022463508,0.1,0.062042069,0.0343795484387942,2.855,0.586024382386976
"180720B",3.06444019010425,1.8461,-4.065501549,1.36,21.24271531,1.831869774,3.688453378,0.005049936,0.03,0.016629833,0.00138098327707093,0.654,0.218535505216528
"180728A",0.938519725,1.70111,-4.528708289,1.97,21.58733599,2.120573931,0.297321378,0.008803267,0.03,0.009541318,0.0148761559757772,0.117,0.0480531731156091
"181010A",1.214843848,1.76613,-6.161150909,1.52,22.27837171,0.146128036,2.192792779,0.04405886,0.15,0.062042069,0.0580681587793652,1.39,0.378397900948138
"181020A",2.376576957,1.93674,-5.091514981,1.25,20.65703194,0.886490725,11.5888181,0.016084981,0.06,0.016920564,0.0211468897196027,2.938,0.595275711802099
"181201A",1.283301229,1.97913612783146,-5.37153011911936,1.62357778401957,21.1468434832998,0.899550776141651,3.817215769,0.0288230416508681,0.178235765696061,0.0293124960699646,0.0863435283114147,0.45,0.161368002234975
"190114A",1.823474229,1.83214,-6.096910013,2.06,21.6447605,-0.301029996,10.18381229,0.065144172,0.22,0.173717793,0.0664080102705681,3.3765,0.641126932803509
"190719C",2.268811904,1.5415,-5.292429824,1.64,20.95382587,0.740362689,9.689285646,0.025546734,0.09,0.02368879,0.0226602223323686,2.469,0.54020429984206
"190829A",1.764922985,2.0913,-5.193820026,2.56,22.04910001,1.255272505,8.854522046,0.047500959,0.21,0.065144172,0.0660733687520347,0.0785,0.0328201494385639
"191011A",0.867467488,1.81479,-6.48148606,1.94,21.65033473,0.255272505,0.950286355,0.052641755,0.17,0.048254942,0.0559978453284278,1.722,0.434888120867316
"191221B",1.681241237,1.843,-4.721246399,1.24,22.02365981,0.681241237,16,0.022857604,0.05,0.063334612,0.14476482742628,1.148,0.332034277027518
"200205B",2.660865478,1.90881,-5.26760624,1.36,21.19187281,0.301029996,5.385164807,0.016084981,0.22,0.043429448,0.0051064352834946,1.465,0.391816923613249
"200613A",2.580924976,2.00996423348564,-5.23247535249562,1.74656725545063,20.9938049880807,0.228369899911643,3.693579286,0.041388018888279,0.176273323751351,0.0694499683839808,0.00421023911071871,1.2255,0.347427598618541
"200829A",1.115277591,1.88219,-4.292429824,0.83,21.08966848,1.994317153,2.91,0.008515578,0.03,0.007040235,0.0969169435192129,1.25,0.352182518111362
"201014A",1.558708571,1.97336,-6.508638306,2.55,22.1524657,-0.522878745,0.58931824,0.098066496,0.37,0.289529655,0.0070701010895531,4.56,0.745074791582057
"201015A",0.990338855,2.1574,-6.698970004,3.03,21.35536147,0.255272505,19.9827799,0.130288345,0.68,0.096509885,0.887363091964509,0.426,0.154119525515847
"201020A",1.15136985,2.0761,-6.036212173,2.25,20.93258486,0.322219295,2.192792779,0.033044145,0.14,0.041361379,0.0672066199308134,2.903,0.591398551281249
"201021C",1.387033701,1.6168,-6,1.63,20.75199541,0,4.086802216,0.043429448,0.15,0.086858896,0.0728004779406376,1.07,0.315970345456918
"201104B",0.937517892,1.55046,-5.744727495,1.47,21.73058526,0.612783857,0.161839373,0.024127471,0.07,0.031777645,0.00811616012140756,1.954,0.470410490975931
"210204A",2.301029996,1.98957333119557,-5.18451228666849,1.71047871175346,21.0584880674433,0.493025576197725,3.817215769,0.0338538542545085,0.143781575971085,0.0534933364415772,0.00828897871714061,0.876,0.273232834043046
"210210A",0.819543936,1.85188,-6.008773924,1.53,21.12319546,0.84509804,0.58931824,0.035452611,0.58,0.031021034,0.038778433249538,0.715,0.234264124378789
"210411C",1.10720997,1.88408,-5.920818754,1.6,21.05996459,0.681241237,0.597059548,0.036191207,0.4,0.027143405,0.0202577864729536,2.826,0.582744965691277
"210517A",0.485721426,1.71079,-6.823908741,1.85,21.15768338,0.176091259,1.409113169,0.086858896,0.25,0.057905931,0.199990220376636,2.486,0.542327382773974
"210610B",1.841234296,1.91684,-4.443697499,0.98,21.03780485,1.130333768,2.53,0.012063736,0.11,0.022518973,0.015836913202155,1.13,0.328379603438738
"210619B",1.784617293,1.92306,-4.022276395,1.41,21.83430305,2.06069784,0.277416677,0.004571521,0.02,0.008308242,0.00197833385726092,1.937,0.4679039465228
"210722A",1.700703717,1.83712,-5.602059991,1.62,20.54058972,0.342422681,10.53830531,0.034743559,0.14,0.098703291,0.0911698774157967,1.145,0.331427296520743
"210822A",2.257198426,1.70788,-4.698970004,1.3,21.53322281,1.442479769,42.72,0.00868589,0.4,0.010974951,0.102616483810065,1.736,0.437116093048079
"211024B",2.780677274,2.08,-5.167491087,1.63,20.98677173,-0.045757491,20.65497765,0.019160051,0.09,0.096509885,0.014863865494915,1.1137,0.325043347403704
"220101A",2.238948898,1.62241,-4.602059991,1.13,21.90370028,0.86332286,12.50116167,0,0.13,0.017847718,0.0313174061753508,4.618,0.749581734865559
"220117A",1.697316542,1.78537,-5.795880017,1.84,21.99532933,0.278753601,3.431095393,0.05428681,0.18,0.091430417,0.0299157959274313,4.961,0.775319121829478
"220521A",1.131939295,2.02179,-6.091514981,1.97,21.85427081,0.672097858,2.691501432,0.042893282,0.18,0.036961232,0.0862659941342183,5.57,0.817565369559781
"230116D",1.612783857,1.76412,-6.090443971,1.38,21.64321572,-0.22184875,11.18033989,0.064181451,0.22,0.144764827,0.118428290656009,3.81,0.682145076373832
"230325A",1.580354661,2.0855,-5.886056648,1.82,22.22918251,0.51851394,11.56039866,0.066814536,0.18,0.052641755,0.131947893505177,1.664,0.425534220498263
"230506C",1.491361694,2.08995,-5.769551079,1.89,20.96124782,0.380211242,6.32455532,0.051093469,0.17,0.090478017,0.0886038540296678,3.7,0.672097857935718
"230818A",0.992111488,2.00403,-5.721246399,1.36,21.31377445,0.826074803,1.249953617,0.022857604,0.1,0.032410036,0.0552798328138297,2.42,0.534026106056135
"231210B",0.873320602,1.66432281,-5.853871964,1.08,21.82763844,0.591064607,0.647,0.062042069,0.19,0.077950292,0.037615599688349,3.13,0.615950051656401
"970508A",1.120573931,1.95905288678887,-6.01308853019273,1.89125935641635,20.9147184367958,0.329125184024259,18.0548006,0.0513926781795972,0.291747439511379,0.0729767332031779,0.594022748193947,0.83,0.262451089730429
