"split","best_r_idx","best_r_val","best_rmse_idx","best_rmse_val","best_mad_idx","best_mad_val","n_candidates","minutes","best_r_formula"
1,302,0.458,302,0.161,3006,0.1127,17,2.6,"Response ~  (AlphaSqr+log10FaSqr+PhotonIndex)^2+log10PeakFlux+log10NH+log10Ta+log10Fa+Alpha+log10T90+log10PeakFluxSqr+log10NHSqr+PhotonIndexSqr+log10TaSqr+log10T90Sqr"
2,1883,0.6721,1883,0.1411,2764,0.1052,17,2.6,"Response ~  (log10FaSqr+PhotonIndexSqr+log10Fa+log10Ta+log10PeakFlux)^2+log10NH+PhotonIndex+Alpha+log10T90+log10PeakFluxSqr+log10NHSqr+log10TaSqr+AlphaSqr+log10T90Sqr"
3,145,0.4652,663,0.181,145,0.0949,17,2.6,"Response ~  (log10FaSqr+log10Fa+log10PeakFlux)^2+log10NH+PhotonIndex+log10Ta+Alpha+log10T90+log10PeakFluxSqr+log10NHSqr+PhotonIndexSqr+log10TaSqr+AlphaSqr+log10T90Sqr"
4,552,0.549,552,0.148,1446,0.1026,17,152.8,"Response ~  (log10FaSqr+log10Fa+PhotonIndex+log10PeakFlux)^2+log10NH+log10Ta+Alpha+log10T90+log10PeakFluxSqr+log10NHSqr+PhotonIndexSqr+log10TaSqr+AlphaSqr+log10T90Sqr"
5,1168,0.5613,1168,0.1504,597,0.0907,17,24.6,"Response ~  (log10FaSqr+PhotonIndexSqr+log10Fa+log10Ta)^2+log10PeakFlux+log10NH+PhotonIndex+Alpha+log10T90+log10PeakFluxSqr+log10NHSqr+log10TaSqr+AlphaSqr+log10T90Sqr"
6,145,0.5631,145,0.1532,7566,0.0868,17,54.6,"Response ~  (log10FaSqr+log10Fa+log10PeakFlux)^2+log10NH+PhotonIndex+log10Ta+Alpha+log10T90+log10PeakFluxSqr+log10NHSqr+PhotonIndexSqr+log10TaSqr+AlphaSqr+log10T90Sqr"
7,230,0.5169,230,0.1659,394,0.1091,17,19,"Response ~  (PhotonIndexSqr+log10PeakFluxSqr+log10NH)^2+log10PeakFlux+PhotonIndex+log10Ta+log10Fa+Alpha+log10T90+log10NHSqr+log10TaSqr+log10FaSqr+AlphaSqr+log10T90Sqr"
8,1295,0.5437,1170,0.1625,8453,0.1119,16,11.1,"Response ~  (PhotonIndexSqr+log10NHSqr+log10T90+log10Fa)^2+log10PeakFlux+log10NH+PhotonIndex+log10Ta+Alpha+log10PeakFluxSqr+log10TaSqr+log10FaSqr+AlphaSqr+log10T90Sqr"
9,2828,0.3159,2828,0.1887,2821,0.1106,17,16.8,"Response ~  (log10T90Sqr+AlphaSqr+Alpha+log10Fa+PhotonIndex)^2+log10PeakFlux+log10NH+log10Ta+log10T90+log10PeakFluxSqr+log10NHSqr+PhotonIndexSqr+log10TaSqr+log10FaSqr"
10,2050,0.6389,2050,0.1626,2050,0.1046,17,3.9,"Response ~  (log10FaSqr+log10TaSqr+PhotonIndexSqr+log10Fa+log10PeakFlux)^2+log10NH+PhotonIndex+log10Ta+Alpha+log10T90+log10PeakFluxSqr+log10NHSqr+AlphaSqr+log10T90Sqr"
11,309,0.5673,309,0.1668,267,0.1196,16,2.7,"Response ~  (PhotonIndexSqr+log10Fa+log10Ta)^2+log10PeakFlux+log10NH+PhotonIndex+Alpha+log10T90+log10PeakFluxSqr+log10NHSqr+log10TaSqr+log10FaSqr+AlphaSqr+log10T90Sqr"
12,2878,0.5061,932,0.1622,976,0.0936,17,2.7,"Response ~  (AlphaSqr+log10FaSqr+PhotonIndexSqr+log10Fa+PhotonIndex)^2+log10PeakFlux+log10NH+log10Ta+Alpha+log10T90+log10PeakFluxSqr+log10NHSqr+log10TaSqr+log10T90Sqr"
13,663,0.6251,663,0.1342,663,0.0767,17,2.8,"Response ~  (log10FaSqr+PhotonIndexSqr+log10Fa+log10PeakFlux)^2+log10NH+PhotonIndex+log10Ta+Alpha+log10T90+log10PeakFluxSqr+log10NHSqr+log10TaSqr+AlphaSqr+log10T90Sqr"
14,597,0.6296,597,0.133,597,0.0854,16,2.9,"Response ~  (log10FaSqr+log10Fa+log10Ta+log10PeakFlux)^2+log10NH+PhotonIndex+Alpha+log10T90+log10PeakFluxSqr+log10NHSqr+PhotonIndexSqr+log10TaSqr+AlphaSqr+log10T90Sqr"
15,353,0.4111,442,0.1555,4898,0.0916,17,2.9,"Response ~  (PhotonIndexSqr+Alpha+log10Fa)^2+log10PeakFlux+log10NH+PhotonIndex+log10Ta+log10T90+log10PeakFluxSqr+log10NHSqr+log10TaSqr+log10FaSqr+AlphaSqr+log10T90Sqr"
16,597,0.4061,597,0.1756,5385,0.1075,17,2.9,"Response ~  (log10FaSqr+log10Fa+log10Ta+log10PeakFlux)^2+log10NH+PhotonIndex+Alpha+log10T90+log10PeakFluxSqr+log10NHSqr+PhotonIndexSqr+log10TaSqr+AlphaSqr+log10T90Sqr"
17,774,0.6299,774,0.1377,774,0.0919,17,2.9,"Response ~  (log10T90Sqr+log10Fa+PhotonIndex+log10NH)^2+log10PeakFlux+log10Ta+Alpha+log10T90+log10PeakFluxSqr+log10NHSqr+PhotonIndexSqr+log10TaSqr+log10FaSqr+AlphaSqr"
18,978,0.4933,978,0.1697,145,0.1047,17,2.9,"Response ~  (log10PeakFluxSqr+log10Fa+log10Ta+PhotonIndex)^2+log10PeakFlux+log10NH+Alpha+log10T90+log10NHSqr+PhotonIndexSqr+log10TaSqr+log10FaSqr+AlphaSqr+log10T90Sqr"
19,145,0.6744,378,0.1171,145,0.0799,16,2.9,"Response ~  (log10FaSqr+log10Fa+log10PeakFlux)^2+log10NH+PhotonIndex+log10Ta+Alpha+log10T90+log10PeakFluxSqr+log10NHSqr+PhotonIndexSqr+log10TaSqr+AlphaSqr+log10T90Sqr"
20,1769,0.6465,1769,0.1389,145,0.0949,16,3,"Response ~  (AlphaSqr+log10FaSqr+log10Fa+PhotonIndex+log10PeakFlux)^2+log10NH+log10Ta+Alpha+log10T90+log10PeakFluxSqr+log10NHSqr+PhotonIndexSqr+log10TaSqr+log10T90Sqr"
21,8422,0.4461,1319,0.2002,8422,0.109,17,3.1,"Response ~  (log10T90Sqr+AlphaSqr+log10T90+Alpha+log10Fa+PhotonIndex+log10NH)^2+log10PeakFlux+log10Ta+log10PeakFluxSqr+log10NHSqr+PhotonIndexSqr+log10TaSqr+log10FaSqr"
22,666,0.3805,666,0.1497,666,0.1254,17,2.9,"Response ~  (log10FaSqr+log10TaSqr+log10Fa+log10PeakFlux)^2+log10NH+PhotonIndex+log10Ta+Alpha+log10T90+log10PeakFluxSqr+log10NHSqr+PhotonIndexSqr+AlphaSqr+log10T90Sqr"
23,666,0.585,666,0.1632,2265,0.1074,17,3,"Response ~  (log10FaSqr+log10TaSqr+log10Fa+log10PeakFlux)^2+log10NH+PhotonIndex+log10Ta+Alpha+log10T90+log10PeakFluxSqr+log10NHSqr+PhotonIndexSqr+AlphaSqr+log10T90Sqr"
24,597,0.3919,1054,0.1635,1883,0.092,16,2.9,"Response ~  (log10FaSqr+log10Fa+log10Ta+log10PeakFlux)^2+log10NH+PhotonIndex+Alpha+log10T90+log10PeakFluxSqr+log10NHSqr+PhotonIndexSqr+log10TaSqr+AlphaSqr+log10T90Sqr"
25,1317,0.643,1317,0.1516,1883,0.0873,17,2.8,"Response ~  (AlphaSqr+PhotonIndexSqr+log10PeakFluxSqr+log10Fa)^2+log10PeakFlux+log10NH+PhotonIndex+log10Ta+Alpha+log10T90+log10NHSqr+log10TaSqr+log10FaSqr+log10T90Sqr"
26,1770,0.414,2684,0.1743,2684,0.1215,17,2.8,"Response ~  (log10T90Sqr+log10FaSqr+log10Fa+PhotonIndex+log10PeakFlux)^2+log10NH+log10Ta+Alpha+log10T90+log10PeakFluxSqr+log10NHSqr+PhotonIndexSqr+log10TaSqr+AlphaSqr"
27,1883,0.5145,145,0.1581,3551,0.092,17,2.9,"Response ~  (log10FaSqr+PhotonIndexSqr+log10Fa+log10Ta+log10PeakFlux)^2+log10NH+PhotonIndex+Alpha+log10T90+log10PeakFluxSqr+log10NHSqr+log10TaSqr+AlphaSqr+log10T90Sqr"
28,551,0.4815,551,0.1579,648,0.0693,17,2.8,"Response ~  (log10TaSqr+log10Fa+PhotonIndex+log10PeakFlux)^2+log10NH+log10Ta+Alpha+log10T90+log10PeakFluxSqr+log10NHSqr+PhotonIndexSqr+log10FaSqr+AlphaSqr+log10T90Sqr"
29,1766,0.6228,1766,0.1524,3995,0.1056,17,2.9,"Response ~  (log10FaSqr+log10TaSqr+log10Fa+PhotonIndex+log10PeakFlux)^2+log10NH+log10Ta+Alpha+log10T90+log10PeakFluxSqr+log10NHSqr+PhotonIndexSqr+AlphaSqr+log10T90Sqr"
30,6499,0.5504,6499,0.1672,1868,0.0978,17,2.8,"Response ~  (log10FaSqr+log10NHSqr+log10Fa+log10Ta+PhotonIndex+log10NH+log10PeakFlux)^2+Alpha+log10T90+log10PeakFluxSqr+PhotonIndexSqr+log10TaSqr+AlphaSqr+log10T90Sqr"
31,663,0.4395,663,0.1799,355,0.12,17,2.8,"Response ~  (log10FaSqr+PhotonIndexSqr+log10Fa+log10PeakFlux)^2+log10NH+PhotonIndex+log10Ta+Alpha+log10T90+log10PeakFluxSqr+log10NHSqr+log10TaSqr+AlphaSqr+log10T90Sqr"
32,666,0.6203,666,0.1415,2050,0.098,17,2.8,"Response ~  (log10FaSqr+log10TaSqr+log10Fa+log10PeakFlux)^2+log10NH+PhotonIndex+log10Ta+Alpha+log10T90+log10PeakFluxSqr+log10NHSqr+PhotonIndexSqr+AlphaSqr+log10T90Sqr"
33,2050,0.5451,2050,0.1683,11973,0.1215,17,2.9,"Response ~  (log10FaSqr+log10TaSqr+PhotonIndexSqr+log10Fa+log10PeakFlux)^2+log10NH+PhotonIndex+log10Ta+Alpha+log10T90+log10PeakFluxSqr+log10NHSqr+AlphaSqr+log10T90Sqr"
34,3242,0.6165,3242,0.168,1730,0.1278,17,2.8,"Response ~  (PhotonIndexSqr+log10NHSqr+log10PeakFluxSqr+Alpha+log10Fa)^2+log10PeakFlux+log10NH+PhotonIndex+log10Ta+log10T90+log10TaSqr+log10FaSqr+AlphaSqr+log10T90Sqr"
35,597,0.5748,597,0.175,597,0.1096,17,2.8,"Response ~  (log10FaSqr+log10Fa+log10Ta+log10PeakFlux)^2+log10NH+PhotonIndex+Alpha+log10T90+log10PeakFluxSqr+log10NHSqr+PhotonIndexSqr+log10TaSqr+AlphaSqr+log10T90Sqr"
36,8739,0.5368,885,0.1721,885,0.1042,17,2.8,"Response ~  (log10T90Sqr+log10FaSqr+PhotonIndexSqr+log10T90+log10Fa+log10Ta+log10NH)^2+log10PeakFlux+PhotonIndex+Alpha+log10PeakFluxSqr+log10NHSqr+log10TaSqr+AlphaSqr"
37,378,0.6441,1430,0.1675,378,0.1143,17,2.8,"Response ~  (AlphaSqr+PhotonIndexSqr+log10Fa)^2+log10PeakFlux+log10NH+PhotonIndex+log10Ta+Alpha+log10T90+log10PeakFluxSqr+log10NHSqr+log10TaSqr+log10FaSqr+log10T90Sqr"
38,3832,0.6704,3832,0.1655,1741,0.1124,16,2.8,"Response ~  (log10FaSqr+log10TaSqr+PhotonIndexSqr+log10Fa+log10NH+log10PeakFlux)^2+PhotonIndex+log10Ta+Alpha+log10T90+log10PeakFluxSqr+log10NHSqr+AlphaSqr+log10T90Sqr"
39,978,0.4432,978,0.1494,379,0.0942,17,2.9,"Response ~  (log10PeakFluxSqr+log10Fa+log10Ta+PhotonIndex)^2+log10PeakFlux+log10NH+Alpha+log10T90+log10NHSqr+PhotonIndexSqr+log10TaSqr+log10FaSqr+AlphaSqr+log10T90Sqr"
40,145,0.6494,145,0.1314,145,0.091,17,2.8,"Response ~  (log10FaSqr+log10Fa+log10PeakFlux)^2+log10NH+PhotonIndex+log10Ta+Alpha+log10T90+log10PeakFluxSqr+log10NHSqr+PhotonIndexSqr+log10TaSqr+AlphaSqr+log10T90Sqr"
41,670,0.564,670,0.1857,3823,0.0962,17,2.8,"Response ~  (log10T90Sqr+log10FaSqr+log10Fa+log10PeakFlux)^2+log10NH+PhotonIndex+log10Ta+Alpha+log10T90+log10PeakFluxSqr+log10NHSqr+PhotonIndexSqr+log10TaSqr+AlphaSqr"
42,1766,0.6249,663,0.178,2930,0.1318,16,3,"Response ~  (log10FaSqr+log10TaSqr+log10Fa+PhotonIndex+log10PeakFlux)^2+log10NH+log10Ta+Alpha+log10T90+log10PeakFluxSqr+log10NHSqr+PhotonIndexSqr+AlphaSqr+log10T90Sqr"
43,970,0.4796,970,0.1651,497,0.1114,17,2.9,"Response ~  (log10T90Sqr+log10FaSqr+PhotonIndexSqr+log10NH)^2+log10PeakFlux+PhotonIndex+log10Ta+log10Fa+Alpha+log10T90+log10PeakFluxSqr+log10NHSqr+log10TaSqr+AlphaSqr"
44,6283,0.4698,6283,0.1734,3364,0.1154,17,2.8,"Response ~  (AlphaSqr+PhotonIndexSqr+log10NHSqr+log10T90+Alpha+log10Fa)^2+log10PeakFlux+log10NH+PhotonIndex+log10Ta+log10PeakFluxSqr+log10TaSqr+log10FaSqr+log10T90Sqr"
45,250,0.4625,250,0.1803,4772,0.1012,16,2.8,"Response ~  (log10Fa+log10Ta+PhotonIndex)^2+log10PeakFlux+log10NH+Alpha+log10T90+log10PeakFluxSqr+log10NHSqr+PhotonIndexSqr+log10TaSqr+log10FaSqr+AlphaSqr+log10T90Sqr"
46,145,0.3163,145,0.1878,1039,0.1182,17,2.7,"Response ~  (log10FaSqr+log10Fa+log10PeakFlux)^2+log10NH+PhotonIndex+log10Ta+Alpha+log10T90+log10PeakFluxSqr+log10NHSqr+PhotonIndexSqr+log10TaSqr+AlphaSqr+log10T90Sqr"
47,2715,0.5512,2715,0.1645,2839,0.1154,17,2.9,"Response ~  (log10T90Sqr+log10FaSqr+log10Fa+log10Ta+PhotonIndex)^2+log10PeakFlux+log10NH+Alpha+log10T90+log10PeakFluxSqr+log10NHSqr+PhotonIndexSqr+log10TaSqr+AlphaSqr"
48,1759,0.5165,145,0.164,2050,0.0918,17,2.9,"Response ~  (log10FaSqr+log10NHSqr+log10Fa+PhotonIndex+log10PeakFlux)^2+log10NH+log10Ta+Alpha+log10T90+log10PeakFluxSqr+PhotonIndexSqr+log10TaSqr+AlphaSqr+log10T90Sqr"
49,1487,0.4544,663,0.162,4156,0.0945,17,2.8,"Response ~  (log10FaSqr+log10Fa+PhotonIndex+log10NH+log10PeakFlux)^2+log10Ta+Alpha+log10T90+log10PeakFluxSqr+log10NHSqr+PhotonIndexSqr+log10TaSqr+AlphaSqr+log10T90Sqr"
50,1697,0.612,1697,0.1476,1697,0.0903,17,2.9,"Response ~  (log10FaSqr+log10Fa+log10Ta+PhotonIndex+log10PeakFlux)^2+log10NH+Alpha+log10T90+log10PeakFluxSqr+log10NHSqr+PhotonIndexSqr+log10TaSqr+AlphaSqr+log10T90Sqr"
51,2940,0.4399,1281,0.1718,2669,0.1018,17,2.8,"Response ~  (log10T90Sqr+AlphaSqr+log10FaSqr+Alpha+PhotonIndex)^2+log10PeakFlux+log10NH+log10Ta+log10Fa+log10T90+log10PeakFluxSqr+log10NHSqr+PhotonIndexSqr+log10TaSqr"
52,145,0.497,145,0.1838,2857,0.1222,17,2.9,"Response ~  (log10FaSqr+log10Fa+log10PeakFlux)^2+log10NH+PhotonIndex+log10Ta+Alpha+log10T90+log10PeakFluxSqr+log10NHSqr+PhotonIndexSqr+log10TaSqr+AlphaSqr+log10T90Sqr"
53,552,0.6061,552,0.1426,666,0.0871,17,2.8,"Response ~  (log10FaSqr+log10Fa+PhotonIndex+log10PeakFlux)^2+log10NH+log10Ta+Alpha+log10T90+log10PeakFluxSqr+log10NHSqr+PhotonIndexSqr+log10TaSqr+AlphaSqr+log10T90Sqr"
54,597,0.5261,2050,0.1632,597,0.073,17,2.8,"Response ~  (log10FaSqr+log10Fa+log10Ta+log10PeakFlux)^2+log10NH+PhotonIndex+Alpha+log10T90+log10PeakFluxSqr+log10NHSqr+PhotonIndexSqr+log10TaSqr+AlphaSqr+log10T90Sqr"
55,666,0.6783,666,0.1545,1390,0.1065,17,2.8,"Response ~  (log10FaSqr+log10TaSqr+log10Fa+log10PeakFlux)^2+log10NH+PhotonIndex+log10Ta+Alpha+log10T90+log10PeakFluxSqr+log10NHSqr+PhotonIndexSqr+AlphaSqr+log10T90Sqr"
56,1040,0.4787,274,0.1674,8936,0.1111,17,2.8,"Response ~  (AlphaSqr+log10PeakFluxSqr+log10Fa+PhotonIndex)^2+log10PeakFlux+log10NH+log10Ta+Alpha+log10T90+log10NHSqr+PhotonIndexSqr+log10TaSqr+log10FaSqr+log10T90Sqr"
57,3272,0.419,3272,0.1777,3329,0.1001,17,2.8,"Response ~  (log10T90Sqr+AlphaSqr+PhotonIndexSqr+Alpha+log10Fa)^2+log10PeakFlux+log10NH+PhotonIndex+log10Ta+log10T90+log10PeakFluxSqr+log10NHSqr+log10TaSqr+log10FaSqr"
58,6296,0.3611,6296,0.2057,8562,0.109,17,2.8,"Response ~  (log10T90Sqr+AlphaSqr+PhotonIndexSqr+log10T90+Alpha+log10Fa)^2+log10PeakFlux+log10NH+PhotonIndex+log10Ta+log10PeakFluxSqr+log10NHSqr+log10TaSqr+log10FaSqr"
59,552,0.5461,552,0.1592,2050,0.0818,17,2.8,"Response ~  (log10FaSqr+log10Fa+PhotonIndex+log10PeakFlux)^2+log10NH+log10Ta+Alpha+log10T90+log10PeakFluxSqr+log10NHSqr+PhotonIndexSqr+log10TaSqr+AlphaSqr+log10T90Sqr"
60,145,0.6761,145,0.131,1157,0.0746,17,2.8,"Response ~  (log10FaSqr+log10Fa+log10PeakFlux)^2+log10NH+PhotonIndex+log10Ta+Alpha+log10T90+log10PeakFluxSqr+log10NHSqr+PhotonIndexSqr+log10TaSqr+AlphaSqr+log10T90Sqr"
61,267,0.4472,267,0.17,303,0.1252,17,2.7,"Response ~  (AlphaSqr+log10Fa+PhotonIndex)^2+log10PeakFlux+log10NH+log10Ta+Alpha+log10T90+log10PeakFluxSqr+log10NHSqr+PhotonIndexSqr+log10TaSqr+log10FaSqr+log10T90Sqr"
62,663,0.6509,663,0.1475,2048,0.0904,16,2.7,"Response ~  (log10FaSqr+PhotonIndexSqr+log10Fa+log10PeakFlux)^2+log10NH+PhotonIndex+log10Ta+Alpha+log10T90+log10PeakFluxSqr+log10NHSqr+log10TaSqr+AlphaSqr+log10T90Sqr"
63,2876,0.5969,2876,0.1613,2876,0.0985,16,2.8,"Response ~  (AlphaSqr+log10TaSqr+PhotonIndexSqr+log10Fa+PhotonIndex)^2+log10PeakFlux+log10NH+log10Ta+Alpha+log10T90+log10PeakFluxSqr+log10NHSqr+log10FaSqr+log10T90Sqr"
64,1697,0.5358,1697,0.1381,670,0.1013,17,2.8,"Response ~  (log10FaSqr+log10Fa+log10Ta+PhotonIndex+log10PeakFlux)^2+log10NH+Alpha+log10T90+log10PeakFluxSqr+log10NHSqr+PhotonIndexSqr+log10TaSqr+AlphaSqr+log10T90Sqr"
65,1883,0.5831,1883,0.1581,9955,0.0991,15,2.7,"Response ~  (log10FaSqr+PhotonIndexSqr+log10Fa+log10Ta+log10PeakFlux)^2+log10NH+PhotonIndex+Alpha+log10T90+log10PeakFluxSqr+log10NHSqr+log10TaSqr+AlphaSqr+log10T90Sqr"
66,2930,0.3834,774,0.1715,597,0.0935,17,2.8,"Response ~  (log10T90Sqr+AlphaSqr+log10NHSqr+Alpha+PhotonIndex)^2+log10PeakFlux+log10NH+log10Ta+log10Fa+log10T90+log10PeakFluxSqr+PhotonIndexSqr+log10TaSqr+log10FaSqr"
67,597,0.5156,1055,0.1705,597,0.1004,16,3.1,"Response ~  (log10FaSqr+log10Fa+log10Ta+log10PeakFlux)^2+log10NH+PhotonIndex+Alpha+log10T90+log10PeakFluxSqr+log10NHSqr+PhotonIndexSqr+log10TaSqr+AlphaSqr+log10T90Sqr"
68,597,0.3665,552,0.1773,597,0.0948,17,3.8,"Response ~  (log10FaSqr+log10Fa+log10Ta+log10PeakFlux)^2+log10NH+PhotonIndex+Alpha+log10T90+log10PeakFluxSqr+log10NHSqr+PhotonIndexSqr+log10TaSqr+AlphaSqr+log10T90Sqr"
69,1883,0.651,1883,0.1462,1883,0.0829,16,3.8,"Response ~  (log10FaSqr+PhotonIndexSqr+log10Fa+log10Ta+log10PeakFlux)^2+log10NH+PhotonIndex+Alpha+log10T90+log10PeakFluxSqr+log10NHSqr+log10TaSqr+AlphaSqr+log10T90Sqr"
70,2057,0.4896,597,0.1599,2050,0.1031,17,4,"Response ~  (log10T90Sqr+log10FaSqr+log10TaSqr+log10Fa+log10PeakFlux)^2+log10NH+PhotonIndex+log10Ta+Alpha+log10T90+log10PeakFluxSqr+log10NHSqr+PhotonIndexSqr+AlphaSqr"
71,2053,0.6958,2053,0.156,6871,0.1233,17,4.1,"Response ~  (AlphaSqr+log10FaSqr+PhotonIndexSqr+log10Fa+log10PeakFlux)^2+log10NH+PhotonIndex+log10Ta+Alpha+log10T90+log10PeakFluxSqr+log10NHSqr+log10TaSqr+log10T90Sqr"
72,1883,0.6931,648,0.132,648,0.0787,17,4.2,"Response ~  (log10FaSqr+PhotonIndexSqr+log10Fa+log10Ta+log10PeakFlux)^2+log10NH+PhotonIndex+Alpha+log10T90+log10PeakFluxSqr+log10NHSqr+log10TaSqr+AlphaSqr+log10T90Sqr"
73,552,0.4685,552,0.1573,3325,0.0986,17,4,"Response ~  (log10FaSqr+log10Fa+PhotonIndex+log10PeakFlux)^2+log10NH+log10Ta+Alpha+log10T90+log10PeakFluxSqr+log10NHSqr+PhotonIndexSqr+log10TaSqr+AlphaSqr+log10T90Sqr"
74,1883,0.6216,1883,0.1458,1883,0.0867,16,6.1,"Response ~  (log10FaSqr+PhotonIndexSqr+log10Fa+log10Ta+log10PeakFlux)^2+log10NH+PhotonIndex+Alpha+log10T90+log10PeakFluxSqr+log10NHSqr+log10TaSqr+AlphaSqr+log10T90Sqr"
75,596,0.504,596,0.1509,596,0.0942,16,9.1,"Response ~  (log10TaSqr+log10Fa+log10Ta+log10PeakFlux)^2+log10NH+PhotonIndex+Alpha+log10T90+log10PeakFluxSqr+log10NHSqr+PhotonIndexSqr+log10FaSqr+AlphaSqr+log10T90Sqr"
76,1883,0.696,1883,0.1399,1883,0.0809,17,7.5,"Response ~  (log10FaSqr+PhotonIndexSqr+log10Fa+log10Ta+log10PeakFlux)^2+log10NH+PhotonIndex+Alpha+log10T90+log10PeakFluxSqr+log10NHSqr+log10TaSqr+AlphaSqr+log10T90Sqr"
77,648,0.4113,648,0.1705,1697,0.0987,17,6.4,"Response ~  (log10FaSqr+log10T90+log10Fa+log10PeakFlux)^2+log10NH+PhotonIndex+log10Ta+Alpha+log10PeakFluxSqr+log10NHSqr+PhotonIndexSqr+log10TaSqr+AlphaSqr+log10T90Sqr"
78,145,0.3578,145,0.177,597,0.1214,17,5.7,"Response ~  (log10FaSqr+log10Fa+log10PeakFlux)^2+log10NH+PhotonIndex+log10Ta+Alpha+log10T90+log10PeakFluxSqr+log10NHSqr+PhotonIndexSqr+log10TaSqr+AlphaSqr+log10T90Sqr"
79,969,0.6229,1697,0.1556,969,0.094,17,5.8,"Response ~  (AlphaSqr+log10FaSqr+PhotonIndexSqr+log10NH)^2+log10PeakFlux+PhotonIndex+log10Ta+log10Fa+Alpha+log10T90+log10PeakFluxSqr+log10NHSqr+log10TaSqr+log10T90Sqr"
80,1883,0.5914,1883,0.1633,1883,0.1322,17,6,"Response ~  (log10FaSqr+PhotonIndexSqr+log10Fa+log10Ta+log10PeakFlux)^2+log10NH+PhotonIndex+Alpha+log10T90+log10PeakFluxSqr+log10NHSqr+log10TaSqr+AlphaSqr+log10T90Sqr"
81,809,0.4873,145,0.1449,552,0.0901,17,5.9,"Response ~  (log10T90Sqr+log10FaSqr+PhotonIndex+log10NH)^2+log10PeakFlux+log10Ta+log10Fa+Alpha+log10T90+log10PeakFluxSqr+log10NHSqr+PhotonIndexSqr+log10TaSqr+AlphaSqr"
82,145,0.5169,145,0.1573,145,0.0894,17,6,"Response ~  (log10FaSqr+log10Fa+log10PeakFlux)^2+log10NH+PhotonIndex+log10Ta+Alpha+log10T90+log10PeakFluxSqr+log10NHSqr+PhotonIndexSqr+log10TaSqr+AlphaSqr+log10T90Sqr"
83,2012,0.6756,3462,0.1494,3462,0.076,16,5.9,"Response ~  (log10FaSqr+log10NHSqr+log10T90+log10Fa+log10PeakFlux)^2+log10NH+PhotonIndex+log10Ta+Alpha+log10PeakFluxSqr+PhotonIndexSqr+log10TaSqr+AlphaSqr+log10T90Sqr"
84,648,0.5962,648,0.1609,648,0.1186,17,6,"Response ~  (log10FaSqr+log10T90+log10Fa+log10PeakFlux)^2+log10NH+PhotonIndex+log10Ta+Alpha+log10PeakFluxSqr+log10NHSqr+PhotonIndexSqr+log10TaSqr+AlphaSqr+log10T90Sqr"
85,1598,0.5511,969,0.1677,9292,0.0975,17,6,"Response ~  (log10FaSqr+PhotonIndexSqr+log10Fa+log10NH+log10PeakFlux)^2+PhotonIndex+log10Ta+Alpha+log10T90+log10PeakFluxSqr+log10NHSqr+log10TaSqr+AlphaSqr+log10T90Sqr"
86,666,0.5799,666,0.1721,666,0.1294,17,5.8,"Response ~  (log10FaSqr+log10TaSqr+log10Fa+log10PeakFlux)^2+log10NH+PhotonIndex+log10Ta+Alpha+log10T90+log10PeakFluxSqr+log10NHSqr+PhotonIndexSqr+AlphaSqr+log10T90Sqr"
87,2848,0.5126,2848,0.1632,144,0.0873,17,5.7,"Response ~  (log10T90Sqr+log10FaSqr+log10T90+log10Fa+PhotonIndex)^2+log10PeakFlux+log10NH+log10Ta+Alpha+log10PeakFluxSqr+log10NHSqr+PhotonIndexSqr+log10TaSqr+AlphaSqr"
88,597,0.4887,597,0.1728,4338,0.1128,16,5.2,"Response ~  (log10FaSqr+log10Fa+log10Ta+log10PeakFlux)^2+log10NH+PhotonIndex+Alpha+log10T90+log10PeakFluxSqr+log10NHSqr+PhotonIndexSqr+log10TaSqr+AlphaSqr+log10T90Sqr"
89,145,0.5469,145,0.1619,4554,0.1157,16,4.7,"Response ~  (log10FaSqr+log10Fa+log10PeakFlux)^2+log10NH+PhotonIndex+log10Ta+Alpha+log10T90+log10PeakFluxSqr+log10NHSqr+PhotonIndexSqr+log10TaSqr+AlphaSqr+log10T90Sqr"
90,3268,0.3714,1084,0.1851,9522,0.0897,17,5.7,"Response ~  (AlphaSqr+log10TaSqr+PhotonIndexSqr+Alpha+log10Fa)^2+log10PeakFlux+log10NH+PhotonIndex+log10Ta+log10T90+log10PeakFluxSqr+log10NHSqr+log10FaSqr+log10T90Sqr"
91,2314,0.6121,2314,0.155,2314,0.104,16,5.8,"Response ~  (log10T90Sqr+log10FaSqr+log10T90+PhotonIndex+log10NH)^2+log10PeakFlux+log10Ta+log10Fa+Alpha+log10PeakFluxSqr+log10NHSqr+PhotonIndexSqr+log10TaSqr+AlphaSqr"
92,1883,0.6795,666,0.1496,1594,0.0916,16,6,"Response ~  (log10FaSqr+PhotonIndexSqr+log10Fa+log10Ta+log10PeakFlux)^2+log10NH+PhotonIndex+Alpha+log10T90+log10PeakFluxSqr+log10NHSqr+log10TaSqr+AlphaSqr+log10T90Sqr"
93,597,0.5338,597,0.179,145,0.1243,17,5.9,"Response ~  (log10FaSqr+log10Fa+log10Ta+log10PeakFlux)^2+log10NH+PhotonIndex+Alpha+log10T90+log10PeakFluxSqr+log10NHSqr+PhotonIndexSqr+log10TaSqr+AlphaSqr+log10T90Sqr"
94,1697,0.5284,597,0.1628,2044,0.1045,17,5.9,"Response ~  (log10FaSqr+log10Fa+log10Ta+PhotonIndex+log10PeakFlux)^2+log10NH+Alpha+log10T90+log10PeakFluxSqr+log10NHSqr+PhotonIndexSqr+log10TaSqr+AlphaSqr+log10T90Sqr"
95,3272,0.628,3272,0.145,2568,0.1014,16,5.8,"Response ~  (log10T90Sqr+AlphaSqr+PhotonIndexSqr+Alpha+log10Fa)^2+log10PeakFlux+log10NH+PhotonIndex+log10Ta+log10T90+log10PeakFluxSqr+log10NHSqr+log10TaSqr+log10FaSqr"
96,552,0.5579,552,0.16,552,0.1142,17,5.4,"Response ~  (log10FaSqr+log10Fa+PhotonIndex+log10PeakFlux)^2+log10NH+log10Ta+Alpha+log10T90+log10PeakFluxSqr+log10NHSqr+PhotonIndexSqr+log10TaSqr+AlphaSqr+log10T90Sqr"
97,666,0.6155,666,0.1752,663,0.1156,17,4.8,"Response ~  (log10FaSqr+log10TaSqr+log10Fa+log10PeakFlux)^2+log10NH+PhotonIndex+log10Ta+Alpha+log10T90+log10PeakFluxSqr+log10NHSqr+PhotonIndexSqr+AlphaSqr+log10T90Sqr"
98,1119,0.6655,654,0.1547,2012,0.1101,12,4.9,"Response ~  (log10T90Sqr+log10FaSqr+log10PeakFluxSqr+PhotonIndex)^2+log10PeakFlux+log10NH+log10Ta+log10Fa+Alpha+log10T90+log10NHSqr+PhotonIndexSqr+log10TaSqr+AlphaSqr"
99,597,0.5953,1697,0.1611,4951,0.0919,17,5.2,"Response ~  (log10FaSqr+log10Fa+log10Ta+log10PeakFlux)^2+log10NH+PhotonIndex+Alpha+log10T90+log10PeakFluxSqr+log10NHSqr+PhotonIndexSqr+log10TaSqr+AlphaSqr+log10T90Sqr"
100,281,0.5601,281,0.1467,6099,0.0994,17,5.3,"Response ~  (log10FaSqr+log10T90+PhotonIndex)^2+log10PeakFlux+log10NH+log10Ta+log10Fa+Alpha+log10PeakFluxSqr+log10NHSqr+PhotonIndexSqr+log10TaSqr+AlphaSqr+log10T90Sqr"
