"","Redshift_crosscheck","log10T90","log10Fa","log10Ta","Alpha","Beta","Gamma","log10Fluence","PhotonIndex","log10NH","log10PeakFlux","T90Err","log10FaErr","log10TaErr","AlphaErr","BetaErr","FluenceErr","PhotonIndexErr","PeakFluxErr","is_optical"
"050315A",1.949,1.980457892,-11.3757179,4.86356,1.10818,0.856,1.99544,-5.492144128,2.11,21.91683806,0.285557309,14.02006162,0.03245,0.04512,0.049165,0.001,1.45999998955856e-07,0.09,0.219999997880642,0
"050318A",1.44,1.505149978,-11.15490196,4.132084541,1.874408221,0.95,1.98053,-5.966576245,1.9,20.92661714,0.499687083,10.96645741,0.06181969,0.043780336,0.085906519,0.037,7.69999997604264e-08,0.1,0.200000003628112,0
"050319A",3.24,2.183383742,-10.70553377,3.73997,0.863159,0.971,2.01045,-5.882728704,2.02,20.93735437,0.181843588,10.95539119,0.04165,0.06193,0.034558,0.009,1.48000000781188e-07,0.19,0.209999998922194,0
"050401A",2.9,1.506369717,-9.653647026,3.12435,0.984108,0.9995,1.78711,-5.085128182,1.4,22.12570242,1.029383778,0.6253575,0.019455,0.02833,0.0260615,0.0174145,3.0600000326587e-07,0.07,0.920000005845378,0
"050505A",4.27,1.770115295,-11.04817696,4.270583544,1.462094791,0.973,2.01835,-5.603800653,1.41,22.23063027,0.267171728,6.838970679,0.03272177,0.030067592,0.035926291,5e-04,1.78999997840592e-07,0.12,0.309999999965594,0
"050730A",3.967,2.194514342,-10.09854168,4.05018,2.38763,0.5615,1.6177,-5.623423043,1.53,21.73850309,-0.259637311,18.03329907,0.0266,0.017795,0.0538,0.000210492,1.51999998300959e-07,0.11,0.139999999457397,0
"050802A",1.7102,1.477121255,-10.28650946,3.63973,1.44729,0.8585,1.8557,-5.698970004,1.54,21.25883595,0.439332694,10.19803903,0.0275,0.0326,0.03274,0.002369606,1.5700000090709e-07,0.13,0.439999999510133,0
"050803A",3.5,1.943988875,-10.86012091,4.21721,1.52234,1.218,2.11696,-5.66756154,1.38,21.34755638,-0.017728767,10.43812723,0.0489,0.04766,0.048695,0.22485626,1.35000002427971e-07,0.11,0.1099999991395,0
"050824A",0.8278,1.353723938,-12.23882419,5.08558,0.954481,0.86,1.94709,-6.575118363,2.76,20.9708274,-0.301029996,4.070927175,0.06855,0.12722,0.0899785,0.01,5.19999999498392e-08,0.38,0.150000000377876,0
"060115A",3.53,2.144885418,-11.29499204,3.69688,0.889919,1,2.10553,-5.76700389,1,21.43355223,-0.060480747,15.0870791,0.0812,0.123015,0.053884,0.085,1.49999999138117e-07,0.303030303,0.119999999786724,0
"060124A",2.296,1.134495856,-10.6893,4.47599,1.3641,0.99,2.00895,-6.336299075,1.84,21.9172644,-0.050609993,1.306782322,0.04445,0.036665,0.01627,0.076380116,5.29999995682107e-08,0.19,0.180000000072141,0
"060206A",4.048,0.880241776,-10.63078414,3.93814,1.17565,1.265,2.20424,-6.080398976,1.2,22.33966406,0.445604203,1.933560454,0.07055,0.07444,0.02867,0.013041887,4.20000007624568e-08,0.181818182,0.170000001266273,0
"060210A",3.91,2.40654018,-10.66756154,4.15028,1.20511,0.979,2.08163,-5.11577123,1.53,22.3877421,0.434568904,121.976523,0.0292,0.030365,0.02297,0.083622271,4.09000005783714e-07,0.09,0.280000000592947,0
"060306A",1.559,2.13255996245349,-10.70553377,3.61496,1.03794,0.76,2.28823,-5.671620397,1.8,21.61973178,0.775974331,3.518840719,0.03495,0.04452,0.02498,0.01,7.15000009499264e-08,0.060606061,0.671430648835466,0
"060418A",1.489,2.158362492,-9.792961075,3.11887,1.47655,0.98,1.94118,-5.079354999,1.7,21.65363309,0.814247596,45.254834,0.04904,0.057245,0.044705,0.005,2.53000006413989e-07,0.06,0.349999998866414,0
"060604A",2.1357,1.977723605,-11.76955108,4.45991,1.21596,1.02,2.1711,-6.395773947,2.01,21.99003057,-0.468521083,17,0.04195,0.04994,0.04695,0,1.05999999606952e-07,0.42,0.130000000384725,0
"060605A",3.78,2.059904056,-11.26121944,4.04162,1.9179,0.835,2.02128,-6.156767222,1.55,21.77333803,-0.337242168,35.01416491,0.05315,0.037375,0.085,0.10149311,8.99999998362551e-08,0.2,0.120000000437079,0
"060614A",0.125,2.036229544,-11.78251606,5.03344,1.9453,0.783,1.89544,-4.690369833,2.02,20.51216256,1.06069784,3.31042292,0.0429,0.0289,0.05983,0.006,3.62999994737484e-07,0.04,0.740000004904324,0
"060707A",3.425,1.820857989,-10.9132,3.5545,0.861995,1.12,2.09345,-5.795880017,0.6,21.20847898,0.004321374,6.314200491,0.07695,0.127895,0.0364485,0.035,1.51000001115751e-07,0.363636364,0.229999999176237,0
"060708A",1.92,1.008600172,-10.86966623,3.50569,1.12969,1.485,2.20484,-6.306273051,1.68,20.79066861,0.28780173,3.601244236,0.06115,0.062725,0.028525,0.33410152,3.69999997660683e-08,0.12,0.140000000468146,0
"060714A",2.711,2.060660074,-10.86012091,3.73449,1.20488,0.87,2.04425,-5.548213564,1.93,22.0125926,0.10720997,9.129365384,0.0352,0.046765,0.035305,0.005,1.66999998483979e-07,0.11,0.12999999916728,0
"060729A",0.54,2.062017599,-11.15058059,5.1057,1.35481,1.317,1.92492,-5.583359493,1.75,20.86562801,0.068185862,33.90346061,0.0116,0.012825,0.013425,0.077392286,2.11000002664175e-07,0.14,0.129999998907599,0
"060814A",1.9229,2.162265614,-10.91009489,4.22387,1.29504,0.97,2.11591,-4.835647144,1.53,22.00679538,0.861534411,4.898458524,0.0353,0.034855,0.024565,0,2.38999994189754e-07,0.03,0.290000000734377,0
"060906A",3.686,1.638489257,-11.8827287,4.33479,1.71887,1.06,2.07859,-5.655607726,2.03,22.41960057,0.294466226,8.166987204,0.08845,0.072145,0.169635,0.005,1.35999998719723e-07,0.11,0.280000002237752,0
"060908A",1.8836,1.285557309,-9.627087997,2.81918,1.38309,1.185,2.13395,-5.552841969,1,21.80952201,0.481442629,1.330335293,0.045185,0.05993,0.04964,0.003474954,1.1099999924188e-07,0.181818182,0.249999999973775,0
"060926A",3.2,0.903089987,-10.84771166,3.351,1.45111,1.357,2.00443,-6.659555885,2.54,22.50004427,0.037426498,1.212679677,0.08245,0.09927,0.11561,0.009157091,2.50000001851641e-08,0.23,0.140000000948337,0
"060927A",5.47,1.352953912,-10.77728353,3.15198,1.39098,0.83,1.94856,-5.946921557,0.9,22.10710478,0.431363764,1.294276634,0.08115,0.108435,0.118785,0.178498106,6.79999994190725e-08,0.242424242,0.169999997580949,0
"061121A",1.314,1.90982337,-10.03011836,3.78753,1.35185,0.9485,1.90181,-4.863279433,1.41,21.75351565,1.324282455,46.12748458,0.01265,0.01703,0.01585,0.002358211,1.98999996707598e-07,0.03,0.459999982241463,0
"070110A",2.352,1.946550511,-11.04866248,4.26825,1.42725,1.186,2.08596,-5.790484985,1.58,21.3989672,-0.22184875,14.47803302,0.05475,0.053995,0.046555,0.12166788,1.07999998397043e-07,0.12,0.119999999368107,0
"070208A",1.165,1.806179974,-10.86327943,3.44468,1.2125,1.14,2.20341,-6.351639989,1.94,21.8647258,-0.045757491,22.627417,0.1619,0.14114,0.06357,0.015,1.00999999746019e-07,0.36,0.219999999043582,0
"070223A",1.6295,1.9408513687054,-11.86327943,4.22335,0.991734,1.03,2.25837,-5.769551079,1.85,21.70173804,-0.161150909,8.08530616,0.16615,0.203105,0.079308,0.06,7.27000007785802e-08,0.072727273,0.207882914486345,0
"070306A",1.4959,2.321184027,-11.2737,4.86926,1.89982,0.831,1.94468,-5.269217724,1.66,22.44245468,0.609594409,64.76757163,0.0335,0.02824,0.06188,0.001,2.8599999924264e-07,0.1,0.210000001849024,0
"070508A",0.82,1.320146286,-9.161150909,3.02525,1.37377,0.764,1.82568,-4.707743929,1.1,21.89306622,1.382017043,0.735923906,0.010795,0.01189,0.013355,5e-04,2.73000012763446e-07,0.060606061,0.610000004371105,0
"070521A",2.0865,1.57863921,-10.01233374,3.55243,1.44502,0.98,2.00022,-5.096367484,1.1,22.27524914,0.814913181,2.819384324,0.04901,0.04844,0.0562,0.147518075,1.7699999166053e-07,0.121212121,0.270000000441756,0
"070529A",2.4996,2.038222638,-10.24641694,3.09323,1.21432,0.76,1.97999,-5.590066877,1.34,22.56252244,0.155336037,19.9827799,0.0552,0.068045,0.03501,0.015,2.449999996144e-07,0.16,0.360000001053219,0
"070802A",2.45,1.214843848,-11.6716204,3.92184,1.16348,0.78,1.99014,-6.552841969,1.79,21.91375294,-0.397940009,3.019812592,0.17395,0.236245,0.2088785,0.045,4.99999999256874e-08,0.27,0.100000000407278,0
"070809A",0.2187,1.16168428403346,-11.9625735,4.18985,1.17521,0.396,1.37246,-7,1.69,20.80619355,0.079181246,0.271528985,0.1917,0.206985,0.395643,0.0595,6.06000009133502e-09,0.133333333,0.0449195590421169,0
"071003A",1.60435,2.170643023,-11.67760082,4.78411,1.97901,0.837,1.91015,-5.080921908,1.36,20.86974084,0.799340549,4.494400066,0.1359,0.098505,0.183105,0.032,3.00000001418859e-07,0.07,0.400000002204188,0
"071020A",2.145,0.62324929,-9.169411331,2.311950854,1.119196934,0.844,1.59788,-5.638272164,1.11,20.99642367,0.924279286,0.581982802,0.035099822,0.039262062,0.011153209,0.001,1.00000001169519e-07,0.05,0.299999995879432,0
"071117A",1.331,0.819543936,-11.23542972,3.901990464,1.104952391,0.94,2.0457,-5.619788758,1.57,22.04291793,1.053078443,1.824859447,0.101024385,0.117162967,0.089387802,0.01,9.99999977860971e-08,0.06,0.399999999643862,0
"080411A",1.03,1.748188027,-10.11350927,4.20932562,1.28909841,0.91,1.97674,-4.578396073,1.75,21.57289018,1.635483747,1.000967534,0.06043543,0.049275581,0.010296793,0,1.00000008802073e-07,0.03,0.900000029596629,0
"080516A",3.2,0.763427994,-11.12090412,3.77452827,0.94016916,1.48,2.3315,-6.585026652,1.82,22.03528962,0.255272505,0.213016433,0.077803665,0.111057696,0.084888358,0.03,4.00000001958054e-08,0.27,0.300000001377021,0
"080607A",3.036,1.899984563,-10.0540393,3.46298403,1.7256074,1.06,2.03418,-4.619788758,1.31,22.38386741,1.36361198,3.285061929,0.11042072,0.069659314,0.037637388,0.02,0,0.04,1.10000002078098,0
"080810A",3.35,2.03666881,-9.931814138,3.2687548,1.44529526,1.079,2.11482,-5.337242168,1.34,21.45079548,0.301029996,4.337190332,0.031830706,0.039738688,0.036139295,0.0015,2.0000000249378e-07,0.06,0.199999999278263,0
"080928A",1.692,2.368584372,-11.1260984,4.08450503,1.76031774,0.99,2.13864,-5.602059991,1.77,21.51035195,0.322219295,20.80043462,0.064484035,0.047916769,0.075970735,0,2.0000000272843e-07,0.12,0.100000001925612,0
"081007A",0.5295,0.958563883,-10.58502665,3.58176278,1.00469263,0.92,2.102,-6.148741651,2.51,21.69605744,0.414973348,2.937133306,0.053161115,0.084284398,0.039134851,0.005,7.99999992176134e-08,0.2,0.400000001958054,0
"081008A",1.9685,2.268297087,-10.79317412,3.85550833,1.47398467,0.84,1.98207,-5.366531544,1.69,21.1376737,0.113943352,40.34414957,0.06052989,0.056285684,0.063988679,0.025,1.99999996784284e-07,0.07,0.100000000412142,0
"081029A",3.8479,2.431283332,-11.86327943,4.48156171,2.51960373,0.87,1.95818,-5.677780705,1.43,21.49704581,-0.301029996,45.6827768,0.083250805,0.04285341,0.169198521,0.001,1.99999999015796e-07,0.18,0.20000000012007,0
"081221A",2.26,1.531478917,-9.354577731,2.93195749,1.23586126,0.991,2.4947,-4.742321425,1.21,21.57331844,1.260071388,0.8019177,0.0249855,0.031176651,0.012861856,5e-04,2.99999996703318e-07,0.13,0.499999996444433,0
"081230A",2.1,0.907209226455443,-11.32975415,3.66959365,0.99376498,1.02,2.08621,-6.086186148,1.97,20.67248024,-0.15490196,13.77430841,0.0701444,0.08735027,0.040381418,0.02,4.85000004814291e-08,0.096969697,0.229241180086225,0
"090102A",1.547,1.432006687,-9.457174573,3.15380077,1.42487631,0.667,1.76997,-7.167491087,1.36,21.72376179,0.740362689,2.240000004,0.036239983,0.041590346,0.021786596,0.002673458,3.00000005335443e-09,0.08,0.800000005945283,0
"090205A",4.6497,0.944482672,-11.3419886,3.70655,1.29089,1.01,2.03416,-6.721246399,2.15,21.81792086,-0.301029996,1.794079127,0.13445,0.114585,0.084185,0.025,3.00000000329674e-08,0.23,0.0999999994843888,0
"090423A",8.26,0.989894564,-11.2798407,3.91521772,1.43267533,0.77,1.8158,-6.229147988,0.8,22.7516324,0.230448921,1.061728761,0.08569564,0.077643595,0.064053366,0.005,4.00000004563359e-08,0.5,0.200000001942679,0
"090424A",0.544,1.681241237,-9.050609993,2.99599056,1.1284106,0.924,1.96315,-4.677780705,1.19,21.63012977,1.851258349,2.27250697,0.011257098,0.013394814,0.005546887,0,0,0.15,1.99999993956945,0
"090519A",3.85,1.806179974,-11.76000021,3.44619,1.42452,0.63,1.46604,-5.920818754,1.02,22.13069392,-0.22184875,8.24011649,0.21145,0.24029,0.3065,0.03,1.00000000471828e-07,0.2,0.199999999407363,0
"090530A",1.266,1.681241237,-11.16052195,3.6839464,0.88610581,1.09,2.03975,-5.958607315,1.61,20.90942658,0.397940009,35.77708764,0.089175625,0.115365029,0.038514202,0.035,1.00000001137137e-07,0.17,0.300000001214414,0
"090618A",0.54,2.05388479,-9.640164518,3.67275453,1.30942861,0.8945,1.82831,-3.978810701,1.42,21.39200012,1.589949601,0.593538562,0.009695255,0.014245613,0.010591616,0.002482662,1.00000001848241e-06,0.08,0.799999994512554,0
"090809A",2.737,0.73239376,-11.8559,4.56066,1.6367,0.96,1.94644,-6.468521083,1.34,21.91952315,0.041392685,1.216253263,0.338,0.237865,0.319405,0.01,5.00000003286357e-08,0.24,0.19999999974143,0
"090812A",2.452,1.824125834,-10.16730017,3.52924,1.37252,0.53,1.88559,-5.236572006,1.24,21.77771022,0.556302501,14.65837332,0.10615,0.13258,0.08412,0.015,2.00000003008931e-07,0.05,0.199999998309654,0
"090927A",1.37,0.342422681,-11.6716204,4.20121889,1.13087741,0.92,2.06549,-6.698970004,1.8,21.01785522,0.301029996,0.400898978,0.076268475,0.093241949,0.074843971,0.01,2.99999998917394e-08,0.2,0.199999999278263,0
"091018A",0.971,0.639486489,-9.627087997,2.89655535,1.18074867,0.91,1.98015,-5.853871964,1.77,21.19187281,1.012837225,0.601065704,0.024288603,0.034497878,0.016335114,0.002061639,9.99999987148146e-08,0.24,0.399999997367294,0
"091020A",1.71,1.590061231,-9.71219827,2.95265011,1.17417264,0.895,2.08587,-5.431798276,1.53,21.70587483,0.62324929,4.875038864,0.034480687,0.045271255,0.018244861,0.002182887,1.00000002539694e-07,0.07,0.299999995647318,0
"091029A",2.752,1.593286067,-11.34678749,4.30368998,1.12123368,1.064,2.11535,-5.619788758,1.46,21.45058625,0.255272505,4.829610314,0.02563352,0.034224003,0.026782025,0.002,9.99999977860971e-08,0.27,0.0999999990774559,0
"091127A",0.49,0.84260924,-9.844663963,3.98466812,1.39581701,0.758,1.80187,-5.045757491,2.05,20.87872913,1.667452953,0.150359555,0.018562516,0.021935207,0.013587309,0.00244132,3.00000005289561e-07,0.07,2.70000000612106,0
"050416A",0.6528,0.397940009,-10.5559552,2.99481,0.842217,0.9,2.06183,-6.435333936,3.08,21.75162856,0.688419822,0.44407209,0.0484,0.070765,0.0149485,0.005,3.69999997219683e-08,0.22,0.47999999973552,0
"050820A",2.6147,1.414973348,-10.01818139,3.750945731,1.136499703,0.9,1.96878,-5.463441557,1.25,21.61964524,0.389166084,22.67611617,0.266741013,0.238477529,0.012525701,0.0405,2.42000001757109e-07,0.12,0.229999997647701,0
"050922C",2.198,0.653212514,-9.477555766,2.52429,1.22035,1.064,2.2119,-5.790484985,1.37,21.44930866,0.860936621,0.450457546,0.03194,0.034305,0.013275,0.013,5.40000010636155e-08,0.06,0.319999991818753,0
"051016B",0.9364,0.602059991,-11.59006688,4.25742,1.14771,0.73,1.89482,-6.769551079,2.4,21.71466751,0.113943352,0.469570015,0.04535,0.058175,0.04854,0.005,2.19999998613992e-08,0.23,0.1600000012581,0
"051109A",2.346,1.57054294,-10.51999306,3.91123,1.22299,1.06,2.06584,-5.657577319,1.51,21.97057233,0.595496222,7.089588968,0.04815,0.04637,0.019155,0.054794381,2.71999997629893e-07,0.2,0.690000001674233,0
"060223A",4.41,1.053078443,-10.9636,2.78682,1.1892,0.81,2.01015,-6.171984936,1.74,22.49782636,0.130333768,1.095536415,0.1982,0.23477,0.18005,0.045,4.8000000347444e-08,0.12,0.180000000042169,0
"060502A",1.5026,1.45331834,-10.55284197,3.3865,0.897152,0.87,2.02719,-5.63638802,1.46,21.45692297,0.227886705,9.827838,0.05675,0.075085,0.0205255,0.015,1.01999997575078e-07,0.08,0.209999998207312,0
"060510B",4.9,2.43964843,-12.2656,4.43617,1.00735,1.38,2.1317,-5.390405591,1.78,22.00215742,-0.244125144,21.28954544,0.2206,0.31628,0.2313695,0.03,1.76000000657132e-07,0.08,0.110000000337716,0
"060912A",0.937,0.698970004,-10.1079054,2.455171016,1.045731532,0.63,1.8948,-5.869666232,1.74,21.36738202,0.933487288,0.58,0.147419953,0.156564864,0.028937785,0.0785,6.19999992892104e-08,0.09,0.440000002277576,0
"061222A",2.088,1.853698212,-9.954677021,3.92091,1.35061,0.86,1.92748,-5.097453221,1.35,22.56660835,0.930949031,16,0.02311,0.024435,0.018075,0.005,1.57999998387443e-07,0.04,0.260000001362206,0
"070714B",0.923,1.806179974,-10.74232143,3.22974,1.64623,0.93,2.07429,-6.142667504,1.36,21.64321572,0.431363764,8.408797283,0.09935,0.0946,0.108425,0.005,8.99999995162111e-08,0.19,0.200000002273923,0
"070721B",3.626,2.531478917,-10.50863831,3.94739,2.5054,0.52,1.52512,-5.443697499,1.34,21.89473409,0.176091259,21.32020684,0.3648,0.10084,0.09144,0,1.99999998309654e-07,0.11,0.299999998646817,0
"070810A",2.17,1.041392685,-10.77728353,3.36583,1.36994,1.02,2.17076,-6.161150909,2.04,21.93100401,0.278753601,4.99064124,0.06175,0.07187,0.077915,0.01,6.00000007404413e-08,0.14,0.200000001678087,0
"080319B",0.937,1.68090255756894,-12.15181088,5.36799912,1.42250979,0.73,1.81426,-4.091514981,1.04,20.8771334,1.394451681,0.179108908,0.097779455,0.087626454,0.075139905,0,9.99999949845317e-07,0.02,0.499999992482672,0
"080905B",2.374,2.10720997,-10.11125904,3.67820615,1.36946226,0.375,1.86248,-5.744727495,1.78,22.33533151,-0.301029996,28.05833332,0.03236457,0.038825489,0.033301752,0.00558525,1.99999998154912e-07,0.15,0.0999999994843888,0
"081028A",3.038,2.414973348,-11.3994,4.75426,2.20023,0.945,2.51,-5.431798276,1.25,20.90308999,-0.301029996,32.58849643,0.0572,0.03025,0.054715,5e-04,1.99999996559824e-07,0.38,0.0999999994843888,0
"081203A",2.1,2.46834733,-10.9243983,4.02089,1.86904,0.82,2.03508,-5.113509275,1.54,21.66176916,0.462397998,82.96987405,0.05695,0.03932,0.064395,0.0325,2.99999995803032e-07,0.06,0.200000002854189,0
"090418A",1.608,1.748188027,-10.04720756,3.52813657,1.52909667,0.98,2.03408,-5.337242168,1.48,22.02365981,0.278753601,4.129211073,0.028659405,0.030759021,0.042154514,0.003531332,2.0000000249378e-07,0.07,0.300000000329674,0
"090516A",4.109,2.322219295,-11.27490548,4.33113504,1.76098314,0.502,2.09,-5.045757491,1.84,21.19589965,0.204119983,64,0.03779605,0.029715315,0.053351589,0.479087085,5.99999989855856e-07,0.11,0.199999999281973,0
"091109A",3.076,1.681241237,-11.14630179,3.37933883,1.06152816,0.89,1.96352,-5.795880017,1.31,21.89596701,0.113943352,16.70810678,0.05941034,0.074268877,0.033719571,0.03,1.99999999281973e-07,0.25,0.399999998655209,0
"091208B",1.063,1.173186268,-10.18045606,3.31388094,1.1606541,0.86,2.03333,-5.48148606,1.74,21.91211094,1.181843588,2.897723268,0.036806415,0.052928177,0.030502454,0.034663611,2.00000002403374e-07,0.11,0.999999986534426,0
"100316B",1.18,0.579783597,-11.1481304,3.5543767,1.36246063,1.08,2.23535,-6.698970004,2.23,21.41315218,0.113943352,0.445223532,0.10431242,0.207348761,0.13322096,0.02,1.99999999278262e-08,0.18,0.100000000412142,0
"100425A",1.755,1.568201724,-11.50168945,3.60199415,0.86819371,1.46,2.17077,-6.327902142,2.42,20.53466438,0.146128036,3.773539953,0.070859065,0.115125536,0.055076895,0.035,8.99999998721899e-08,0.32,0.200000000653248,0
"100513A",4.772,1.924279286,-11.57186521,3.74522911,0.96306136,1.36,2.25722,-5.853871964,1.62,22.05240534,-0.22184875,14.87086076,0.09817689,0.128616618,0.061569437,0.025,9.99999987148146e-08,0.14,0.100000000394457,0
"100621A",0.542,1.803457116,-9.804100348,3.64164386,0.94079321,0.27,2.3024,-4.677780705,1.9,22.28454803,1.10720997,1.683600844,0.041282476,0.060455075,0.024177265,0.150679792,0,0.03,0.30000000261266,0
"100704A",3.6,2.2955671,-10.35163999,3.62503495,1.01294211,1.29,2.11575,-5.22184875,1.73,21.52730245,0.633468456,23.25931459,0.04763446,0.053639373,0.01813996,0.01,2.00000003552016e-07,0.06,0.199999996784284,0
"100728A",1.567,2.297760511,-10.17587417,4.03148606,1.5588143,0.96,1.90402,-4.420216403,1.18,21.52592288,0.707570176,12.6465837,0.0760751,0.053762484,0.034265796,0.005,0,0.02,0.199999998157385,0
"100814A",1.44,2.241795431,-11.49349497,5.22729477,1.76532941,1.1425,1.89414,-5.045757491,1.47,20.89608288,0.397940009,9.468174905,0.04362636,0.035347138,0.084015169,0.01745135,1.99999989710863e-07,0.04,0.20000000272843,0
"100816A",0.804,0.462397998,-11.5559552,3.97801299,1.04455013,1.09,1.91138,-5.698970004,0.73,21.34783526,1.037426498,0.621173086,0.08674922,0.112014005,0.047175154,0.015,9.99999996391312e-08,0.24,0.399999995538626,0
"100901A",1.408,2.64246452,-11.34103516,4.91124,1.50754,1.075,1.98285,-5.677780705,1.52,21.53188109,-0.096910013,22.56299024,0.0283,0.02425,0.036255,5e-04,3.00000000941409e-07,0.21,0.19999999912723,0
"100906A",1.727,2.058426024,-10.4698003,3.94074768,1.71220056,0.87,2.02817,-4.920818754,1.78,21.96198081,1.004321374,1.591145486,0.048743085,0.039933316,0.059340084,0,0,0.03,0.399999989467152,0
"110213A",1.46,1.681241237,-9.896196279,3.84089,1.8412,1.1905,1.96436,-5.229147988,1.83,21.56708403,0.204119983,16,0.03588,0.023515,0.02785,0.226362665,4.00000004563359e-07,0.12,0.600000001530054,0
"110422A",1.77,1.413299764,-9.681936665,3.50066971,1.42239886,0.778,1.89199,-4.387216143,0.86,22.02088312,1.487138375,0.566646277,0.024137407,0.029472713,0.022779716,0.005,9.99999968631913e-07,0.1,0.999999994518838,0
"110503A",1.613,1,-9.08249449,2.54166555,1.14649063,0.687,1.90907,-5,0.88,21.13638759,0.130333768,3.405445073,0.028998071,0.028887961,0.006289914,0.001,3.9999999364187e-07,0.25,0.0600000000140561,0
"110715A",0.82,1.113943352,-9.075720714,2.61109719,0.95853538,0.755,1.85342,-4.928117993,1.25,22.0746007,1.731588765,4,0.02377653,0.035600881,0.009554076,0.0015,1.99999988390653e-07,0.12,1.10000003776472,0
"110731A",2.83,1.588831726,-12.08512818,5.08952072,1.42351927,0.39,1.85145,-5.22184875,1.15,21.95954126,1.041392685,11.66246372,0.097418495,0.090702815,0.110855301,0.13,9.99999948682526e-08,0.05,0.300000000878567,0
"110818A",3.36,2.012837225,-11.28316228,3.84627415,1.37167718,0.83,1.95985,-5.397940009,1.58,22.06812647,0.204119983,18.0548006,0.05514905,0.059648416,0.067338189,0.01,1.99999998972488e-07,0.11,0.299999998922959,0
"111008A",4.9898,1.802500068,-10.66756154,3.98993393,1.21584288,0.829,1.94053,-5.27572413,1.86,22.17059025,0.806179974,2.36485691,0.028511085,0.035676696,0.027351291,0.001,3.00000006099059e-07,0.09,0.700000000642428,0
"111123A",3.1516,2.462397998,-11.60730305,4.42202873,1.46723371,1.25,2.55463,-5.13667714,1.68,21.35034301,-0.045757491,88.09086218,0.07308827,0.070655771,0.105884147,0.005,2.99999992615351e-07,0.07,0.0999999990000847,0
"111209A",0.677,2.505149978,-9.057000407,4.13326,2.77382,0.2529,1.81212,-4.443697499,1.48,21.14009932,-0.301029996,29.55180898,0.02099,0.010455,0.04435,5e-05,1.0000000329948e-06,0.03,0.0999999994843888,0
"111228A",0.714,2.005180513,-10.65757732,4.10627835,1.15297662,0.99,2.03824,-5.070581074,2.27,21.41342718,1.093421685,5.415902489,0.030118345,0.037264425,0.023299272,0,2.00000006162849e-07,0.06,0.499999992095816,0
"120118B",2.943,1.36660971,-10.95467702,3.68307,1.0241,1.01,2.20884,-5.744727495,2.08,21.451745,0.342422681,19.64696058,0.1172,0.131765,0.077156,0.005,9.99999990774559e-08,0.11,0.300000001110681,0
"120327A",2.813,1.798650645,-10.15181088,3.48517215,1.44859414,0.63,1.75797,-5.443697499,1.52,22.16619025,0.591064607,7.52171255,0.04362492,0.051679097,0.058002882,0.02,1.0000000329948e-07,0.06,0.200000000953385,0
"120404A",2.876,1.587710965,-11.02687215,3.79948,1.90651,0.69,1.89579,-5.795880017,1.85,21.70983536,0.079181246,16,0.11705,0.068285,0.121385,0.005,9.99999996409863e-08,0.13,0.200000000943656,0
"120729A",0.8,1.854306042,-10.29756946,3.52138487,2.26312734,0.645,1.8831,-5.619788758,1.62,21.34792103,0.462397998,36.74353317,0.06906832,0.047294772,0.130088482,0.013331067,9.99999977860971e-08,0.08,0.200000002854189,0
"120802A",3.796,1.698970004,-11.17198494,3.53838419,0.54215516,0.91,2.03526,-5.721246399,1.21,22.12127744,0.477121255,31.02460027,0.07803221,0.220557212,0.11816229,0.055,3.00000000329674e-07,0.47,0.199999996950035,0
"120811C",2.671,1.428134794,-10.14327111,3.15909591,1.01613299,0.65,1.92121,-5.522878745,1.4,21.91722026,0.612783857,3.693579286,0.05294686,0.084200302,0.03800099,0.090734018,2.99999998878931e-07,0.3,0.200000003166981,0
"120907A",0.97,1.227886705,-10.37675071,3.2113827,1.05329104,0.78,1.82021,-6.173925197,1.73,21.0438101,0.462397998,1.370430613,0.04130341,0.062296694,0.028647271,0.005,1.09999999893048e-07,0.25,0.399999999030881,0
"120922A",3.1,2.238046103,-10.59516628,3.59799,1.06622,1.17,2.06954,-5.207608311,1.58,21.0163605,0.301029996,30.24009631,0.16365,0.133375,0.03563,0.005,6.99999999813366e-07,0.36,0.199999999278263,0
"121024A",2.298,1.838849091,-11.31158018,4.17178823,1.30353551,0.87,2.00683,-5.958607315,1.41,21.94617755,0.113943352,32.06243908,0.063305895,0.065435085,0.06666149,0,1.00000001137137e-07,0.22,0.200000000824285,0
"121027A",1.773,1.796574333,-11.92081875,5.40919042,1.50995764,1.16,2.37144,-5.698970004,1.82,22.07736427,0.113943352,4.820058467,0.041584155,0.037953731,0.058939694,0,9.99999996391312e-08,0.09,0.200000000824285,0
"121128A",2.2,1.367355921,-9.617982957,3.23392922,1.54546584,0.9455,1.98504,-5.161150909,1.32,22.04029767,1.11058971,1.63061216,0.028690024,0.029795568,0.032445001,0.010337721,4.00000004936276e-07,0.18,0.400000012707966,0
"121211A",1.023,2.260071388,-11.2823295,4.20933518,1.15615612,0.95,2.0682,-5.886056648,2.36,21.66138196,0,39.28730733,0.054250775,0.063247159,0.074602829,0.005,2.66999999424138e-07,0.26,0.300000000987865,0
"130408A",3.757,1.447158031,-10.32975415,3.58393,1.39277,0.945,2.03183,-5.638272164,1.28,20.06405721,0.69019608,13.06603535,0.077,0.070305,0.0643,0.117120218,3.99999999382129e-07,0.26,1.00000000084789,0
"130418A",1.218,2.07200023240372,-9.247183569,2.59006,1.28449,0.198,1.68684,-5.744727495,2.07,21.12149747,-0.22184875,46.08809848,0.06047,0.06867,0.031625,0.003,1.99999998154912e-07,0.17,0.199999999407363,0
"130420A",1.297,2.091666958,-10.8728952,3.56731,0.914676,1.17,2.29559,-5.148741651,1.52,20.79265849,0.531478917,11.73673073,0.05505,0.08535,0.0286905,0.005,2.99999999109595e-07,0.25,0.199999998183027,0
"130511A",1.3033,0.73479983,-10.51570016,2.65954,1.16497,0.65,2.06879,-6.657577319,1.35,21.01365445,0.113943352,2.212184473,0.0838,0.089385,0.04916,0.01,3.99999999792346e-08,0.31,0.200000000824285,0
"130514A",3.6,2.309630167,-10.7212464,3.68772,1.17745,0.65,2.0604,-5.040958608,1.8,21.19799139,0.447158031,12.81269759,0.078,0.078365,0.04188,0.08,2.0000000680444e-07,0.05,0.30000000213302,0
"130604A",1.06,1.57634135,-8.316052869,2.071571247,1.742079764,0.98,2.08823,-5.853871964,1.51,21.35024026,-0.096910013,4.559271868,0.166441725,0.100184013,0.041653571,0.015,9.99999987148146e-08,0.12,0.19999999912723,0
"130606A",5.913,2.441820772,-10.18045606,3.30222,1.37571,0.44,1.86465,-5.537602002,1.52,20.24962877,0.414973348,19.31096766,0.06815,0.07782,0.05186,0.045,2.00000002854189e-07,0.12,0.200000000979027,0
"131030A",1.295,1.613841822,-9.294136288,2.84594,1.11188,0.693,2.09466,-4.537602002,1.3,20.84178667,1.44870632,4.042662472,0.025175,0.027575,0.00815,0.0075,0,0.03,0.700000016427029,0
"131105A",1.686,2.050379756,-10.91009489,3.9488,1.19347,0.94,2.24976,-5.148741651,1.45,21.32749584,0.544068044,4.086802216,0.03335,0.047885,0.04544,0.005,4.9999999306654e-07,0.11,0.600000002643099,0
"140206A",2.73,1.971275849,-9.730487056,3.59073,1.22509,0.672,1.88134,-4.795880017,1.04,22.00531353,1.28780173,13.75282388,0.012995,0.021325,0.015545,0.021902336,3.0000001734364e-07,0.15,0.500000011244124,0
"140213A",1.2076,1.77815125,-10.12551818,3.829176603,1.108879519,0.83,1.96657,-4.920818754,1.8,20.99187128,1.371067862,2.62312486,0.06303582,0.068643889,0.021746292,0.005,0,0.04,0.799999999447402,0
"140419A",3.956,1.976349979,-10.00568285,3.68383,1.36898,0.678,1.87322,-4.795880017,1.21,22.04094236,0.69019608,3.817215769,0.023985,0.02442,0.017885,0.001,0,0.04,0.199999995656511,0
"140423A",3.26,2.127104798,-10.85078089,3.90552,1.18974,0.77,2.06486,-5.026872146,1.33,21.81946365,0.322219295,23.01198296,0.05035,0.05495,0.045115,0.149849463,2.99999996198697e-07,0.06,0.199999999015796,0
"140430A",1.6,2.239549721,-11.36251027,4.14388,0.875171,1.03,2.15785,-5.958607315,2,21.67796993,0.397940009,3.69174647,0.0861,0.13071,0.0833725,0.035,1.9999999974143e-07,0.22,0.20000000272843,0
"140506A",0.889,2.045714059,-9.903089987,3.30686,0.948932,0.9,1.74751,-5.552841969,1.68,21.81764402,1.037426498,9.556709938,0.05516,0.06882,0.01557,0.047966029,3.0000000213302e-07,0.16,0.899999989961908,0
"140509A",2.4,1.17092730333444,-11.09770006,3.58709,1.40649,0.86,1.93407,-5.920818754,1.59,20.90144742,0.204119983,5.171156949,0.08395,0.088715,0.10418,0.22,1.20999999272254e-07,0.121212121,0.431248681575114,0
"140512A",0.725,2.189770956,-9.504455662,3.53686,1.25134,0.871,1.84304,-4.853871964,1.45,21.32824297,0.832508913,4.787065924,0.01504,0.022285,0.02006,0.002482817,2.99999989697205e-07,0.04,0.300000005335443,0
"140518A",4.707,1.781755375,-11.31158018,3.77824,1.64981,0.94,1.93772,-6,0.92,22.46148952,0,2.429189161,0.09045,0.070125,0.18819,0,9.99999995617601e-08,0.61,0.09999999956176,0
"140629A",2.275,1.62324929,-9.847711656,2.85608,1.16056,0.815,1.95996,-5.619788758,1.86,21.74269921,0.62324929,11.54148842,0.042785,0.06161,0.03501,0.001678552,2.00000001098398e-07,0.11,0.399999997420043,0
"141004A",0.573,0.593286067,-10.61083392,3.30337,1.54959,1.08,1.79496,-6.173925197,1.86,21.49730845,0.785329835,1.073372291,0.0853,0.081935,0.09774,0.005,3.00000006720731e-08,0.08,0.299999999829135,0
"141121A",1.47,2.74028372,-12.65757732,5.76634,2.33322,0.82,1.93447,-5.27572413,1.73,21.59590717,-0.045757491,37.82221354,0.1675,0.090095,0.2969,0.01,3.99999999996278e-07,0.13,0.299999999072581,0
"141220A",1.3195,0.857935265,-9.872830386,2.77561,1.42066,1.1,1.80565,-5.585026652,0.62,21.48574413,0.949390007,0.473776348,0.042455,0.057375,0.050735,0.07,1.00000000489514e-07,0.38,0.700000001419048,0
"150120B",3.5,2.01762288488796,-10.79048499,3.39431,1.17705,0.92,2.01678,-6.26760624,2.2,21.52664292,0.079181246,3.388285726,0.0711,0.090535,0.057705,0.005,4.84999994388101e-08,0.151515152,0.149789635521264,0
"150314A",1.758,1.169968174,-8.609064893,2.49217,1.19079,0.73,1.84772,-4.657577319,1.08,22.01715025,1.58546073,2.631341157,0.015025,0.015855,0.009925,0,2.99999975782245e-07,0.03,0.900000041974797,0
"150403A",2.06,1.611723308,-8.821023053,3.19694,1.24471,0.679,1.70996,-4.769551079,1.23,21.79039707,1.245512668,12.01358912,0.005105,0.006975,0.00458,0,2.99999989213637e-07,0.04,0.600000012363867,0
"150821A",0.755,2.23578087,-8.853871964,2.95174,1.82628,0.848,2.21622,-6.102372909,2.1,22.340573,-1.49776679460977,99.0437544,0.021105,0.015485,0.027365,5e-04,1.90000000606037e-07,0.37,0.0137888213670293,0
"151021A",2.33,2.042181595,-9.642065153,3.15765,1.33346,1.27,1.96079,-4.552841969,1.57,22.33647975,0.986771734,3.648780623,0.06282,0.05208,0.02141,0.04,9.99999985619271e-07,0.04,0.800000008437599,0
"151027A",0.81,2.11290649,-9.935542011,3.99907,1.74508,0.9235,2.00612,-5.107905397,1.72,21.65076489,0.832508913,5.47526252,0.02221,0.01731,0.02499,0.002440971,2.00000001108127e-07,0.05,0.599999995013308,0
"160117B",0.87,0.697062187810827,-11.74958,4.10299,0.973333,0.64,1.83834,-6.4710833,1.73,20.95374423,-0.705929807788426,2.461495511,0.12265,0.162075,0.093958,0.015,4.38006934127586e-09,0.0041822719666068,0.0553767756856105,0
"160203A",3.52,1.305351369,-11.36754271,3.66139836,1.146279559,0.61,1.75592,-5.920818754,1.93,22.0158332,0.113943352,3.236126049,0.08458679,0.087010427,0.0601909,0.25,1.00000000471828e-07,0.2,0.399999998655209,0
"160227A",2.38,2.500373714,-10.99567863,4.47751,1.10229,0.679,1.72551,-5.508638306,0.75,21.4198963,-0.22184875,75.36821526,0.03055,0.03885,0.03434,0.001,2.00000001272167e-07,0.51,0.100000000394457,0
"160804A",0.736,2.15896526,-11.5214335,4.38419,0.948229,0.92,1.87827,-4.943095149,1.4,21.30214687,0.462397998,19.22975247,0.05875,0.095375,0.070062,0.005,2.99999995689751e-07,0.23,0.299999997603786,0
"161108A",1.159,2.021602716,-11.81247928,4.69106,0.883711,0.84,2.00325,-5.958607315,1.85,21.16074757,-0.22184875,11.8942948,0.13355,0.18179,0.0812555,0.005,1.00000001137137e-07,0.17,0.100000000394457,0
"161117A",1.549,2.099335278,-10.74958,4.08464,1.141,1.375,1.92624,-4.698970004,1.19,21.87736847,0.832508913,1.095627703,0.03835,0.04019,0.02365,0.674290141,0,0.12,0.300000005335443,0
"161129A",0.645,1.550595207,-10.43651891,3.70506,2.32574,0.71,1.74506,-5.443697499,1.57,21.51361441,0.531478917,2.093571159,0.10625,0.050725,0.10628,0.005,1.0000000329948e-07,0.06,0.199999998183027,0
"161219B",0.1475,0.84135947,-10.13667714,4.0135,0.871656,0.73,1.86204,-5.823908741,1.29,21.16590877,0.72427587,0.791979781,0.0277,0.03841,0.008668,0,9.99999983976464e-08,0.35,0.399999999996278,0
"170202A",3.645,1.664641976,-10.65364703,3.77629,1.1958,1.04,1.99768,-5.48148606,1.68,21.7153121,0.672097858,11.44830537,0.04485,0.068655,0.059155,0,1.00000001201687e-07,0.07,0.299999995966583,0
"170519A",0.818,2.335257256,-11.06348626,4.1513,1.37345,0.975,1.97351,-5.958607315,1.94,21.33992622,-0.15490196,49.40433008,0.053,0.052235,0.066745,0.224423613,1.9999999974143e-07,0.26,0.100000000249253,0
"170705A",2.01,2.337059726,-10.18641901,3.63746,0.774169,0.66,1.89159,-5.022276395,1.65,21.08891889,1.1430148,18.07805176,0.04055,0.06603,0.027333,0.005,3.00000008847384e-07,0.05,0.400000001927405,0
"170903A",0.886,1.465382851,-11.26042766,4.41384,0.971187,1.14,2.20256,-5.619788758,1.94,21.73970839,0.591064607,3.59505881,0.04095,0.065935,0.051271,0.005,2.00000001098398e-07,0.12,0.500000002383462,0
"171222A",2.409,2.242541428,-12.10957898,4.78231,0.718496,1.34,1.99001,-5.721246399,2.07,20.02880298,-0.15490196,22.66456934,0.20975,0.378455,0.126956,0.015,2.00000001678087e-07,0.17,0.200000000498506,0
"180205A",1.409,1.190331698,-10.30627305,3.21372,1.09633,1.03,1.88733,-6,2.04,21.4933967,0.531478917,3.123262328,0.06455,0.088815,0.042095,0.005,9.99999995617601e-08,0.13,0.29999999727454,0
"180329B",1.998,2.322219295,-11.14935376,4.02296,1.50063,0.77,1.86768,-5.48148606,0.97,21.41988474,0.146128036,44.04594331,0.04825,0.04314,0.069665,0,3.00000003605061e-07,0.56,0.400000001306496,0
"180620B",1.1175,2.29841638,-10.98296666,4.6659,1.09835,0.9,1.99236,-5,1.3,21.21643247,0.556302501,27.4443118,0.0437,0.067125,0.059445,0.005,2.9999998947494e-07,0.2,0.199999998309654,0
"180624A",2.855,2.686993566,-11.54363397,4.171185481,1.243849338,0.95,2.06008,-5.236572006,1.91,21.1034582,0.146128036,38.50431688,0.088149935,0.099379055,0.123366444,0,3.00000004513397e-07,0.1,0.200000000653248,0
"180720B",0.654,3.06444019010425,-8.847711656,3.62033,1.34127,0.729,1.8461,-4.065501549,1.36,21.24271531,1.831869774,3.688453378,0.004975,0.00614,0.005375,0,1.00000003189813e-06,0.03,2.60000001616931,0
"180728A",0.117,0.938519725,-9.42365865,3.8695,1.1986,0.8595,1.70111,-4.528708289,1.97,21.58733599,2.120573931,0.297321378,0.009885,0.014745,0.0091,0.042486494,6.00000032288427e-07,0.03,2.89999994907512,0
"181010A",1.39,1.214843848,-9.928117993,3.15711,1.07011,1.115,1.76613,-6.161150909,1.52,22.27837171,0.146128036,2.192792779,0.034615,0.057805,0.033375,0.007041969,6.99999992750645e-08,0.15,0.200000000653248,0
"181020A",2.938,2.376576957,-10.42365865,4.29043,2.64643,1.228,1.93674,-5.091514981,1.25,20.65703194,0.886490725,11.5888181,0.1418,0.047555,0.091985,0.029531206,3.00000003604534e-07,0.06,0.299999995803032,0
"190114A",3.3765,1.823474229,-10.75202673,3.74534,1.18375,0.86,1.83214,-6.096910013,2.06,21.6447605,-0.301029996,10.18381229,0.03365,0.042215,0.04616,0,1.19999999476338e-07,0.22,0.20000000012007,0
"190719C",2.469,2.268811904,-11.257,4.88123,1.55953,0.915,1.5415,-5.292429824,1.64,20.95382587,0.740362689,9.689285646,0.2175,0.1943,0.21085,0.22,2.99999997236077e-07,0.09,0.300000000646454,0
"190829A",0.0785,1.764922985,-9.56068,4.0838,1.03996,1.16,2.0913,-5.193820026,2.56,22.04910001,1.255272505,8.854522046,0.013585,0.01916,0.009675,0.075,7.00000000642427e-07,0.21,2.69999998752527,0
"191011A",1.722,0.867467488,-10.8132081,3.15321333,1.30602449,0.94,1.81479,-6.48148606,1.94,21.65033473,0.255272505,0.950286355,0.05719327,0.06597695,0.05756962,0.19,3.99999997208218e-08,0.17,0.199999998154912,0
"200829A",1.25,1.115277591,-8.6381,2.97975,1.29833,0.64,1.88219,-4.292429824,0.83,21.08966848,1.994317153,2.91,0.00955,0.00926,0.00866,0.0195,9.99999990786924e-07,0.03,1.60000005522377,0
"201104B",1.954,0.937517892,-9.38944702,2.72159651,1.19537497,0.605,1.55046,-5.744727495,1.47,21.73058526,0.612783857,0.161839373,0.02110237,0.02972805,0.02348264,0.175,9.99999990774559e-08,0.07,0.300000000030173,0
"210210A",0.715,0.819543936,-10.1403778,3.72413045,1.5451851,0.965,1.85188,-6.008773924,1.53,21.12319546,0.84509804,0.58931824,0.05799791,0.08857348,0.10645081,0.15,8.0000000581035e-08,0.58,0.499999993187216,0
"210411C",2.826,1.10720997,-9.72925773,2.93128506,1.16829405,1.21,1.88408,-5.920818754,1.6,21.05996459,0.681241237,0.597059548,0.05048963,0.05901459,0.03209979,0.14,1.00000000471828e-07,0.4,0.299999998425834,0
"210517A",2.486,0.485721426,-10.8415194,3.057651,1.21043545,0.66,1.71079,-6.823908741,1.85,21.15768338,0.176091259,1.409113169,0.25872455,0.32132806,0.08060357,0.22,2.99999998646817e-08,0.25,0.200000000249171,0
"210610B",1.13,1.841234296,-9.19036,2.89514,1.05139,0.78,1.91684,-4.443697499,0.98,21.03780485,1.130333768,2.53,0.0226,0.02831,0.01291,0.029,1.0000000329948e-06,0.11,0.699999994983173,0
"210619B",1.937,1.784617293,-8.55006175,2.91049117,1.12578835,0.745,1.92306,-4.022276395,1.41,21.83430305,2.06069784,0.277416677,0.01027813,0.01099582,0.00437126,0.07,1.00000002949128e-06,0.02,2.19999992870022,0
"210722A",1.145,1.700703717,-10.3507,3.6504,1.43908,0.81,1.83712,-5.602059991,1.62,20.54058972,0.342422681,10.53830531,0.0364819,0.0395981,0.048071,0.09,2.0000000272843e-07,0.14,0.49999999847401,0
"210822A",1.736,2.257198426,-8.20842,2.4985,1.267456,0.77,1.70788,-4.698970004,1.3,21.53322281,1.442479769,42.72,0.017735,0.01621,0.008455,0.026,4.00000016977205e-07,0.4,0.700000012255762,0
"211024B",1.1137,2.780677274,-8.56429146,3.43921565,1.92622006,1.07,2.08,-5.167491087,1.63,20.98677173,-0.045757491,20.65497765,0.01916437,0.01167528,0.00965772,0.055,3.00000005335443e-07,0.09,0.200000000072496,0
"220101A",4.618,2.238948898,-8.69262974,3.04134881,1.20052929,0.491,1.62241,-4.602059991,1.13,21.90370028,0.86332286,12.50116167,0.01431841,0.02317526,0.01255481,0.016,0,0.13,0.299999992615351,0
"220117A",4.961,1.697316542,-10.1070569,3.43803362,1.68612083,1.2,1.78537,-5.795880017,1.84,21.99532933,0.278753601,3.431095393,0.05084186,0.04500955,0.06200239,0.55,1.99999999281973e-07,0.18,0.399999998981262,0
"230325A",1.664,1.580354661,-10.9066853,3.7823081,0.931411844,1.025,2.0855,-5.886056648,1.82,22.22918251,0.51851394,11.56039866,0.1875455,0.20042492,0.05714513,0.18,2.00000000824285e-07,0.18,0.399999997208217,0
"230506C",3.7,1.491361694,-11.4531,4.25859,1.14181,1.11,2.08995,-5.769551079,1.89,20.96124782,0.380211242,6.32455532,0.1023,0.11841,0.11299,0.29,2.00000001942679e-07,0.17,0.499999999982894,0
"230818A",2.42,0.992111488,-11.0883,3.9564,1.39195,1.02,2.00403,-5.721246399,1.36,21.31377445,0.826074803,1.249953617,0.2044,0.12794,0.19715,0.29,9.99999986515876e-08,0.1,0.500000000916339,0
"231210B",3.13,0.873320602,-10.048,3.24045,1.60174,0.84,1.66432281,-5.853871964,1.08,21.82763844,0.591064607,0.647,0.05243,0.04808,0.060675,0.362,2.00000000653248e-07,0.19,0.700000003336847,0
"100316D",0.06,2.71757065371296,-10.8579131682838,4.66846146620404,1.75355963791299,0.926569920416175,1.92522471762622,-6.52287874528034,2.29,21.6072898526736,-1,5.171156949,0.818778561102085,0.646027282674018,0.29804023577143,0.188997090716444,2.68358178775312e-06,0.339910935809795,1.78336208015246,1
"100508A",0.5201,1.7160033436348,-10.8612914243937,3.8328814755778,1.16053591955701,0.869609100140076,2.00971050945629,-6.15490195998574,1.23,20.8435697396165,-0.397940008672038,5.171156949,0.796620830265322,0.607234309860418,0.308882747368254,0.212233474672427,2.27074596803031e-06,0.354754805907952,2.39641059432411,1
"101225A",0.33,3.03662889536216,-11.4453444190571,4.30533837026906,1.06841621588844,0.884844013925587,2.02809112311553,-5.72124639904717,1.82,21.1177096786008,NA,5.171156949,0.82410854545242,0.662357828439583,0.285695253257142,0.200375461263254,2.01294680126155e-06,0.37041477486358,2.0034970203517,1
"110205A",2.21,2.42618582524451,-10.9414959935364,4.12447667765623,1.66548696307048,0.895777934730225,1.98721347519301,-4.76955107862173,1.8,21.3704298125407,0.556302500767287,5.171156949,0.754318547138539,0.581541943084264,0.29068528294933,0.207689479656747,2.30833672053176e-06,0.366973821230822,1.68339467061934,1
"110801A",1.858,2.5854607295085,-10.4137429727986,3.79945122167876,1.50053150005181,0.936567812898905,1.96208883408776,-5.32790214206428,1.84,21.3905023625177,0.041392685158225,5.171156949,0.798224989661218,0.594043641633318,0.282593371513314,0.206518476204361,4.25462165450615e-06,0.303703774582429,4.48979209960068,1
"111107A",2.893,1.42488163663107,-10.7456500455475,3.51009002092789,1.08283531471763,0.915132186757025,2.02047176910533,-6.05551732784983,1.49,21.5667520502364,0.0791812460476248,5.171156949,0.795220945221138,0.61484531367953,0.280521103009922,0.195759763064699,1.41627442142963e-06,0.444729432140142,1.97981156425556,1
"011211A",2.14,2.43136376415899,-11.1556017679022,4.230517003406,1.70514534884549,0.872784899366723,1.99400402522466,NA,NA,NA,NA,5.171156949,0.809873988821759,0.603392395305161,0.273896198207744,0.186034126725646,1.78272115741566e-06,0.4123602694689,1.21353186358323,1
"120119A",3.1,2.40449161775869,-10.5100924659545,3.60478989503004,1.45932907066163,0.924798509238243,1.97024763804173,-4.76955107862173,1.38,22.0220281244648,1.01283722470517,5.171156949,0.782521865319912,0.609775585931412,0.288597001845839,0.212987778020553,2.53641589446729e-06,0.351236931803088,3.63932278125417,1
"120711A",1.405,2.06069784035361,-10.9060212482064,3.94868708395473,1.26456792636399,0.883697489430178,2.0040719164319,NA,NA,NA,NA,5.171156949,0.817157200618843,0.598893967856559,0.291497156350018,0.192291957810839,2.50920587821388e-06,0.342936871160074,2.37804938127971,1
"120815A",2.36,0.986771734266245,-10.6405737471681,3.49974291621967,1.05434694614828,0.905105920688666,2.0138963388086,-6.30980391997149,2.29,21.7724273330753,0.342422680822206,5.171156949,0.803771857728396,0.61759060465579,0.262851365024431,0.194151734967598,1.50486154746077e-06,0.462500517597972,2.2270810435573,1
"121217A",3.1,2.89097959698969,-10.6318676827102,3.62635592511988,1.11033568408378,0.909985911496193,2.01230681700028,-5.20760831050175,1.53,21.6003031960224,0.255272505103306,5.171156949,0.772543233003998,0.608955613987584,0.284653402473555,0.197166543651574,1.89150560899479e-06,0.406340353543453,2.57833285619495,1
"130215A",0.6,1.81291335664286,-11.228179355626,4.47566872912981,1.75651920397818,0.917729069050746,1.98680549729582,-5.26760624017703,1.59,NA,0.397940008672038,5.171156949,0.80102769884649,0.604706718140506,0.377133530081475,0.195427526178432,1.94021029118277e-06,0.385300830248446,1.32332461374382,1
"130427A",0.34,2.38214316788425,-10.1973351685941,3.95079661430382,1.35409362082739,0.901404152249152,1.9460619074991,-3.50863830616573,1.21,20.9902149432877,2.51982799377572,5.171156949,0.823208209661506,0.615892584134049,0.285559024763179,0.196880473119962,6.83281917346077e-06,0.299018934582527,7.95438230349581,1
"140801A",1.32,0.845098040014257,-10.8898438335152,3.87093375875993,1.16276287374139,0.899465591105711,2.0218492389769,NA,NA,NA,NA,5.171156949,0.777590705099899,0.596124798452059,0.268427202917427,0.197079706400395,2.27363083060305e-06,0.348436390344305,2.40812380241513,1
"140907A",1.21,1.89872518158949,-10.6675502245585,3.86888301641837,1.19695792520182,0.932791245404936,2.02030270730718,-5.36653154442041,1.72,21.4811071031878,0.397940008672038,5.171156949,0.779614455981657,0.626351214038264,0.282820408006585,0.196499674101842,2.75015770034641e-06,0.344206908089495,3.08415255380777,1
"141221A",1.45,1.52074547151948,-10.2134759676048,3.40655032988471,1.33687036320959,0.864392906044507,1.94208334166005,-5.67778070526608,1.74,21.4678876805073,0.491361693834273,5.171156949,0.801513827503022,0.613619986977102,0.266627710054679,0.213030184448872,3.67690916493129e-06,0.354168343763921,5.1354881668521,1
"150910A",1.3585,2.04999285692014,-10.0519667160358,3.42956686333961,1.35641845691502,0.884878966906934,1.93173107254686,-5.31875876262441,1.42,20.8424220033577,0.041392685158225,5.171156949,0.788330575104645,0.615730247334606,0.275473546181531,0.197619933030904,5.39970897578192e-06,0.321352033674879,6.30296047081399,1
"160131A",0.972,2.51188336097887,-10.1331485075194,3.75232338430684,1.36119162004146,0.920889072829207,1.94009951929624,-4.6903698325741,1.24,21.6809670024194,0.806179973983887,5.171156949,0.822297024770114,0.620714482357302,0.267906116331233,0.205718973695338,6.10249952520245e-06,0.2961569228728,6.99381171168078,1
"160425A",0.555,2.48370138233946,-10.6884625623508,3.66402376624325,1.18190609882058,0.975065476344945,2.03194647835481,-5.67778070526608,2.2,22.0551068124653,0.447158031342219,5.171156949,0.772881918763161,0.610379423568307,0.27999309900213,0.207812103652522,1.90798523853862e-06,0.368053391968816,2.42471021607622,1
"161014A",2.823,1.26245108973043,-10.8243351164,3.76286926224575,1.3889077727368,0.915640869741086,1.98518263271791,-5.72124639904717,1.47,22.1865749602921,0.462397997898956,5.171156949,0.763636781037765,0.620420617975041,0.280769237615468,0.195230833000052,2.04935846815298e-06,0.351361618036358,2.33806533480313,1
"161023A",2.71,1.64345267648619,-10.4650002988299,3.98560092947136,1.39183974218314,0.892301882712798,1.9702009510849,NA,NA,NA,NA,5.171156949,0.777410589726627,0.638631321064819,0.272088363879232,0.191308852484248,4.67704244969381e-06,0.311932173275816,4.86375696219531,1
"170113A",1.968,1.3151303171836,-10.7421911628546,3.76680133950169,1.25498217765659,0.914479273982707,2.00438910140838,-6.17392519729917,0.75,21.4429483034211,0.041392685158225,5.171156949,0.73466578885982,0.616179213557235,0.257728222149647,0.18946727365802,2.2922491845289e-06,0.352130051687496,2.66018289728072,1
"170607A",0.557,1.36172783601759,-10.4119099297195,3.8826082802534,1.21254328168375,0.919467460899354,1.99066464114436,-5.1249387366083,1.61,20.9020366322178,NA,5.171156949,0.785961061671918,0.610410681958188,0.279276240543408,0.208943722217232,3.95890705788953e-06,0.345069276943719,4.89587959374484,1
"170714A",0.793,3,-11.0700247039308,3.94551730645095,1.62604458387889,0.933612092093398,1.97887724607714,-5.55284196865778,1.76,21.0685795178507,-0.397940008672038,5.171156949,0.827352875630253,0.595679855487994,0.394054489333475,0.194010229417449,1.68154269811812e-06,0.379852623431707,1.52283107300284,1
"180115A",2.487,1.61172330800734,-10.336360564531,3.48681361736081,1.20963652693163,0.923859333156446,1.97064693172558,-6.11918640771921,1.66,20.6139738864907,-0.221848749616356,5.171156949,0.764380199711754,0.623203238679162,0.269951350521256,0.203752609182255,2.71463253613381e-06,0.39541563113198,4.2629100346093,1
"180325A",2.248,1.97358962342726,-10.7837875026657,3.75219624032856,1.42522451873374,0.930163512524357,1.98532000640701,-5.18708664335714,1.18,22.1431959788594,0.973127853599699,5.171156949,0.812245962412652,0.600863285955832,0.283581660015697,0.211017473918601,2.09854291011662e-06,0.351123819544268,2.49630364037884,1
"181201A",0.45,1.28330122870355,-10.3393308594863,4.07213208802757,1.30637263791841,0.880600729829293,1.96944551286205,NA,NA,NA,NA,5.171156949,0.790195011305888,0.593146075195411,0.282124910737301,0.204768947327362,6.08875479300756e-06,0.309247345671209,7.12447034195703,1
"200613A",1.2255,2.58092497567562,-10.800895630958,4.2748501791616,1.17249219086114,0.921245242046176,2.03892480281455,NA,NA,NA,NA,5.171156949,0.796061372728431,0.635956958001147,0.284198757018858,0.201447598680721,3.76730893591298e-06,0.340816562003726,2.9833405967547,1
"201015A",0.426,0.990338854787601,-10.8744534301265,3.86290782658855,0.97710747153225,0.931358189666251,2.05288387817727,-6.69897000433602,3.03,21.3553614717945,0.255272505103306,5.171156949,0.782303351908868,0.594100997396298,0.281264883908167,0.20598682969823,1.65192865307899e-06,0.38132694010031,2.00409456917207,1
"201020A",2.903,1.15136985024746,-10.4939558343666,3.74523813589335,1.0801678478918,0.928397219905648,2.01341914754817,-6.03621217265444,2.25,20.9325848608536,0.322219294733919,5.171156949,0.836007515371256,0.58473935372231,0.271068695646534,0.204181258398446,2.44094314039124e-06,0.394129847050153,3.24400272723438,1
"201021C",1.07,1.38703370128236,-10.1703163878534,3.39860279969865,1.23328174600482,0.892993537035123,1.94753525556824,-6,1.63,20.7519954068474,0,5.171156949,0.800870781276215,0.625636889312602,0.283176699822987,0.198882689246876,3.63092672216528e-06,0.366108751005032,5.44092222144786,1
"020124A",3.198,1.66190729276602,-10.8083317784885,3.94319258244172,1.66736924582972,0.94988322427092,1.98829476795623,NA,NA,NA,NA,5.171156949,0.827047190487285,0.592048087087502,0.274868399287968,0.205480516542842,2.79572552448541e-06,0.333316552553453,2.35066401354569,1
"021004A",2.34,2,-10.856477514141,4.32702575418751,1.3506804889308,0.896534889857964,2.01576557658271,NA,NA,NA,NA,5.171156949,0.773255876815631,0.621071583214842,0.272050608772837,0.204755347330682,3.31693895642925e-06,0.341350693751726,2.36538354680999,1
"210204A",0.876,2.30102999566398,-10.5010192525423,3.99163391245165,1.25751522589486,0.903338857950866,1.99575985549209,NA,NA,NA,NA,5.171156949,0.774439121700677,0.622892435985763,0.265486834299161,0.20016320343651,4.16746545535707e-06,0.326525793138785,4.60863280467473,1
"030226A",1.99,1.34419571587143,-10.9084487632826,4.14553232498341,1.74785148911539,0.881417829667745,1.99712835458822,NA,NA,NA,NA,5.171156949,0.796726187310422,0.57640877385438,0.286535165213746,0.203072034957873,2.54887595298537e-06,0.335337194714542,1.76882427914477,1
"050502B",3.793,1.24303804868629,-10.7626910741881,3.63036368965925,1.37475540759348,0.917993764257099,1.98523544804495,NA,NA,NA,NA,5.171156949,0.783015873026614,0.577971324520002,0.285255518020958,0.210846063042181,1.78696874174095e-06,0.37202597067973,2.44608561990022,1
"050502A",3.79,1.30102999566398,-10.7362101463867,3.70981794510099,1.41991981222155,0.911423283849173,1.97708096154661,NA,NA,NA,NA,5.171156949,0.770241993309833,0.606444429320719,0.270902966661056,0.196238337183941,2.07705442012382e-06,0.356368564258471,2.6130629542649,1
"050525A",0.61,0.945960703577569,-10.3844677348636,3.5661995948462,1.24726817349991,0.887527848075075,1.96646442981349,-4.8153085691824,1,21.2788015992694,1.62013605497376,5.171156949,0.787492769458897,0.60042962486481,0.272766923922609,0.196065926987861,2.91391874240747e-06,0.381328290979584,4.36746964563195,1
"050603A",2.82,1.32221929473392,-10.4820759778086,3.95572119646738,1.63424587879425,0.90833347764695,1.96680892309155,-5.19654288435159,1.16,21.630055462984,1.33243845991561,5.171156949,0.781305482286903,0.578619876650054,0.289815312423011,0.201801983276413,5.5016850301387e-06,0.294699868877467,4.16930684686556,1
"050801A",1.56,1.28780172993023,-10.121843348776,3.35698976137229,1.31019462141209,0.91781272340908,1.94502848095143,-6.50863830616573,1.99,20.8020901716802,0.164352855784437,5.171156949,0.769065603510117,0.613550566909707,0.275011453778411,0.20181650093352,4.09365125387143e-06,0.347292857939853,5.41971395905127,1
"050904A",6.295,2.25904409357523,-11.4141427314807,4.34819637148309,1.86582572424239,0.926554085547202,2.02133275481043,-5.31605286924849,1.25,22.3938856786211,-0.207608310501746,5.171156949,0.878640498443869,0.616789116525615,0.291521574494943,0.210993899275735,1.64231222999378e-06,0.345093713004454,1.35439552601652,1
"051028A",3.6,1.20411998265592,-10.9208140571457,3.78929851504016,1.22617340379997,0.934325012549839,2.02325848377648,NA,NA,NA,NA,5.171156949,0.767005469333688,0.668055659117682,0.292946021139731,0.203493319236534,2.01592854889671e-06,0.346311350047795,2.24180116444628,1
"051111A",1.55,1.77655591070326,-9.99915091150366,3.36870224701627,1.23032638259351,0.896712722568867,1.93441196620274,-5.38933983691012,1.32,21.7919655917565,0.424881636631067,5.171156949,0.841670064359969,0.592177227843515,0.274979853078917,0.201523011414935,4.96621300256881e-06,0.333438329016482,6.56296302816249,1
"060607A",3.07,1.99694924849538,-10.4188106089101,3.62054379973058,1.33679614564696,0.904692753092901,1.96558442175304,-5.59345981956604,1.47,21.7961460714919,0.146128035678238,5.171156949,0.804928981322599,0.600366002881621,0.277395610771954,0.204116646546746,3.00972090184164e-06,0.359107005041359,4.25204236092627,1
"060904B",0.7,2.2341881478532,-10.5883534453498,3.7590325669501,1.30953280753281,0.925945240139644,1.99131444327695,-5.79048498545737,1.64,21.5912282717963,0.387389826338729,5.171156949,0.775256271187084,0.60612567257617,0.282871268195849,0.196814314741617,2.73648014642753e-06,0.3496056401133,3.38875349952322,1
"061007A",1.26,1.87685264760134,-9.06316736281652,3.13344227804525,1.57334794819469,0.943646757745928,2.02078722367267,-4.35261702988538,1.03,21.7418619678783,1.16435285578444,5.171156949,0.890368040482369,0.64774535592478,0.279463885936541,0.19926753083088,8.04477018882773e-06,0.349637436533115,11.3673764367527,1
"061126A",1.1588,2.28103336724773,-10.6429787860363,3.64132019364013,1.18575908719508,0.915190937975956,2.00490979996577,-5.16941133131486,1.32,21.3805820432409,0.989449817666692,5.171156949,0.782289455778941,0.628222359538955,0.274005538608674,0.201378810356391,2.03567456719105e-06,0.385796311272451,2.72701410294692,1
"070125A",1.55,1.77815125038364,-10.9015023731412,4.25845963241837,1.59147961738547,0.886656876010672,1.98855513549153,NA,NA,NA,NA,5.171156949,0.79625834004854,0.632386001143638,0.26180008590973,0.193472988629488,2.54047933059795e-06,0.380999388307757,1.71203813356419,1
"070411A",2.95,2.08902150079501,-10.6614707977792,3.54512517275081,1.39074047916452,0.939257089700753,1.98821022888972,-5.56863623584101,1.72,22.3213954223232,-0.0409586076789063,5.171156949,0.830512100630995,0.622020566589438,0.30017096914321,0.202638283921516,1.75630372671824e-06,0.384111040532587,2.78260719386677,1
"070612A",0.671,2.56253076886226,-10.6643135460757,4.29490176167059,2.01750384753001,0.928442991651922,2.03193961999534,-4.97469413473523,1.69,NA,0.178976947293169,5.171156949,0.80727012502061,0.584321630046158,0.400005002855115,0.214388055509573,2.8854406758007e-06,0.206449494819642,2.08023616060849,1
"071010A",0.99,0.792391689498254,-11.0097517059946,4.22728014498134,1.81234833830586,0.884516372529736,2.01081508115782,-6.69897000433602,2.33,22.1395485191724,-0.0969100130080563,5.171156949,0.796969627900217,0.594489190334362,0.275953286103564,0.195304338134514,2.11383472606817e-06,0.319695095585404,1.52125288395122,1
"071010B",0.947,1.55266821611219,-10.3620156458001,3.50251949809925,1.03680484017768,0.906188744008195,1.98617659031711,-5.35654732351381,1.53,21.3004715683883,0.886490725172482,5.171156949,0.841972921086861,0.593402161458891,0.280450720047944,0.215986767651673,2.05488147242835e-06,0.447536567920244,3.48951450068644,1
"071112C",0.82,1.17609125905568,-10.4032286685627,3.25373237661387,1.17533084295455,0.879913657174972,1.96939084247101,-5.52287874528034,1.09,20.5643192002043,0.903089986991944,5.171156949,0.812424930997323,0.613956477483681,0.266866321274483,0.19167345663978,1.70079236111859e-06,0.463945260311324,3.29932851353101,1
"080319C",1.95,1.53071183798166,-10.6684390703431,3.53623804698494,1.69701999520679,0.913754040542593,1.97935760017837,-5.44369749923271,1.37,21.7503741516549,0.716003343634799,5.171156949,0.767351691255829,0.590954141048344,0.397323455738987,0.207004899718235,1.9914371662974e-06,0.348298899430877,3.05812218506607,1
"080330A",1.51,1.78318869107526,-10.5274185472066,3.64042465182194,1.26531718071842,0.877907083627025,1.97507831711918,-6.46852108295774,2.53,21.6909072086586,-0.0457574905606751,5.171156949,0.784901545370465,0.599984472469636,0.272340103751185,0.211109545451254,2.53447031792443e-06,0.376070782554668,3.53651211139832,1
"080413B",1.1,0.843855422623161,-11.1393181743893,4.43526683966263,1.83914729985561,0.907784505325222,2.0081307017448,-5.49485002168009,1.26,21.3132976260869,1.2718416065365,5.171156949,0.844904696161984,0.620293351732969,0.277349693055528,0.192306703165898,2.05990701997781e-06,0.333084662904416,1.51115359637141,1
"080603A",1.69,1.77815125038364,-10.695921119596,3.73852616692566,1.20604909239641,0.90574028184772,2.00530989047766,NA,NA,NA,NA,5.171156949,0.764855445129845,0.649598016777649,0.283762204668398,0.196920393366508,2.27141050605243e-06,0.363719282878789,2.74538735893553,1
"080603B",2.6893,1.77815125038364,-10.6233813083771,3.91194960677745,1.34507228609575,0.882738443144279,1.98049450677552,-5.61978875828839,1.21,21.3161150861621,0.544068044350276,5.171156949,0.744368919529571,0.605201623334486,0.264628858424407,0.197817305138437,3.22326426021784e-06,0.330931466610164,3.40866123580092,1
"081228A",3.44,0.477121254719662,-10.8750132016766,3.38118395973577,1.30027915398102,0.941183330074743,2.00384693353682,-7.05060999335509,2.1,21.1693602061994,-0.221848749616356,5.171156949,0.762888972612087,0.638676195187086,0.27786112002877,0.210147621136552,1.00085013688392e-06,0.418156116489414,1.7854224369496,1
"090313A",3.38,1.89387267879508,-10.2916980617426,3.63482091771727,1.18251337653882,0.923633879357445,1.9707534977371,-5.85387196432176,1.91,22.4411576287856,-0.0969100130080563,5.171156949,0.793718806105817,0.605438514527348,0.282073717746858,0.195389757887318,3.46361212054149e-06,0.378488282003861,4.9708562026161,1
"090726A",2.71,1.77305469336426,-10.6153586557152,3.56856366633087,1.25086987324864,0.95537769672947,2.00665805448909,-6.06550154875643,2.25,22.0268926446161,-0.154901959985743,5.171156949,0.777195177129161,0.625659349945523,0.287859866692389,0.206002744299082,1.8890686031375e-06,0.383541116608922,2.73184611228914,1
"091024A",1.09,1.99519629159718,-10.2048321049238,3.80119318627547,1.51753718130589,0.892041451449135,1.93954462751294,-5.21467016498923,1.2,22.2351242640195,0.301029995663981,5.171156949,0.801362715979047,0.61216342663035,0.277009331144064,0.185978328458134,5.65879871251733e-06,0.287248481933438,5.71332867591468,1
"000926A",2.04,1.39794000867204,-10.8605261040488,4.23118097454324,1.75943237017218,0.916599497951259,2.01110746587042,NA,NA,NA,NA,5.171156949,0.827660020283902,0.65389439792829,0.293384266877723,0.19416267362819,2.64127374343558e-06,0.318835383125333,1.83780372534016,1
"970508A",0.83,1.12057393120585,-11.2915218298013,4.62003633362784,1.46015725712989,0.868082342816862,1.93822605882503,NA,NA,NA,NA,5.171156949,0.80752163501987,0.652792575964957,0.293291217842421,0.210423580194429,2.02153911974151e-06,0.42713008420145,1.33236962074915,1
