"","log10NH","log10PeakFlux","PhotonIndex","log10Ta","log10T90","log10Fa","Alpha","Beta","Gamma","log10Fluence","log10NHSqr","log10PeakFluxSqr","PhotonIndexSqr","log10TaSqr","log10T90Sqr","log10FaSqr","AlphaSqr","BetaSqr","GammaSqr","log10FluenceSqr","log10T90Err","log10FaErr","log10TaErr","AlphaErr","BetaErr","log10FluenceErr","PhotonIndexErr","log10PeakFluxErr","GRB","Redshift_crosscheck","log10z"
"050315A",21.91683806,0.285557309,2.11,4.86356,1.980457892,-11.3757179,1.10818,0.856,1.99544,-5.492144128,480.347790548265,0.0815429767233215,4.4521,23.6542158736,3.92221346198508,129.40695774038,1.2280629124,0.732736,3.9817807936,30.1636471227249,0.0636907468763651,0.03245,0.04512,0.049165,0.001,0.019691613,0.09,0.04950507,"050315A",1.949,0.469674772551798
"050318A",20.92661714,0.499687083,1.9,4.132084541,1.505149978,-11.15490196,1.874408221,0.95,1.98053,-5.966576245,437.923304924142,0.249687180917049,3.61,17.0741226539712,2.2654764562734,124.431837737212,3.51340617895238,0.9025,3.9224990809,35.6000320873983,0.148833498209321,0.06181969,0.043780336,0.085906519,0.037,0.030963588,0.1,0.027486993,"050318A",1.44,0.387389826338729
"050319A",20.93735437,0.181843588,2.02,3.73997,2.183383742,-10.70553377,0.863159,0.971,2.01045,-5.882728704,438.372808014958,0.0330670904967137,4.0804,13.9873756009,4.76716456482992,114.60845330061,0.745043459281,0.942841,4.0419092025,34.6064970048655,0.0311909396976911,0.04165,0.06193,0.034558,0.009,0.049065331,0.19,0.060001211,"050319A",3.24,0.627365856592733
"050401A",22.12570242,1.029383778,1.4,3.12435,1.506369717,-9.653647026,0.984108,0.9995,1.78711,-5.085128182,489.546707578394,1.05963096240955,1.96,9.7615629225,2.26914972429466,93.1929009025986,0.968468555664,0.99900025,3.1937621521,25.8585286273706,0.00846336277739286,0.019455,0.02833,0.0260615,0.0174145,0.016167167,0.07,0.037341208,"050401A",2.9,0.591064607026499
"050505A",22.23063027,0.267171728,1.41,4.270583544,1.770115295,-11.04817696,1.462094791,0.973,2.01835,-5.603800653,494.20092220144,0.071380732242506,1.9881,18.2378838062836,3.13330815759294,122.062214139475,2.13772117786933,0.946729,4.0737367225,31.4025817585632,0.0504266082569071,0.03272177,0.030067592,0.035926291,5e-04,0.031220366,0.12,0.07277367,"050505A",4.27,0.721810615212547
"050730A",21.73850309,-0.259637311,1.53,4.05018,2.194514342,-10.09854168,2.38763,0.5615,1.6177,-5.623423043,472.562516593939,0.0674115332633107,2.3409,16.4039580324,4.81589319724369,101.980544062697,5.7007770169,0.31528225,2.61695329,31.6228867205434,0.0500432094216776,0.0266,0.017795,0.0538,0.000210492,0.027736454,0.11,0.110547686,"050730A",3.967,0.696094159995223
"050802A",21.25883595,0.439332694,1.54,3.63973,1.477121255,-10.28650946,1.44729,0.8585,1.8557,-5.698970004,451.938105949012,0.193013216017298,2.3716,13.2476344729,2.18188720197277,105.812276870669,2.0946483441,0.73702225,3.44362249,32.4782591064918,0.14763173580347,0.0275,0.0326,0.03274,0.002369606,0.034092117,0.13,0.069487117,"050802A",1.7102,0.433001340945038
"050803A",21.34755638,-0.017728767,1.38,4.21721,1.943988875,-10.86012091,1.52234,1.218,2.11696,-5.66756154,455.718163397279,0.000314309179340289,1.9044,17.7848601841,3.77909274612377,117.942226179819,2.3175190756,1.483524,4.4815196416,32.1212538096872,0.0515724807527089,0.0489,0.04766,0.048695,0.22485626,0.027269654,0.11,0.049762909,"050803A",3.5,0.653212513775344
"050824A",20.9708274,-0.301029996,2.76,5.08558,1.353723938,-12.23882419,0.954481,0.86,1.94709,-6.575118363,439.775601840591,0.09061905849176,7.6176,25.8631239364,1.83256850031423,149.788817553729,0.911033979361,0.7396,3.7911594681,43.2321814874598,0.0782985476819812,0.06855,0.12722,0.0899785,0.01,0.084899673,0.38,0.130288345,"050824A",0.8278,0.261928672990642
"060115A",21.43355223,-0.060480747,1,3.69688,2.144885418,-11.29499204,0.889919,1,2.10553,-5.76700389,459.397161196138,0.00365792075767801,1,13.6669217344,4.60053345634903,127.576845183663,0.791955826561,1,4.4332565809,33.2583338672751,0.0469357822743554,0.0812,0.123015,0.053884,0.085,0.038096007,0.303030303,0.059902687,"060115A",3.53,0.656098202012832
"060124A",21.9172644,-0.050609993,1.84,4.47599,1.134495856,-10.6893,1.3641,0.99,2.00895,-6.336299075,480.366478779507,0.00256137139146005,3.3856,20.0344864801,1.28708084728117,114.26113449,1.86076881,0.9801,4.0358801025,40.1486859678459,0.0416381769095578,0.04445,0.036665,0.01627,0.076380116,0.049929734,0.19,0.087834839,"060124A",2.296,0.517987203025078
"060206A",22.33966406,0.445604203,1.2,3.93814,0.880241776,-10.63078414,1.17565,1.265,2.20424,-6.080398976,499.060590313656,0.198563105731265,1.44,15.5089466596,0.774825584215634,113.013571431276,1.3821529225,1.600225,4.8586739776,36.9712517073418,0.110636974360534,0.07055,0.07444,0.02867,0.013041887,0.021949902,0.181818182,0.026462388,"060206A",4.048,0.703119346236078
"060210A",22.3877421,0.434568904,1.53,4.15028,2.40654018,-10.66756154,1.20511,0.979,2.08163,-5.11577123,501.210996336112,0.188850132323761,2.3409,17.2248240784,5.79143563795443,113.796869209687,1.4522901121,0.958441,4.3331834569,26.1711152776957,0.207740121229715,0.0292,0.030365,0.02297,0.083622271,0.023188831,0.09,0.044706785,"060210A",3.91,0.691081492122968
"060306A",21.61973178,0.775974331,1.8,3.61496,2.13255996245349,-10.70553377,1.03794,0.76,2.28823,-5.671620397,467.412802239142,0.602136162370898,3.24,13.0679358016,4.54781199345965,114.60845330061,1.0773194436,0.5776,5.2359965329,32.1672779276664,0.011262218728324,0.03495,0.04452,0.02498,0.01,0.01457843,0.060606061,0.0488439909307915,"060306A",1.559,0.408070285887185
"060418A",21.65363309,0.814247596,1.7,3.11887,2.158362492,-9.792961075,1.47655,0.98,1.94118,-5.079354999,468.879825996343,0.662999147591779,2.89,9.7273500769,4.65852864687245,95.9020866164651,2.1801999025,0.9604,3.7681797924,25.7998472058663,0.136485588124709,0.04904,0.057245,0.044705,0.005,0.013190457,0.06,0.023313354,"060418A",1.489,0.396024896608593
"060526A",21.51361441,0.222716471,2.01,3.8752,2.47444938,-11.3053948,1.05873,0.93,1.90677,-5.899629455,462.83560498216,0.0496026264546938,4.0401,15.01717504,6.12289973418238,127.811951583867,1.1209092129,0.8649,3.6357718329,34.8056277063036,0.0335716198838349,0.06785,0.09216,0.0623145,0.0305,0.056871896,0.24,0.046810184,"060526A",3.221,0.625415352154408
"060604A",21.99003057,-0.468521083,2.01,4.45991,1.977723605,-11.76955108,1.21596,1.02,2.1711,-6.395773947,483.561444469534,0.219512005215493,4.0401,19.8907972081,3.9113906577742,138.522332624729,1.4785587216,1.0404,4.71367521,40.905924381124,0.0777158547080599,0.04195,0.04994,0.04695,0,0.11451546,0.42,0.166053773,"060604A",2.1357,0.496334505996816
"060605A",21.77333803,-0.337242168,1.55,4.04162,2.059904056,-11.26121944,1.9179,0.835,2.02128,-6.156767222,474.078248968644,0.11373227987734,2.4025,16.3346922244,4.24320471992525,126.815063275834,3.67834041,0.697225,4.0855728384,37.9057826258936,0.132471980179598,0.05315,0.037375,0.085,0.10149311,0.056078197,0.2,0.113294213,"060605A",3.78,0.679427896612119
"060614A",20.51216256,1.06069784,2.02,5.03344,2.036229544,-11.78251606,1.9453,0.783,1.89544,-4.690369833,420.748812887866,1.12507990778067,4.0804,25.3355182336,4.14623075585845,138.827684704158,3.78419209,0.613089,3.5926927936,21.9995691703164,0.0132262962944593,0.0429,0.0289,0.05983,0.006,0.007727887,0.04,0.027945906,"060614A",0.125,0.0511525224473813
"060707A",21.20847898,0.004321374,0.6,3.5545,1.820857989,-10.9132,0.861995,1.12,2.09345,-5.795880017,449.799580645102,1.8674273247876e-05,0.36,12.63447025,3.31552381610512,119.09793424,0.743035380025,1.2544,4.3825329025,33.5922251714599,0.0414232996019404,0.07695,0.127895,0.0364485,0.035,0.040986542,0.363636364,0.098898743,"060707A",3.425,0.645913275033844
"060708A",20.79066861,0.28780173,1.68,3.50569,1.008600172,-10.86966623,1.12969,1.485,2.20484,-6.306273051,432.251901250839,0.0828298357909929,2.8224,12.2898623761,1.01727430695843,118.149643951602,1.2761994961,2.205225,4.8613194256,39.7690797937688,0.153333382237578,0.06115,0.062725,0.028525,0.33410152,0.032528129,0.12,0.031340839,"060708A",1.92,0.465382851448418
"060714A",22.0125926,0.10720997,1.93,3.73449,2.060660074,-10.86012091,1.20488,0.87,2.04425,-5.548213564,484.554232973575,0.0114939776674009,3.7249,13.9464155601,4.24631994057768,117.942226179819,1.4517358144,0.7569,4.1789580625,30.7826737517536,0.0344798070207195,0.0352,0.046765,0.035305,0.005,0.025627978,0.11,0.044108033,"060714A",2.711,0.569490954348783
"060729A",20.86562801,0.068185862,1.75,5.1057,2.062017599,-11.15058059,1.35481,1.317,1.92492,-5.583359493,435.374432251696,0.00464931177668304,3.0625,26.06817249,4.25191657858572,124.335447494085,1.8355101361,1.734489,3.7053170064,31.1739032280732,0.127647038192483,0.0116,0.012825,0.013425,0.077392286,0.035109631,0.14,0.048254942,"060729A",0.54,0.187520720836463
"060814A",22.00679538,0.861534411,1.53,4.22387,2.162265614,-10.91009489,1.29504,0.97,2.11591,-4.835647144,484.299042897189,0.742241541337117,2.3409,17.8410777769,4.6753925854868,119.030170508804,1.6771286016,0.9409,4.4770751281,23.3834833012754,0.0146412491965932,0.0353,0.034855,0.024565,0,0.007109341,0.03,0.017323989,"060814A",1.9229,0.465813957269479
"060906A",22.41960057,0.294466226,2.03,4.33479,1.638489257,-11.8827287,1.71887,1.06,2.07859,-5.655607726,502.638489718344,0.0867103582546831,4.1209,18.7904043441,2.68464704530441,141.199241357804,2.9545140769,1.1236,4.3205363881,31.9858987503909,0.0815374132437055,0.08845,0.072145,0.169635,0.005,0.026725814,0.11,0.061727135,"060906A",3.686,0.670802284260944
"060908A",21.80952201,0.481442629,1,2.81918,1.285557309,-9.627087997,1.38309,1.185,2.13395,-5.552841969,475.655250304674,0.231787005018432,1,7.9477758724,1.65265759472332,92.6808233019815,1.9129379481,1.404225,4.5537426025,30.8340539326878,0.0299356101990356,0.045185,0.05993,0.04964,0.003474954,0.017216674,0.181818182,0.035832878,"060908A",1.8836,0.459935016851525
"060926A",22.50004427,0.037426498,2.54,3.351,0.903089987,-10.84771166,1.45111,1.357,2.00443,-6.659555885,506.25199215196,0.001400742752544,6.4516,11.229201,0.81557152461966,117.6728482585,2.1057202321,1.841449,4.0177396249,44.3496845854381,0.0658325115034435,0.08245,0.09927,0.11561,0.009157091,0.049576996,0.23,0.055780943,"060926A",3.2,0.6232492903979
"060927A",22.10710478,0.431363764,0.9,3.15198,1.352953912,-10.77728353,1.39098,0.83,1.94856,-5.946921557,488.724081753899,0.186074696892248,0.81,9.9349779204,1.8304842879961,116.149840286009,1.9348253604,0.6889,3.7968860736,35.3658760051113,0.0249377639674928,0.08115,0.108435,0.118785,0.178498106,0.026134535,0.242424242,0.027344467,"060927A",5.47,0.8109042806687
"061121A",21.75351565,1.324282455,1.41,3.78753,1.90982337,-10.03011836,1.35185,0.9485,1.90181,-4.863279433,473.215443134795,1.75372402062083,1.9881,14.3453835009,3.64742530459816,100.603274315609,1.8274984225,0.89965225,3.6168812761,23.6514868434408,0.246558916936231,0.01265,0.01703,0.01585,0.002358211,0.006308365,0.03,0.009468031,"061121A",1.314,0.364363354615731
"070110A",21.3989672,-0.22184875,1.58,4.26825,1.946550511,-11.04866248,1.42725,1.186,2.08596,-5.790484985,457.915797226676,0.0492168678765625,2.4964,18.2179580625,3.78905889187436,122.07294259696,2.0370425625,1.406596,4.3512291216,33.5297163615105,0.0711120769415451,0.05475,0.053995,0.046555,0.12166788,0.028952965,0.12,0.086858896,"070110A",2.352,0.525304009958239
"070208A",21.8647258,-0.045757491,1.94,3.44468,1.806179974,-10.86327943,1.2125,1.14,2.20341,-6.351639989,478.066234309186,0.00209374798261508,3.7636,11.8658203024,3.26228609847864,118.010839974261,1.47015625,1.2996,4.8550156281,40.3433305498639,0.153546286600926,0.1619,0.14114,0.06357,0.015,0.098570208,0.36,0.106160873,"070208A",1.165,0.335457900689384
"070223A",21.70173804,-0.161150909,1.85,4.22335,1.9408513687054,-11.86327943,0.991734,1.03,2.25837,-5.769551079,470.965433956783,0.0259696154715263,3.4225,17.8366852225,3.76690403540562,140.737398834261,0.983536326756,1.0609,5.1002350569,33.2877196531901,0.0402373538487879,0.16615,0.203105,0.079308,0.06,0.018572476,0.072727273,0.130844061722848,"070223A",1.6295,0.419873175149476
"070306A",22.44245468,0.609594409,1.66,4.86926,2.321184027,-11.2737,1.89982,0.831,1.94468,-5.269217724,503.663772063854,0.371605343484059,2.7556,23.7096929476,5.38789528719994,127.09631169,3.6093160324,0.690561,3.7817803024,27.7646554229157,0.134263479640872,0.0335,0.02824,0.06188,0.001,0.02308703,0.1,0.022408315,"070306A",1.4959,0.397227181043161
"070508A",21.89306622,1.382017043,1.1,3.02525,1.320146286,-9.161150909,1.37377,0.764,1.82568,-4.707743929,479.306348513305,1.90997110714246,1.21,9.1521375625,1.74278621643959,83.9266859774715,1.8872440129,0.583696,3.3331074624,22.1628529010364,0.0152922340458476,0.010795,0.01189,0.013355,5e-04,0.006049102,0.060606061,0.010992516,"070508A",0.82,0.260071387985075
"070521A",22.27524914,0.814913181,1.1,3.55243,1.57863921,-10.01233374,1.44502,0.98,2.00022,-5.096367484,496.186724249071,0.664083492567539,1.21,12.6197589049,2.49210175534942,100.246826921142,2.0880828004,0.9604,4.0008800484,25.9729615319725,0.0323072045959819,0.04901,0.04844,0.0562,0.147518075,0.009596769,0.121212121,0.017957046,"070521A",2.0865,0.489466281303128
"070529A",22.56252244,0.155336037,1.34,3.09323,2.038222638,-10.24641694,1.21432,0.76,1.97999,-5.590066877,509.067418855503,0.0241292843908654,1.7956,9.5680718329,4.15435152205568,104.989060108319,1.4745730624,0.5776,3.9203604001,31.2488476893325,0.0794726286723922,0.0552,0.068045,0.03501,0.015,0.041401614,0.16,0.109332877,"070529A",2.4996,0.544018407858776
"070802A",21.91375294,-0.397940009,1.79,3.92184,1.214843848,-11.6716204,1.16348,0.78,1.99014,-6.552841969,480.212567915359,0.15835625076292,3.2041,15.3808289856,1.47584557502345,136.226722761696,1.3536857104,0.6084,3.9606572196,42.9397378706878,0.079968777148268,0.17395,0.236245,0.2088785,0.045,0.077552586,0.27,0.108573621,"070802A",2.45,0.537819095073274
"071003A",20.86974084,0.799340549,1.36,4.78411,2.170643023,-11.67760082,1.97901,0.837,1.91015,-5.080921908,435.546082728764,0.638945313275621,1.8496,22.8877084921,4.71169113329858,136.366360911265,3.9164805801,0.700569,3.6486730225,25.8157674351944,0.0131768929142836,0.1359,0.098505,0.183105,0.032,0.015697391,0.07,0.027574253,"071003A",1.60435,0.415699348887829
"071020A",20.99642367,0.924279286,1.11,2.311950854,0.62324929,-9.169411331,1.119196934,0.844,1.59788,-5.638272164,440.849806930136,0.85429219852867,1.2321,5.34511675131133,0.388439677485504,84.0781041570712,1.252601777075,0.712336,2.5532204944,31.7901129953372,0.0601790285006581,0.035099822,0.039262062,0.011153209,0.001,0.018882369,0.05,0.015510517,"071020A",2.145,0.497620649781288
"071117A",22.04291793,1.053078443,1.57,3.901990464,0.819543936,-11.23542972,1.104952391,0.94,2.0457,-5.619788758,485.890230868716,1.1089742071113,2.4649,15.2255295811469,0.671652263034372,126.234880993059,1.22091978637662,0.8836,4.18488849,31.5820256845432,0.120079755643196,0.101024385,0.117162967,0.089387802,0.01,0.018095603,0.06,0.015373256,"071117A",1.331,0.367542273520577
"080310A",20.89722339,0.113943352,2.32,4.32608056,2.560456622,-11.3990271,1.59590648,0.878,2.09352,-5.638272164,436.693945411563,0.0129830874649959,5.3824,18.7149730116099,6.55593811314365,129.937818826534,2.54691749290599,0.770884,4.3828259904,31.7901129953372,0.0207895824764161,0.04247343,0.03798676,0.065276352,0.0375,0.037764738,0.16,0.066814536,"080310A",2.42,0.534026106056135
"080411A",21.57289018,1.635483747,1.75,4.20932562,1.748188027,-10.11350927,1.28909841,0.91,1.97674,-4.578396073,465.38959071834,2.67480708670116,3.0625,17.7184221751884,3.05616137774615,102.283069754376,1.66177471066453,0.8281,3.9075010276,20.9617106012618,0.00776276208190557,0.06043543,0.049275581,0.010296793,0,0.001645055,0.03,0.009047802,"080411A",1.03,0.307496037913213
"080516A",22.03528962,0.255272505,1.82,3.77452827,0.763427994,-11.12090412,0.94016916,1.48,2.3315,-6.585026652,485.55398863728,0.065164051808975,3.3124,14.2470636610292,0.582822302022864,123.674508446233,0.883918049415106,2.1904,5.43589225,43.3625760075503,0.0159503209161228,0.077803665,0.111057696,0.084888358,0.03,0.066814536,0.27,0.072382414,"080516A",3.2,0.6232492903979
"080607A",22.38386741,1.36361198,1.31,3.46298403,1.899984563,-10.0540393,1.7256074,1.06,2.03418,-4.619788758,501.03752022846,1.85943763199952,1.7161,11.992258392035,3.6099413396383,101.083706245944,2.97772089893476,1.1236,4.1378882724,21.3424481685432,0.0179615292332226,0.11042072,0.069659314,0.037637388,0.02,0,0.04,0.02068069,"080607A",3.036,0.605951157564873
"080710A",20.89722339,0,1.47,4.09266933,2.077948999,-11.23284413,1.52133785,1.3,2.00149,-5.853871964,436.693945411563,0,2.1609,16.7499422447226,4.3178720424451,126.176787248875,2.31446885384262,1.69,4.0059622201,34.2678169709052,0.063286086716648,0.06269498,0.054210787,0.06401643,0.150517844,0.062042069,0.23,0.086858896,"080710A",0.845,0.265996370495079
"080810A",21.45079548,0.301029996,1.34,3.2687548,2.03666881,-9.931814138,1.44529526,1.079,2.11482,-5.337242168,460.136626724788,0.09061905849176,1.7956,10.684757942523,4.14801984162682,98.6409320717767,2.08887838857847,1.164241,4.4724636324,28.4861539598773,0.0173110727824034,0.031830706,0.039738688,0.036139295,0.0015,0.018882369,0.06,0.043429448,"080810A",3.35,0.638489256954637
"080928A",21.51035195,0.322219295,1.77,4.08450503,2.368584372,-11.1260984,1.76031774,0.99,2.13864,-5.602059991,462.695241012869,0.103825274070297,3.1329,16.6831813400953,5.61019192728263,123.790065606483,3.09871854575871,0.9801,4.5737810496,31.3830761427629,0.0386609346233468,0.064484035,0.047916769,0.075970735,0,0.034743559,0.12,0.02068069,"080928A",1.692,0.430075055551939
"081007A",21.69605744,0.414973348,2.51,3.58176278,0.958563883,-10.58502665,1.00469263,0.92,2.102,-6.148741651,470.718908439779,0.172202879550329,6.3001,12.8290246121933,0.918844717792038,112.04278918121,1.00940728077632,0.8464,4.418404,37.8070238907422,0.140327919478768,0.053161115,0.084284398,0.039134851,0.005,0.048934589,0.2,0.066814536,"081007A",0.5295,0.184549481320698
"081008A",21.1376737,0.113943352,1.69,3.85550833,2.268297087,-10.79317412,1.47398467,0.84,1.98207,-5.366531544,446.801249447672,0.0129830874649959,2.8561,14.8649444826994,5.14517167489269,116.492607584638,2.17263080739501,0.7056,3.9286014849,28.799660812747,0.0944643171466364,0.06052989,0.056285684,0.063988679,0.025,0.020199743,0.07,0.033407268,"081008A",1.9685,0.472537053262077
"081029A",21.49704581,-0.301029996,1.43,4.48156171,2.431283332,-11.86327943,2.51960373,0.87,1.95818,-5.677780705,462.122978557239,0.09061905849176,2.0449,20.0843953605381,5.91113864046102,140.737398834261,6.34840295622991,0.7569,3.8344689124,32.2371937340703,0.0734942688403521,0.083250805,0.04285341,0.169198521,0.001,0.041361379,0.18,0.173717793,"081029A",3.8479,0.685553652846326
"081221A",21.57331844,1.260071388,1.21,2.93195749,1.531478917,-9.354577731,1.23586126,0.991,2.4947,-4.742321425,465.408068513644,1.58777990285625,1.4641,8.5963747231671,2.34542767321549,87.5081245253211,1.52735305396879,0.982081,6.22352809,22.489612498014,0.0102431891789539,0.0249855,0.031176651,0.012861856,5e-04,0.007198251,0.13,0.011931167,"081221A",2.26,0.513217600067939
"081230A",20.67248024,-0.15490196,1.97,3.66959365,0.907209226455443,-11.32975415,0.99376498,1.02,2.08621,-6.086186148,427.35143927319,0.0239946172118416,3.8809,13.4659175561203,0.823028580565884,128.363329099442,0.9875688354744,1.0404,4.3522721641,37.0416618281071,0.740704337003765,0.0701444,0.08735027,0.040381418,0.02,0.02568693,0.096969697,0.142225970771007,"081230A",2.1,0.491361693834273
"090102A",21.72376179,0.740362689,1.36,3.15380077,1.432006687,-9.457174573,1.42487631,0.667,1.76997,-7.167491087,471.921826308664,0.548136911263311,1.8496,9.94645929685259,2.05064315161272,89.4381509041977,2.03027249879922,0.444889,3.1327938009,51.3729284822244,0.0359770577590371,0.036239983,0.041590346,0.021786596,0.002673458,0.019160051,0.08,0.063170107,"090102A",1.547,0.406028944963615
"090205A",21.81792086,-0.301029996,2.15,3.70655,0.944482672,-11.3419886,1.29089,1.01,2.03416,-6.721246399,476.021670653223,0.09061905849176,4.6225,13.7385129025,0.89204751770826,128.64070540253,1.6663969921,1.0201,4.1378069056,45.1751531560705,0.0885407574117407,0.13445,0.114585,0.084185,0.025,0.068572813,0.23,0.086858896,"090205A",4.6497,0.752025387323213
"090423A",22.7516324,0.230448921,0.8,3.91521772,0.989894564,-11.2798407,1.43267533,0.77,1.8158,-6.229147988,517.63677686473,0.0531067051900642,0.64,15.328929795002,0.97989124783675,127.234806217376,2.05255860119061,0.5929,3.29712964,38.8022846564045,0.047195797531391,0.08569564,0.077643595,0.064053366,0.005,0.029443694,0.5,0.051093469,"090423A",8.26,0.966610986681934
"090424A",21.63012977,1.851258349,1.19,2.99599056,1.681241237,-9.050609993,1.1284106,0.924,1.96315,-4.677780705,467.86251386704,3.42715747474221,1.4161,8.97595943560911,2.82657209698929,81.9135412453915,1.27331048219236,0.853776,3.8539579225,21.8816323240703,0.0205611924585667,0.011257098,0.013394814,0.005546887,0,0,0.15,0.012233647,"090424A",0.544,0.188647295999717
"090519A",22.13069392,-0.22184875,1.02,3.44619,1.806179974,-11.76000021,1.42452,0.63,1.46604,-5.920818754,489.767613380725,0.0492168678765625,1.0404,11.8762255161,3.26228609847864,138.2976049392,2.0292572304,0.3969,2.1492732816,35.0560947177181,0.0559162050267847,0.21145,0.24029,0.3065,0.03,0.036191207,0.2,0.144764827,"090519A",3.85,0.685741738602264
"090529A",20.95374423,-0.397940009,2,4.472757799,1.837651558,-12.1873998,0.8815438,0.64,2.22623,-6.167491087,439.059397256258,0.15835625076292,4,20.0055623285153,3.37696324861983,148.53271388504,0.77711947131844,0.4096,4.9561000129,38.0379463082244,0.0664439832683159,0.11547934,0.21900534,0.113675222,0.125,0.10857362,0.3,0.108573621,"090529A",2.625,0.559308010907013
"090530A",20.90942658,0.397940009,1.61,3.6839464,1.681241237,-11.16052195,0.88610581,1.09,2.03975,-5.958607315,437.204119904411,0.15835625076292,2.5921,13.571461078073,2.82657209698929,124.557250196432,0.785183506515756,1.1881,4.1605800625,35.5050011343715,0.323703994876218,0.089175625,0.115365029,0.038514202,0.035,0.039481317,0.17,0.052115338,"090530A",1.266,0.355259905527378
"090618A",21.39200012,1.589949601,1.42,3.67275453,2.05388479,-9.640164518,1.30942861,0.8945,1.82831,-3.978810701,457.61766913408,2.52793973372006,2.0164,13.4891258376355,4.21844273059334,92.9327719341062,1.71460328468653,0.80013025,3.3427174561,15.8309345943921,0.00227692361547263,0.009695255,0.014245613,0.010591616,0.002482662,0.004136138,0.08,0.008931506,"090618A",0.54,0.187520720836463
"090809A",21.91952315,0.041392685,1.34,4.56066,0.73239376,-11.8559,1.6367,0.96,1.94644,-6.468521083,480.465495123386,0.00171335437150922,1.7956,20.7996196356,0.536400619686938,140.56236481,2.67878689,0.9216,3.7886286736,41.8417650012155,0.0978170519448906,0.338,0.237865,0.319405,0.01,0.063866836,0.24,0.078962633,"090809A",2.737,0.572523097849638
"090812A",21.77771022,0.556302501,1.24,3.52924,1.824125834,-10.16730017,1.37252,0.53,1.88559,-5.236572006,474.268662426292,0.309472472618855,1.5376,12.4555349776,3.3274350582662,103.373992746882,1.8838111504,0.2809,3.5554496481,27.4216863740229,0.0954430381608785,0.10615,0.13258,0.08412,0.015,0.014975672,0.05,0.024127471,"090812A",2.452,0.538070787043172
"090927A",21.01785522,0.301029996,1.8,4.20121889,0.342422681,-11.6716204,1.13087741,0.92,2.06549,-6.698970004,441.750238048881,0.09061905849176,3.24,17.6502401616928,0.117253292463228,136.226722761696,1.27888371644831,0.8464,4.2662489401,44.8761991144918,0.0791400972158072,0.076268475,0.093241949,0.074843971,0.01,0.065144172,0.2,0.043429448,"090927A",1.37,0.374748346010104
"091018A",21.19187281,1.012837225,1.77,2.89655535,0.639486489,-9.627087997,1.18074867,0.91,1.98015,-5.853871964,449.095473195217,1.0258392443457,3.1329,8.39003289561362,0.408942969613547,92.6808233019815,1.39416742170677,0.8281,3.9209940225,34.2678169709052,0.0598714492362227,0.024288603,0.034497878,0.016335114,0.002061639,0.031021034,0.24,0.016865805,"091018A",0.971,0.294686624279443
"091020A",21.70587483,0.62324929,1.53,2.95265011,1.590061231,-9.71219827,1.17417264,0.895,2.08587,-5.431798276,471.145002135627,0.388439677485504,2.3409,8.71814267208301,2.52829471832924,94.326795235791,1.37868138852457,0.801025,4.3508536569,29.5044325111566,0.0544128110188212,0.034480687,0.045271255,0.018244861,0.002182887,0.011737689,0.07,0.031021034,"091020A",1.71,0.432969290874406
"091029A",21.45058625,0.255272505,1.46,4.30368998,1.593286067,-11.34678749,1.12123368,1.064,2.11535,-5.619788758,460.127650468689,0.065164051808975,2.1316,18.5217474439524,2.53856049129633,128.74958634322,1.25716496516634,1.132096,4.4747056225,31.5820256845432,0.0535069670717355,0.02563352,0.034224003,0.026782025,0.002,0.018095603,0.27,0.024127471,"091029A",2.752,0.574262829707027
"091127A",20.87872913,1.667452953,2.05,3.98466812,0.84260924,-9.844663963,1.39581701,0.758,1.80187,-5.045757491,435.921330083911,2.78039935046842,4.2025,15.8775800265443,0.709990331333378,96.9174085443909,1.94830512540534,0.574564,3.2467354969,25.4596686579826,0.0093822306004846,0.018562516,0.021935207,0.013587309,0.00244132,0.014476483,0.07,0.025217099,"091127A",0.49,0.173186268412274
"050416A",21.75162856,0.688419822,3.08,2.99481,0.397940009,-10.5559552,0.842217,0.9,2.06183,-6.435333936,473.133345012208,0.473921851322512,9.4864,8.9688869361,0.15835625076292,111.428190184407,0.709329475089,0.81,4.2511429489,41.4135228678333,0.0771432232434421,0.0484,0.070765,0.0149485,0.005,0.043784457,0.22,0.04271749,"050416A",0.6528,0.218220304175545
"050820A",21.61964524,0.389166084,1.25,3.750945731,1.414973348,-10.01818139,1.136499703,0.9,1.96878,-5.463441557,467.409060303455,0.151450240935895,1.5625,14.0695938769071,2.00214957555033,100.363958362942,1.29163157491909,0.81,3.8760946884,29.8491936467546,0.378773543191014,0.266741013,0.238477529,0.012525701,0.0405,0.030552112,0.12,0.040770502,"050820A",2.6147,0.558072259099146
"050922C",21.44930866,0.860936621,1.37,2.52429,0.653212514,-9.477555766,1.22035,1.064,2.2119,-5.790484985,460.072841991951,0.741211865378898,1.8769,6.3720400041,0.4266865884462,89.8240632976399,1.4892541225,1.132096,4.89250161,33.5297163615105,0.0434736058796182,0.03194,0.034305,0.013275,0.013,0.014476483,0.06,0.019142456,"050922C",2.198,0.504878459410216
"051016B",21.71466751,0.113943352,2.4,4.25742,0.602059991,-11.59006688,1.14771,0.73,1.89482,-6.769551079,471.52678506985,0.0129830874649959,5.76,18.1256250564,0.36247623276292,134.329650282873,1.3172382441,0.5329,3.5903428324,45.8268218111901,0.0509829166339321,0.04535,0.058175,0.04854,0.005,0.056202815,0.23,0.053451629,"051016B",0.9364,0.286995073968852
"051109A",21.97057233,0.595496222,1.51,3.91123,1.57054294,-10.51999306,1.22299,1.06,2.06584,-5.657577319,482.706048507762,0.354615750416273,2.2801,15.2977201129,2.46660512638384,110.670253982448,1.4957045401,1.1236,4.2676949056,32.0081811204632,0.0827679937346041,0.04815,0.04637,0.019155,0.054794381,0.05369459,0.2,0.076056648,"051109A",2.346,0.524525936626376
"060223A",22.49782636,0.130333768,1.74,2.78682,1.053078443,-10.9636,1.1892,0.81,2.01015,-6.171984936,506.152190924711,0.0169868910810778,3.0276,7.7663657124,1.1089742071113,120.20052496,1.41419664,0.6561,4.0407030225,38.0933980502109,0.042104904450281,0.1982,0.23477,0.18005,0.045,0.030974941,0.12,0.057905931,"060223A",4.41,0.73319726510657
"060502A",21.45692297,0.227886705,1.46,3.3865,1.45331834,-10.55284197,0.897152,0.87,2.02719,-5.63638802,460.399543340514,0.051932350315757,2.1316,11.46838225,2.11213419738036,111.362473643793,0.804881711104,0.7569,4.1094992961,31.7688699119995,0.150287880735964,0.05675,0.075085,0.0205255,0.015,0.019176639,0.08,0.053965586,"060502A",1.5026,0.398391440229475
"060510B",22.00215742,-0.244125144,1.78,4.43617,2.43964843,-12.2656,1.00735,1.38,2.1317,-5.390405591,484.094931134461,0.0595970859330207,3.1684,19.6796042689,5.95188446200147,150.44494336,1.0147540225,1.9044,4.54414489,29.0564724354841,0.0335971369822932,0.2206,0.31628,0.2313695,0.03,0.018780302,0.08,0.083811216,"060510B",4.9,0.770852011642144
"060912A",21.36738202,0.933487288,1.74,2.455171016,0.698970004,-10.1079054,1.045731532,0.63,1.8948,-5.869666232,456.565014388619,0.871398516857595,3.0276,6.02786471780647,0.48855906649176,102.169751575349,1.09355443701907,0.3969,3.59026704,34.4529816750811,0.0503781599397554,0.147419953,0.156564864,0.028937785,0.0785,0.019945376,0.09,0.022271512,"060912A",0.937,0.287129620719111
"061222A",22.56660835,0.930949031,1.35,3.92091,1.853698212,-9.954677021,1.35061,0.86,1.92748,-5.097453221,509.25181242229,0.866666098319839,1.8225,15.3735352281,3.436197061172,99.0955945924254,1.8241473721,0.7396,3.7151791504,25.9840293402833,0.0973208922530927,0.02311,0.024435,0.018075,0.005,0.008588051,0.04,0.013237581,"061222A",2.088,0.489677291663699
"070721B",21.89473409,0.176091259,1.34,3.94739,2.531478917,-10.50863831,2.5054,0.52,1.52512,-5.443697499,479.379380871808,0.0310081314962051,1.7956,15.5818878121,6.40838550721549,110.4314791304,6.27702916,0.2704,2.3259910144,29.6338424606189,0.0272330828957319,0.3648,0.10084,0.09144,0,0.024127471,0.11,0.086858896,"070721B",3.626,0.6652056284346
"070810A",21.93100401,0.278753601,2.04,3.36583,1.041392685,-10.77728353,1.36994,1.02,2.17076,-6.161150909,480.968936886636,0.0777035700704672,4.1616,11.3288115889,1.08449872437151,116.149840286009,1.8767356036,1.0404,4.7121989776,37.9597805234715,0.197037086589132,0.06175,0.07187,0.077915,0.01,0.037764738,0.14,0.045715209,"070810A",2.17,0.501059262217751
"080319B",20.8771334,1.394451681,1.04,5.36799912,1.68090255756894,-12.15181088,1.42250979,0.73,1.81426,-4.091514981,435.854699001396,1.94449549064373,1.0816,28.8154145523208,2.82543340804182,147.666507663286,2.02353410264584,0.5329,3.2915393476,16.7404948397474,0.00162180613819454,0.097779455,0.087626454,0.075139905,0,0.00536166,0.02,0.008755937,"080319B",0.937,0.287129620719111
"080905B",22.33533151,-0.301029996,1.78,3.67820615,2.10720997,-10.11125904,1.36946226,0.375,1.86248,-5.744727495,498.867033661599,0.09061905849176,3.1684,13.5292004818978,4.4403338576674,102.237559373982,1.87542688156431,0.140625,3.4688317504,33.001893991809,0.0951998384562338,0.03236457,0.038825489,0.033301752,0.00558525,0.048254942,0.15,0.086858896,"080905B",2.374,0.528145078253106
"081028A",20.90308999,-0.301029996,1.25,4.75426,2.414973348,-11.3994,2.20023,0.945,2.51,-5.431798276,436.939171130038,0.09061905849176,1.5625,22.6029881476,5.83209627155033,129.94632036,4.8410120529,0.893025,6.3001,29.5044325111566,0.0544346314312377,0.0572,0.03025,0.054715,5e-04,0.023475377,0.38,0.086858896,"081028A",3.038,0.60616631460762
"081203A",21.66176916,0.462397998,1.54,4.02089,2.46834733,-10.9243983,1.86904,0.82,2.03508,-5.113509275,469.232243141127,0.213811908554408,2.3716,16.1675563921,6.09273854151813,119.342478217043,3.4933105216,0.6724,4.1415506064,26.147977105511,0.122562443871835,0.05695,0.03932,0.064395,0.0325,0.016920564,0.06,0.029951344,"081203A",2.1,0.491361693834273
"090418A",22.02365981,0.278753601,1.48,3.52813657,1.748188027,-10.04720756,1.52909667,0.98,2.03408,-5.337242168,485.041591426609,0.0777035700704672,2.1904,12.4477476565714,3.05616137774615,100.946379753721,2.33813662620509,0.9604,4.1374814464,28.4861539598773,0.0320230997079162,0.028659405,0.030759021,0.042154514,0.003531332,0.018882369,0.07,0.068572813,"090418A",1.608,0.416307587059883
"090516A",21.19589965,0.204119983,1.84,4.33113504,2.322219295,-11.27490548,1.76098314,0.502,2.09,-5.045757491,449.26616197287,0.0416649674599203,3.3856,18.7587307347158,5.3927024540703,127.123493582934,3.10106161936426,0.252004,4.3681,25.4596686579826,0.132356413451328,0.03779605,0.029715315,0.053351589,0.479087085,0.028952965,0.11,0.05428681,"090516A",4.109,0.708335902682263
"091109A",21.89596701,0.113943352,1.31,3.37933883,1.681241237,-11.14630179,1.06152816,0.89,1.96352,-5.795880017,479.433371303008,0.0129830874649959,1.7161,11.4199309279458,2.82657209698929,124.240043593757,1.12684203447299,0.7921,3.8554107904,33.5922251714599,0.15117163716416,0.05941034,0.074268877,0.033719571,0.03,0.05428681,0.25,0.133629071,"091109A",3.076,0.610234175334389
"091208B",21.91211094,1.181843588,1.74,3.31388094,1.173186268,-10.18045606,1.1606541,0.86,2.03333,-5.48148606,480.140605846868,1.39675426649671,3.0276,10.9818068844953,1.37636601942377,103.641685589591,1.34711793984681,0.7396,4.1344308889,30.0466894259743,0.0844607534610546,0.036806415,0.052928177,0.030502454,0.034663611,0.026320878,0.11,0.028572005,"091208B",1.063,0.314499227973151
"100316B",21.41315218,0.113943352,2.23,3.5543767,0.579783597,-11.1481304,1.36246063,1.08,2.23535,-6.698970004,458.523086283839,0.0129830874649959,4.9729,12.6335937255029,0.336149019350258,124.280811415404,1.8562989683,1.1664,4.9967896225,44.8761991144918,0.0508837165764397,0.10431242,0.207348761,0.13322096,0.02,0.043429448,0.18,0.033407268,"100316B",1.18,0.338456493604605
"100418A",21.72376179,0,2.16,5.54363,0.84509804,-12.48811664,1.81145,0.84,2.26662,-6.468521083,471.921826308664,0,4.6656,30.7318335769,0.714190697211842,155.953057214245,3.2813511025,0.7056,5.1375662244,41.8417650012155,0.059763875267383,0.10745,0.075475,0.16786,0.01,0.063866836,0.25,0.086858896,"100418A",0.6235,0.21045229296202
"100425A",20.53466438,0.146128036,2.42,3.60199415,1.568201724,-11.50168945,0.86819371,1.46,2.17077,-6.327902142,421.672441199241,0.0213534029052173,5.8564,12.9743618566342,2.45925664715657,132.288860204241,0.753760318083564,2.1316,4.7122423929,40.0423455187282,0.0442926372724909,0.070859065,0.115125536,0.055076895,0.035,0.083162773,0.32,0.062042069,"100425A",1.755,0.440121603187804
"100513A",22.05240534,-0.22184875,1.62,3.74522911,1.924279286,-11.57186521,0.96306136,1.36,2.25722,-5.853871964,486.30858127966,0.0492168678765625,2.6244,14.0267410863914,3.70285077052867,133.908064438408,0.92748718312505,1.8496,5.0950421284,34.2678169709052,0.0768849139302361,0.09817689,0.128616618,0.061569437,0.025,0.031021034,0.14,0.072382414,"100513A",4.772,0.761326322421457
"100621A",22.28454803,1.10720997,1.9,3.64164386,1.803457116,-9.804100348,0.94079321,0.27,2.3024,-4.677780705,496.601080901377,1.2259139176674,3.61,13.2615700030757,3.25245756925104,96.1203836336537,0.885091863982104,0.0729,5.30104576,21.8816323240703,0.0114965181711467,0.041282476,0.060455075,0.024177265,0.150679792,0,0.03,0.010178777,"100621A",0.542,0.188084373714938
"100704A",21.52730245,0.633468456,1.73,3.62503495,2.2955671,-10.35163999,1.01294211,1.29,2.11575,-5.22184875,463.424750773776,0.401282284747024,2.9929,13.1408783887215,5.26962831060241,107.156450482567,1.02605171821125,1.6641,4.4763980625,27.2677043678766,0.0511462884983093,0.04763446,0.053639373,0.01813996,0.01,0.014476483,0.06,0.020199743,"100704A",3.6,0.662757831681574
"100728A",21.52592288,0.707570176,1.18,4.03148606,2.297760511,-10.17587417,1.5588143,0.96,1.90402,-4.420216403,463.365355835707,0.500655553964671,1.3924,16.2528798519743,5.27970336591098,103.548415123673,2.42990202188449,0.9216,3.6252921604,19.5383130493503,0.0276692267863542,0.0760751,0.053762484,0.034265796,0.005,0,0.02,0.017031156,"100728A",1.567,0.409425868671443
"100814A",20.89608288,0.397940009,1.47,5.22729477,2.241795431,-11.49349497,1.76532941,1.1425,1.89414,-5.045757491,436.646279727829,0.15835625076292,2.1609,27.3246106124694,5.02564675445248,132.100426625415,3.11638792581095,1.30530625,3.5877663396,25.4596686579826,0.0235643330529017,0.04362636,0.035347138,0.084015169,0.01745135,0.009650988,0.04,0.034743559,"100814A",1.44,0.387389826338729
"100816A",21.34783526,1.037426498,0.73,3.97801299,0.462397998,-11.5559552,1.04455013,1.09,1.91138,-5.698970004,455.730070288099,1.07625373875254,0.5329,15.8245873486087,0.213811908554408,133.540100584407,1.09108497408302,1.1881,3.6533735044,32.4782591064918,0.0930248425840856,0.08674922,0.112014005,0.047175154,0.015,0.021714724,0.24,0.015937412,"100816A",0.804,0.256236533205923
"100901A",21.53188109,-0.096910013,1.52,4.91124,2.64246452,-11.34103516,1.50754,1.075,1.98285,-5.677780705,463.6219032739,0.00939155061966017,2.3104,24.1202783376,6.98261873945883,128.619078500356,2.2726768516,1.155625,3.9316941225,32.2371937340703,0.0223211438768381,0.0283,0.02425,0.036255,5e-04,0.062042069,0.21,0.10857362,"100901A",1.408,0.381656482585787
"100906A",21.96198081,1.004321374,1.78,3.94074768,2.058426024,-10.4698003,1.71220056,0.87,2.02817,-4.920818754,482.328601098808,1.00866142227325,3.1684,15.5294922774254,4.23711769628045,109.61671832188,2.93163075766431,0.7569,4.1134735489,24.2144572097181,0.00604043448603348,0.048743085,0.039933316,0.059340084,0,0,0.03,0.017199781,"100906A",1.727,0.43568513794163
"101219B",20.49692965,-0.22184875,1.56,4.42003952,1.531478917,-11.99567863,0.66918137,0.94,1.85684,-5.677780705,420.124125077049,0.0492168678765625,2.4336,19.5367493583618,2.34542767321549,143.896305794239,0.447803705955077,0.8836,3.4478547856,32.2371937340703,0.0692396240032236,0.089446275,0.166829365,0.039390628,0.105,0.082722758,0.16,0.217147241,"101219B",0.55,0.190331698170291
"110213A",21.56708403,0.204119983,1.83,3.84089,1.681241237,-9.896196279,1.8412,1.1905,1.96436,-5.229147988,465.139113557081,0.0416649674599203,3.3489,14.7524359921,2.82657209698929,97.9347007924934,3.39001744,1.41729025,3.8587102096,27.3439886804045,0.14476482742628,0.03588,0.023515,0.02785,0.226362665,0.029443694,0.12,0.162860431,"110213A",1.46,0.390935107103379
"110422A",22.02088312,1.487138375,0.86,3.50066971,1.413299764,-9.681936665,1.42239886,0.778,1.89199,-4.387216143,484.919293384701,2.21158054639764,0.7396,12.2546884185115,1.99741622292246,93.7398975850713,2.0232185169293,0.605284,3.5796261601,19.2476654853998,0.00950159657676303,0.024137407,0.029472713,0.022779716,0.005,0.010592548,0.1,0.0141464,"110422A",1.77,0.442479769064449
"110503A",21.13638759,0.130333768,0.88,2.54166555,1,-9.08249449,1.14649063,0.687,1.90907,-5,446.746880354706,0.0169868910810778,0.7744,6.4600637680568,1,82.4917061608804,1.3144407646778,0.471969,3.6445482649,25,0.147896600362852,0.028998071,0.028887961,0.006289914,0.001,0.017371779,0.25,0.019301977,"110503A",1.613,0.417139409727326
"110715A",22.0746007,1.731588765,1.25,2.61109719,1.113943352,-9.075720714,0.95853538,0.755,1.85342,-4.928117993,487.287996064441,2.99839965107422,1.5625,6.8178285356259,1.240869791465,82.3687064785287,0.918790074711744,0.570025,3.4351656964,24.2863469529303,0.133629071449258,0.02377653,0.035600881,0.009554076,0.0015,0.007360923,0.12,0.008863153,"110715A",0.82,0.260071387985075
"110731A",21.95954126,1.041392685,1.15,5.08952072,1.588831726,-12.08512818,1.42351927,0.39,1.85145,-5.22184875,482.221452349642,1.08449872437151,1.3225,25.9032211593093,2.52438625354414,146.05032312703,2.02640711206133,0.1521,3.4278671025,27.2677043678766,0.130539784388153,0.097418495,0.090702815,0.110855301,0.13,0.007238241,0.05,0.011844395,"110731A",2.83,0.583198773968623
"110808A",21.66176916,-0.397940009,2.32,4.50711,1.681241237,-12.08440021,0.807091,1.4,2.33721,-6.48148606,469.232243141127,0.15835625076292,5.3824,20.3140405521,2.82657209698929,146.032728435448,0.651395882281,1.96,5.4625505841,42.0096615459743,0.204728382319217,0.0837,0.155655,0.0776,0.025,0.105283511,0.43,0.217147241,"110808A",1.348,0.370698092575577
"110818A",22.06812647,0.204119983,1.58,3.84627415,2.012837225,-11.28316228,1.37167718,0.83,1.95985,-5.397940009,487.002205895915,0.0416649674599203,2.4964,14.7938248369582,4.0515136943457,127.309751036815,1.88149828613275,0.6889,3.8410120225,29.1377563407629,0.0761271870594219,0.05514905,0.059648416,0.067338189,0.01,0.021714724,0.11,0.081430215,"110818A",3.36,0.639486489268586
"111008A",22.17059025,0.806179974,1.86,3.98993393,1.802500068,-10.66756154,1.21584288,0.829,1.94053,-5.27572413,491.535072033395,0.649926150478641,3.4596,15.9195727657652,3.24900649514,113.796869209687,1.47827390884669,0.687241,3.7656566809,27.8332650958643,0.0161841207996628,0.028511085,0.035676696,0.027351291,0.001,0.024582707,0.09,0.047500959,"111008A",4.9898,0.777412321496744
"111123A",21.35034301,-0.045757491,1.68,4.42202873,2.462397998,-11.60730305,1.46723371,1.25,2.55463,-5.13667714,455.837146644656,0.00209374798261508,2.8224,19.5543380889454,6.06340390055441,134.729484094539,2.15277475976036,1.5625,6.5261344369,26.3854520405986,0.131921983937837,0.07308827,0.070655771,0.105884147,0.005,0.017847718,0.07,0.048254942,"111123A",3.1516,0.618215503279417
"111209A",21.14009932,-0.301029996,1.48,4.13326,2.505149978,-9.057000407,2.77382,0.2529,1.81212,-4.443697499,446.903799259465,0.09061905849176,2.1904,17.0838382276,6.2757764122734,82.0292563723982,7.6940773924,0.06395841,3.2837788944,19.7464474626189,0.0401068361866461,0.02099,0.010455,0.04435,5e-05,0.012063736,0.03,0.086858896,"111209A",0.677,0.224533062606086
"111228A",21.41342718,1.093421685,2.27,4.10627835,2.005180513,-10.65757732,1.15297662,0.99,2.03824,-5.070581074,458.534863593163,1.19557098122824,5.1529,16.8615218876787,4.02074888971494,113.583954331778,1.32935508626662,0.9801,4.1544222976,25.710792428007,0.023242060897345,0.030118345,0.037264425,0.023299272,0,0.010218694,0.06,0.017511874,"111228A",0.714,0.234010817587179
"120118B",21.451745,0.342422681,2.08,3.68307,1.36660971,-10.95467702,1.0241,1.01,2.20884,-5.744727495,460.177363545025,0.117253292463228,4.3264,13.5650046249,1.86762209946628,120.004948612516,1.04878081,1.0201,4.8789741456,33.001893991809,0.366834332492466,0.1172,0.131765,0.077156,0.005,0.024127471,0.11,0.059221975,"120118B",2.943,0.595826777073223
"120327A",22.16619025,0.591064607,1.52,3.48517215,1.798650645,-10.15181088,1.44859414,0.63,1.75797,-5.443697499,491.339990199195,0.349357369648064,2.3104,12.1464249151356,3.23514414275892,103.059264143286,2.09842498244234,0.3969,3.0904585209,29.6338424606189,0.051933835584684,0.04362492,0.051679097,0.058002882,0.02,0.012063736,0.06,0.022271512,"120327A",2.813,0.581266805273671
"120404A",21.70983536,0.079181246,1.85,3.79948,1.587710965,-11.02687215,1.90651,0.69,1.89579,-5.795880017,471.316951358306,0.00626966971811252,3.4225,14.4360482704,2.52082610838123,121.591909412446,3.6347803801,0.4761,3.5940197241,33.5922251714599,0.179553274179706,0.11705,0.068285,0.121385,0.005,0.027143405,0.13,0.072382414,"120404A",2.876,0.588383768378728
"120422A",20.54058972,-0.22184875,1.19,5.23266697,0.728353782,-12.73992861,0.86153199,1.1,2.32199,-6.638272164,421.91582604537,0.0492168678765625,1.4161,27.380803618929,0.530499231753704,162.305780987897,0.74223736979336,1.21,5.3916375601,44.0666573233372,0.181516258620399,0.11830242,0.217818621,0.214451933,0.035,0.075529475,0.24,0.144764827,"120422A",0.283,0.108226656374928
"120729A",21.34792103,0.462397998,1.62,3.52138487,1.854306042,-10.29756946,2.26312734,0.645,1.8831,-5.619788758,455.733732303116,0.213811908554408,2.6244,12.4001514026649,3.43845089739771,106.039936783525,5.12174535705548,0.416025,3.54606561,31.5820256845432,0.223182009707008,0.06906832,0.047294772,0.130088482,0.013331067,0.018095603,0.08,0.029951344,"120729A",0.8,0.255272505103306
"120802A",22.12127744,0.477121255,1.21,3.53838419,1.698970004,-11.17198494,0.54215516,0.91,2.03526,-5.721246399,489.350915577453,0.227644691972775,1.4641,12.520162676042,2.88649907449176,124.813247499587,0.293932217514626,0.8281,4.1422832676,32.7326603580705,0.2694762542188,0.07803221,0.220557212,0.11816229,0.055,0.068572813,0.47,0.028952965,"120802A",3.796,0.680879174426811
"120811C",21.91722026,0.612783857,1.4,3.15909591,1.428134794,-10.14327111,1.01613299,0.65,1.92121,-5.522878745,480.364543925354,0.375504055399796,1.96,9.97988696857873,2.03956898983342,102.885948810961,1.03252625336634,0.4225,3.6910478641,30.5021896319728,0.0598545187495629,0.05294686,0.084200302,0.03800099,0.090734018,0.043429448,0.3,0.021185097,"120811C",2.671,0.564784384503987
"120907A",21.0438101,0.462397998,1.73,3.2113827,1.227886705,-10.37675071,1.05329104,0.78,1.82021,-6.173925197,442.841943524862,0.213811908554408,2.9929,10.3129788458593,1.50770576031576,107.676955297485,1.10942201494428,0.6084,3.3131644441,38.1173523381515,0.035217186540104,0.04130341,0.062296694,0.028647271,0.005,0.071302079,0.25,0.059902687,"120907A",0.97,0.294466226161593
"120922A",21.0163605,0.301029996,1.58,3.59799,2.238046103,-10.59516628,1.06622,1.17,2.06954,-5.207608311,441.68740866596,0.09061905849176,2.4964,12.9455320401,5.00885035915349,112.257548500849,1.1368250884,1.3689,4.2829958116,27.1191843207963,0.075913913084108,0.16365,0.133375,0.03563,0.005,0.049033248,0.36,0.043429448,"120922A",3.1,0.612783856719735
"121024A",21.94617755,0.113943352,1.41,4.17178823,1.838849091,-11.31158018,1.30353551,0.87,2.00683,-5.958607315,481.634709056124,0.0129830874649959,1.9881,17.4038170359665,3.38136597947153,127.951846168569,1.69920482583096,0.7569,4.0273666489,35.5050011343715,0.201804932759115,0.063305895,0.065435085,0.06666149,0,0.039481317,0.22,0.066814536,"121024A",2.298,0.5182506513085
"121027A",22.07736427,0.113943352,1.82,5.40919042,1.796574333,-11.92081875,1.50995764,1.16,2.37144,-5.698970004,487.410013110273,0.0129830874649959,3.3124,29.2593409998198,3.22767933399439,142.105919670352,2.27997207459437,1.3456,5.6237276736,32.4782591064918,0.03343969322178,0.041584155,0.037953731,0.058939694,0,0.021714724,0.09,0.066814536,"121027A",1.773,0.442949869577862
"121128A",22.04029767,1.11058971,1.32,3.23392922,1.367355921,-9.617982957,1.54546584,0.9455,1.98504,-5.161150909,485.774721382207,1.23340950395788,1.7424,10.4582981999698,1.86966221469376,92.5055961611425,2.38846466260691,0.89397025,3.9403838016,26.6374787054715,0.0303933846890459,0.028690024,0.029795568,0.032445001,0.010337721,0.025176492,0.18,0.013466496,"121128A",2.2,0.505149978319906
"121211A",21.66138196,0,2.36,4.20933518,2.260071388,-11.2823295,1.15615612,0.95,2.0682,-5.886056648,469.215468417013,0,5.5696,17.7185026575856,5.10792267885625,127.29095894657,1.33669697381345,0.9025,4.27745124,34.645662863465,0.0937486856135703,0.054250775,0.063247159,0.074602829,0.005,0.089197405,0.26,0.130288345,"121211A",1.023,0.305995882770805
"130408A",20.06405721,0.69019608,1.28,3.58393,1.447158031,-10.32975415,1.39277,0.945,2.03183,-5.638272164,402.566391726153,0.476370628847366,1.6384,12.8445542449,2.0942663666878,106.703820799442,1.9398082729,0.893025,4.1283331489,31.7901129953372,0.202660966333188,0.077,0.070305,0.0643,0.117120218,0.075529475,0.26,0.088631527,"130408A",3.757,0.677333151419902
"130418A",21.12149747,-0.22184875,2.07,2.59006,2.07200023240372,-9.247183569,1.28449,0.198,1.68684,-5.744727495,446.117655375216,0.0492168678765625,4.2849,6.7084108036,4.29318496308105,85.5104039587836,1.6499145601,0.039204,2.8454291856,33.001893991809,0.169579312058568,0.06047,0.06867,0.031625,0.003,0.048254942,0.17,0.144764827,"130418A",1.218,0.345961541813141
"130420A",20.79265849,0.531478917,1.52,3.56731,2.091666958,-10.8728952,0.914676,1.17,2.29559,-5.148741651,432.334647081769,0.282469839215493,2.3104,12.7257006361,4.37507066318897,118.219850030183,0.836632184976,1.3689,5.2697334481,26.5095405887422,0.0412728533350444,0.05505,0.08535,0.0286905,0.005,0.018350471,0.25,0.025546734,"130420A",1.297,0.361160995195026
"130511A",21.01365445,0.113943352,1.35,2.65954,0.73479983,-10.51570016,1.16497,0.65,2.06879,-6.657577319,441.573673344005,0.0129830874649959,1.8225,7.0731530116,0.539930790168029,110.579949855024,1.3571551009,0.4225,4.2798920641,44.3233357584632,0.176931769551824,0.0838,0.089385,0.04916,0.01,0.078962633,0.31,0.066814536,"130511A",1.3033,0.362350507594848
"130514A",21.19799139,0.447158031,1.8,3.68772,2.309630167,-10.7212464,1.17745,0.65,2.0604,-5.040958608,449.354838970514,0.199950304687797,3.24,13.5992787984,5.33439150831645,114.945124369513,1.3863885025,0.4225,4.24524816,25.4112636875693,0.0272768817014167,0.078,0.078365,0.04188,0.08,0.009544934,0.05,0.046531552,"130514A",3.6,0.662757831681574
"130604A",21.35024026,-0.096910013,1.51,2.071571247,1.57634135,-8.316052869,1.742079764,0.98,2.08823,-5.853871964,455.832759159725,0.00939155061966017,2.2801,4.29140743139714,2.48485205171982,69.1567353200031,3.0348419041383,0.9604,4.3607045329,34.2678169709052,0.0525216608675702,0.166441725,0.100184013,0.041653571,0.015,0.031021034,0.12,0.10857362,"130604A",1.06,0.313867220369153
"130606A",20.24962877,0.414973348,1.52,3.30222,2.441820772,-10.18045606,1.37571,0.44,1.86465,-5.537602002,410.047465322812,0.172202879550329,2.3104,10.9046569284,5.96248868257068,103.641685589591,1.8925780041,0.1936,3.4769196225,30.6650359325544,0.0303226795160044,0.06815,0.07782,0.05186,0.045,0.029951344,0.12,0.033407268,"130606A",5.913,0.839666556882433
"130831A",21.66138196,1.133538908,1.93,3.31959,1.511883361,-9.89279003,1.28481,1.01,1.79449,-5.187086643,469.215468417013,1.28491045594983,3.7249,11.0196777681,2.28579129726866,97.8672945776674,1.6507367361,1.0201,3.2201943601,26.905867841989,0.0249128885159663,0.054815,0.089045,0.06727,0.009011148,0.001336291,0.05,0.019160051,"130831A",0.4791,0.16999753706657
"131030A",20.84178667,1.44870632,1.3,2.84594,1.613841822,-9.294136288,1.11188,0.693,2.09466,-4.537602002,434.38007159779,2.09875000160794,1.69,8.0993744836,2.60448542643628,86.3809693399184,1.2362771344,0.480249,4.3876005156,20.5898319285544,0.0427179076225292,0.025175,0.027575,0.00815,0.0075,0,0.03,0.010818724,"131030A",1.295,0.36078268987328
"131105A",21.32749584,0.544068044,1.45,3.9488,2.050379756,-10.91009489,1.19347,0.94,2.24976,-5.148741651,454.862078805217,0.296010036501986,2.1025,15.59302144,4.20405714381462,119.030170508804,1.4243706409,0.8836,5.0614200576,26.5095405887422,0.0158047698317659,0.03335,0.047885,0.04544,0.005,0.030584118,0.11,0.074450483,"131105A",1.686,0.429106008332697
"131117A",22.01669496,-0.15490196,2.1,2.87134,1.041392685,-10.838632,0.951056,0.86,2.15896,-6.602059991,484.734856961689,0.0239946172118416,4.41,8.2445933956,1.08449872437151,117.475943631424,0.904507515136,0.7396,4.6611082816,43.5871961247629,0.124850885316753,0.0823,0.12461,0.0362555,0.025,0.069487117,1.41,0.062042069,"131117A",4.042,0.702602841340427
"140206A",22.00531353,1.28780173,1.04,3.59073,1.971275849,-9.730487056,1.22509,0.672,1.88134,-4.795880017,484.233823553601,1.65843329579099,1.0816,12.8933419329,3.88592847285067,94.6823783469835,1.5008455081,0.451584,3.5394401956,23.0004651374599,0.063811704252879,0.012995,0.021325,0.015545,0.021902336,0.008143022,0.15,0.011193157,"140206A",2.73,0.571708831808688
"140213A",20.99187128,1.371067862,1.8,3.829176603,1.77815125,-10.12551818,1.108879519,0.83,1.96657,-4.920818754,440.658659836089,1.87982708220925,3.24,14.6625934569626,3.16182186787656,102.526118413511,1.22961378765767,0.6889,3.8673975649,24.2144572097181,0.0189868108841264,0.06303582,0.068643889,0.021746292,0.005,0,0.04,0.014784493,"140213A",1.2076,0.343920385393226
"140419A",22.04094236,0.69019608,1.21,3.68383,1.976349979,-10.00568285,1.36898,0.678,1.87322,-4.795880017,485.803140116842,0.476370628847366,1.4641,13.5706034689,3.9059592394933,100.113689294784,1.8741062404,0.459684,3.5089531684,23.0004651374599,0.0175057628798656,0.023985,0.02442,0.017885,0.001,0,0.04,0.017726305,"140419A",3.956,0.695131297704026
"140423A",21.81946365,0.322219295,1.33,3.90552,2.127104798,-10.85078089,1.18974,0.77,2.06486,-5.026872146,476.088993973671,0.103825274070297,1.7689,15.2530864704,4.52457482167462,117.739445922789,1.4154812676,0.5929,4.2636468196,25.2694435722306,0.0745819195938403,0.05035,0.05495,0.045115,0.149849463,0.013860462,0.06,0.041361379,"140423A",3.26,0.629409599102719
"140430A",21.67796993,0.397940009,2,4.14388,2.239549721,-11.36251027,0.875171,1.03,2.15785,-5.958607315,469.934380285984,0.15835625076292,4,17.1717414544,5.01558295283118,129.106639635855,0.765924279241,1.0609,4.6563166225,35.5050011343715,0.00923562857095551,0.0861,0.13071,0.0833725,0.035,0.078962633,0.22,0.034743559,"140430A",1.6,0.414973347970818
"140506A",21.81764402,1.037426498,1.68,3.30686,2.045714059,-9.903089987,0.948932,0.9,1.74751,-5.552841969,476.009590583442,1.07625373875254,2.8224,10.9353230596,4.18494601119025,98.0711912906197,0.900471940624,0.81,3.0537912001,30.8340539326878,0.0373575732732516,0.05516,0.06882,0.01557,0.047966029,0.046531552,0.16,0.035859177,"140506A",0.889,0.276231957921834
"140509A",20.90144742,0.204119983,1.59,3.58709,1.17092730333444,-11.09770006,1.40649,0.86,1.93407,-5.920818754,436.870504251025,0.0416649674599203,2.5281,12.8672146681,1.37107074969407,123.158946621724,1.9782141201,0.7396,3.7406267649,35.0560947177181,0.151511196244018,0.08395,0.088715,0.10418,0.22,0.04379136,0.121212121,0.117055576617339,"140509A",2.4,0.531478917042255
"140512A",21.32824297,0.832508913,1.45,3.53686,2.189770956,-9.504455662,1.25134,0.871,1.84304,-4.853871964,454.893948187355,0.693071090224441,2.1025,12.5093786596,4.79509683974115,90.3346774309239,1.5658517956,0.758641,3.3967964416,23.5600730429052,0.0134302087658966,0.01504,0.022285,0.02006,0.002482817,0.00930631,0.04,0.019160051,"140512A",0.725,0.236789099409293
"140518A",22.46148952,0,0.92,3.77824,1.781755375,-11.31158018,1.64981,0.94,1.93772,-6,504.51851145707,0,0.8464,14.2750974976,3.17465221634139,127.951846168569,2.7218730361,0.8836,3.7547587984,36,0.0174377429302028,0.09045,0.070125,0.18819,0,0.043429448,0.61,0.043429448,"140518A",4.707,0.756407872548958
"140614A",21.73058526,-1.4317581319867,1.5,3.70006,2.857332496,-10.9589,1.35595,0.83,1.77015,-5.886056648,472.218335742129,2.04993134851005,2.25,13.6904440036,8.16434899269759,120.09748921,1.8386004025,0.6889,3.1334310225,34.645662863465,0.0965452754396361,0.1129,0.098945,0.093145,0.05,0.133629071,0.46,0.163321606984505,"140614A",4.233,0.718750734739665
"140629A",21.74269921,0.62324929,1.86,2.85608,1.62324929,-9.847711656,1.16056,0.815,1.95996,-5.619788758,472.744968936535,0.388439677485504,3.4596,8.1571929664,2.6349382574855,96.9774248597183,1.3468995136,0.664225,3.8414432016,31.5820256845432,0.119342969960682,0.042785,0.06161,0.03501,0.001678552,0.036191207,0.11,0.041361379,"140629A",2.275,0.515211304327802
"141004A",21.49730845,0.785329835,1.86,3.30337,0.593286067,-10.61083392,1.54959,1.08,1.79496,-6.173925197,462.134270594441,0.616742949741127,3.4596,10.9122533569,0.351988357296328,112.589796477823,2.4012291681,1.1664,3.2218814016,38.1173523381515,0.118918281385487,0.0853,0.081935,0.09774,0.005,0.019446022,0.08,0.021358745,"141004A",0.573,0.196728722623287
"141121A",21.59590717,-0.045757491,1.73,5.76634,2.74028372,-12.65757732,2.33322,0.82,1.93447,-5.27572413,466.383206495257,0.00209374798261508,2.9929,33.2506769956,7.50915486609704,160.214263611778,5.4439155684,0.6724,3.7421741809,27.8332650958643,0.0298708467389642,0.1675,0.090095,0.2969,0.01,0.032776942,0.13,0.144764827,"141121A",1.47,0.392696953259666
"141220A",21.48574413,0.949390007,0.62,2.77561,0.857935265,-9.872830386,1.42066,1.1,1.80565,-5.585026652,461.63720081983,0.90134138539146,0.3844,7.7040108721,0.73605291893062,97.4727798307249,2.0182748356,1.21,3.2603719225,31.1925227035503,0.0285379269708387,0.042455,0.057375,0.050735,0.07,0.016703634,0.38,0.034157993,"141220A",1.3195,0.365394376854778
"150120B",21.52664292,0.079181246,2.2,3.39431,2.01762288488796,-10.79048499,1.17705,0.92,2.01678,-6.26760624,463.396355405186,0.00626966971811252,4.84,11.5213403761,4.0708021056236,116.434566319415,1.3854467025,0.8464,4.0674015684,39.2828879796869,0.0141299769251025,0.0711,0.090535,0.057705,0.005,0.039006078,0.151515152,0.0542106768002651,"150120B",3.5,0.653212513775344
"150314A",22.01715025,1.58546073,1.08,2.49217,1.169968174,-8.609064893,1.19079,0.73,1.84772,-4.657577319,484.754905131075,2.51368572637213,1.1664,6.2109113089,1.36882552817289,74.1159983318851,1.4179808241,0.5329,3.4140691984,21.6930264824632,0.07726686575266,0.015025,0.015855,0.009925,0,0.005922197,0.03,0.010152339,"150314A",1.758,0.440594261839831
"150403A",21.79039707,1.245512668,1.23,3.19694,1.611723308,-8.821023053,1.24471,0.679,1.70996,-4.769551079,474.821404468265,1.55130180614848,1.5129,10.2204253636,2.59765202155046,77.8104477015574,1.5493029841,0.461041,2.9239632016,22.7486174951901,0.127565659236116,0.005105,0.006975,0.00458,0,0.00766402,0.04,0.014805494,"150403A",2.06,0.48572142648158
"150821A",22.340573,-1.49776679460977,2.1,2.95174,2.23578087,-8.853871964,1.82628,0.848,2.21622,-6.102372909,499.101201968329,2.24330537103562,4.41,8.7127690276,4.99871609865796,78.3910487549052,3.3352986384,0.719104,4.9116310884,37.2389551204971,0.249936990327389,0.021105,0.015485,0.027365,5e-04,0.104450572,0.37,0.188398851647283,"150821A",0.755,0.244277120801843
"151021A",22.33647975,0.986771734,1.57,3.15765,2.042181595,-9.642065153,1.33346,1.27,1.96079,-4.552841969,498.91832762216,0.973718455021367,2.4649,9.9707535225,4.17050566695674,92.9694204146969,1.7781155716,1.6129,3.8446974241,20.7283699946878,0.0143797213110485,0.06282,0.05208,0.02141,0.04,0.015510517,0.04,0.035818102,"151021A",2.33,0.52244423350632
"151027A",21.65076489,0.832508913,1.72,3.99907,2.11290649,-9.935542011,1.74508,0.9235,2.00612,-5.107905397,468.755620322057,0.693071090224441,2.9584,15.9925608649,4.46437383548412,98.7149950523459,3.0453042064,0.85285225,4.0245174544,26.0906975447017,0.0183350782696789,0.02221,0.01731,0.02499,0.002440971,0.011135756,0.05,0.038320101,"151027A",0.81,0.257678574869184
"151215A",21.19187281,0.204119983,1.99,3.06337,1.250420002,-10.72815839,1.07478,1.015,2.20942,-6.508638306,449.095473195217,0.0416649674599203,3.9601,9.3842357569,1.56355018140168,115.093382440927,1.1551520484,1.030225,4.8815367364,42.3623725983306,0.0244827442519859,0.093,0.11588,0.071395,0.35435971,0.098066496,0.33,0.05428681,"151215A",2.59,0.555094448578319
"160117B",20.95374423,-0.705929807788426,1.73,4.10299,0.697062187810827,-11.74958,0.973333,0.64,1.83834,-6.4710833,439.059397256258,0.498336893524204,2.9929,16.8345269401,0.485895693675617,138.0526301764,0.947377128889,0.4096,3.3794939556,41.8749190755389,0.214744065864423,0.12265,0.162075,0.093958,0.015,0.005627928835757,0.0041822719666068,0.122191721784807,"160117B",0.87,0.271841606536499
"160121A",22.12127744,0.079181246,1.77,3.8244,1.079181246,-11.17263073,0.798663,1.02,2.2054,-6.214670165,489.350915577453,0.00626966971811252,3.1329,14.62603536,1.16463216171811,124.82767742894,0.637862587569,1.0404,4.86378916,38.6221252597411,0.0862757376305275,0.0694,0.120385,0.106048,0.03,0.035597908,0.13,0.072382414,"160121A",1.96,0.471291711058939
"160203A",22.0158332,0.113943352,1.93,3.66139836,1.305351369,-11.36754271,1.146279559,0.61,1.75592,-5.920818754,484.696911490222,0.0129830874649959,3.7249,13.4058379506107,1.70394219655017,129.221027263674,1.31395682738123,0.3721,3.0832550464,35.0560947177181,0.0695758261024457,0.08458679,0.087010427,0.0601909,0.25,0.036191207,0.2,0.133629071,"160203A",3.52,0.655138434811382
"160227A",21.4198963,-0.22184875,0.75,4.47751,2.500373714,-10.99567863,1.10229,0.679,1.72551,-5.508638306,458.811957502754,0.0492168678765625,0.5625,20.0480958001,6.25186870966215,120.904948534239,1.2150432441,0.461041,2.9773847601,30.3450959863305,0.103418641469029,0.03055,0.03885,0.03434,0.001,0.028018999,0.51,0.072382414,"160227A",2.38,0.528916700277655
"160327A",20.72655851,0.255272505,1.84,3.76407,1.447158031,-11.22402567,1.49693,0.78,1.93554,-5.853871964,429.590227668453,0.065164051808975,3.3856,14.1682229649,2.0942663666878,125.978752240819,2.2407994249,0.6084,3.7463150916,34.2678169709052,0.143091047665439,0.0673,0.06033,0.1004,0.02,0.031021034,0.11,0.048254942,"160327A",4.99,0.777426822389311
"160804A",21.30214687,0.462397998,1.4,4.38419,2.15896526,-11.5214335,0.948229,0.92,1.87827,-4.943095149,453.781461271051,0.213811908554408,1.96,19.2211219561,4.66113099388687,132.743429894922,0.899138236441,0.8464,3.5278981929,24.4341896520673,0.057915224642575,0.05875,0.095375,0.070062,0.005,0.011428802,0.23,0.044927015,"160804A",0.736,0.239549720840473
"161108A",21.16074757,-0.22184875,1.85,4.69106,2.021602716,-11.81247928,0.883711,0.84,2.00325,-5.958607315,447.777237721261,0.0492168678765625,3.4225,22.0060439236,4.08687754133858,139.534666740429,0.780945131521,0.7056,4.0130105625,35.5050011343715,0.0491496346156657,0.13355,0.18179,0.0812555,0.005,0.039481317,0.17,0.072382414,"161108A",1.159,0.334252642334231
"161117A",21.87736847,0.832508913,1.19,4.08464,2.099335278,-10.74958,1.141,1.375,1.92624,-4.698970004,478.61925117215,0.693071090224441,1.4161,16.6842839296,4.40720860945534,115.5534701764,1.301881,1.890625,3.7104005376,22.0803190984918,0.00378540226960351,0.03835,0.04019,0.02365,0.674290141,0,0.12,0.019160051,"161117A",1.549,0.406369835469268
"161129A",21.51361441,0.531478917,1.57,3.70506,1.550595207,-10.43651891,2.32574,0.71,1.74506,-5.443697499,462.83560498216,0.282469839215493,2.4649,13.7274696036,2.40434549597137,108.920926958788,5.4090665476,0.5041,3.0452344036,29.6338424606189,0.0255903856698547,0.10625,0.050725,0.10628,0.005,0.012063736,0.06,0.025546734,"161129A",0.645,0.216165902285993
"161219B",21.16590877,0.72427587,1.29,4.0135,0.84135947,-10.13667714,0.871656,0.73,1.86204,-5.823908741,447.995694059963,0.524575535864257,1.6641,16.10818225,0.707885757758681,102.752223440599,0.759784182336,0.5329,3.4671929616,33.9179130234962,0.0495608716177928,0.0277,0.03841,0.008668,0,0.028952965,0.35,0.032776942,"161219B",0.1475,0.0597526942092988
"170202A",21.7153121,0.672097858,1.68,3.77629,1.664641976,-10.65364703,1.1958,1.04,1.99768,-5.48148606,471.554779600406,0.451715530728188,2.8224,14.2603661641,2.77103290826118,113.500195039828,1.42993764,1.0816,3.9907253824,30.0466894259743,0.10761765896651,0.04485,0.068655,0.059155,0,0.013160439,0.07,0.027720924,"170202A",3.645,0.666985718329661
"170405A",20.06405721,-0.0335186812736592,1.59,3.6300738,2.216693599,-10.31069114,1.81152426,0.612,1.8473,-5.431798276,402.566391726153,0.00112350199432515,2.5281,13.1774357934464,4.91373051184757,106.310351784474,3.28162014456855,0.374544,3.41251729,29.5044325111566,0.0933217274509788,0.048255345,0.035670699,0.072401387,0.0475,0.035213066,0.12,0.153952769308304,"170405A",3.51,0.65417654187796
"170519A",21.33992622,-0.15490196,1.94,4.1513,2.335257256,-11.06348626,1.37345,0.975,1.97351,-5.958607315,455.392451075043,0.0239946172118416,3.7636,17.23329169,5.45342645170065,122.400728225209,1.8863649025,0.950625,3.8947417201,35.5050011343715,0.0991498519285518,0.053,0.052235,0.066745,0.224423613,0.078962633,0.26,0.062042069,"170519A",0.818,0.259593878885949
"170531B",22.06812647,-0.096910013,1.95,3.80257,2.215187969,-11.39577395,1.02082,0.99,2.06685,-5.698970004,487.002205895915,0.00939155061966017,3.8025,14.4595386049,4.90705773800235,129.863663919499,1.0420734724,0.9801,4.2718689225,32.4782591064918,0.0233394026693868,0.08415,0.11435,0.107427,0.035,0.043429448,0.14,0.10857362,"170531B",2.366,0.527114111639805
"170705A",21.08891889,1.1430148,1.65,3.63746,2.337059726,-10.18641901,0.774169,0.66,1.89159,-5.022276395,444.742499948999,1.30648283301904,2.7225,13.2311152516,5.4618481628912,103.763132247289,0.599337640561,0.4356,3.5781127281,25.2232601877742,0.0361306862803674,0.04055,0.06603,0.027333,0.005,0.013714563,0.05,0.012497683,"170705A",2.01,0.478566495593843
"170903A",21.73970839,0.591064607,1.94,4.41384,1.465382851,-11.26042766,0.971187,1.14,2.20256,-5.619788758,472.614920882236,0.349357369648064,3.7636,19.4819835456,2.14734690000489,126.797231086093,0.943204188969,1.2996,4.8512705536,31.5820256845432,0.0534696645518069,0.04095,0.065935,0.051271,0.005,0.036191207,0.12,0.05567878,"170903A",0.886,0.27554168840131
"171222A",20.02880298,-0.15490196,2.07,4.78231,2.242541428,-12.10957898,0.718496,1.34,1.99001,-5.721246399,401.152948811657,0.0239946172118416,4.2849,22.8704889361,5.02899205629628,146.641903072858,0.516236502016,1.7956,3.9601398001,32.7326603580705,0.0563106258915239,0.20975,0.378455,0.126956,0.015,0.045715209,0.17,0.124084138,"171222A",2.409,0.532627001228891
"180205A",21.4933967,0.531478917,2.04,3.21372,1.190331698,-10.30627305,1.09633,1.03,1.88733,-6,461.966101703571,0.282469839215493,4.1616,10.3279962384,1.41688955126356,106.219264181156,1.2019394689,1.0609,3.5620145289,36,0.0875106835560367,0.06455,0.088815,0.042095,0.005,0.043429448,0.13,0.038320101,"180205A",1.409,0.381836799998343
"180329B",21.41988474,0.146128036,0.97,4.02296,2.322219295,-11.14935376,1.50063,0.77,1.86768,-5.48148606,458.811462274885,0.0213534029052173,0.9409,16.1842071616,5.3927024540703,124.308089265626,2.2518903969,0.5929,3.4882285824,30.0466894259743,0.091090048181127,0.04825,0.04314,0.069665,0,0.039481317,0.56,0.124084138,"180329B",1.998,0.476831628512261
"180620B",21.21643247,0.556302501,1.3,4.6659,2.29841638,-10.98296666,1.09835,0.9,1.99236,-5,450.13700675407,0.309472472618855,1.69,21.77062281,5.2827178558523,120.625556654672,1.2063727225,0.81,3.9694983696,25,0.0599542916300528,0.0437,0.067125,0.059445,0.005,0.013028834,0.2,0.024127471,"180620B",1.1175,0.325823419002744
"180624A",21.1034582,0.146128036,1.91,4.171185481,2.686993566,-11.54363397,1.243849338,0.95,2.06008,-5.236572006,445.355947999147,0.0213534029052173,3.6481,17.3987883169052,7.2199344237254,133.255485233338,1.54716117564304,0.9025,4.2439296064,27.4216863740229,0.0343795484387942,0.088149935,0.099379055,0.123366444,0,0.022463508,0.1,0.062042069,"180624A",2.855,0.586024382386976
"180720B",21.24271531,1.831869774,1.36,3.62033,3.06444019010425,-8.847711656,1.34127,0.729,1.8461,-4.065501549,451.252953741708,3.35574686889481,1.8496,13.1067893089,9.39079367872618,78.2820015477183,1.7990052129,0.531441,3.40808521,16.5283028449214,0.00138098327707093,0.004975,0.00614,0.005375,0,0.005049936,0.03,0.016629833,"180720B",0.654,0.218535505216528
"180728A",21.58733599,2.120573931,1.97,3.8695,0.938519725,-9.42365865,1.1986,0.8595,1.70111,-4.528708289,466.013075145149,4.49683379683679,3.8809,14.97303025,0.880819274214076,88.8053423517198,1.43664196,0.73874025,2.8937752321,20.5091987668573,0.0148761559757772,0.009885,0.014745,0.0091,0.042486494,0.008803267,0.03,0.009541318,"180728A",0.117,0.0480531731156091
"181010A",22.27837171,0.146128036,1.52,3.15711,1.214843848,-9.928117993,1.07011,1.115,1.76613,-6.161150909,496.325846048928,0.0213534029052173,2.3104,9.9673435521,1.47584557502345,98.5675268829304,1.1451354121,1.243225,3.1192151769,37.9597805234715,0.0580681587793652,0.034615,0.057805,0.033375,0.007041969,0.04405886,0.15,0.062042069,"181010A",1.39,0.378397900948138
"181020A",20.65703194,0.886490725,1.25,4.29043,2.376576957,-10.42365865,2.64643,1.228,1.93674,-5.091514981,426.71296857018,0.785865805511026,1.5625,18.4077895849,5.64811803254338,108.65265965172,7.0035917449,1.507984,3.7509618276,25.9235248017474,0.0211468897196027,0.1418,0.047555,0.091985,0.029531206,0.016084981,0.06,0.016920564,"181020A",2.938,0.595275711802099
"190114A",21.6447605,-0.301029996,2.06,3.74534,1.823474229,-10.75202673,1.18375,0.86,1.83214,-6.096910013,468.49565710236,0.09061905849176,4.2436,14.0275717156,3.32505826382714,115.606078802635,1.4012640625,0.7396,3.3567369796,37.1723117066197,0.0664080102705681,0.03365,0.042215,0.04616,0,0.065144172,0.22,0.173717793,"190114A",3.3765,0.641126932803509
"190719C",20.95382587,0.740362689,1.64,4.88123,2.268811904,-11.257,1.55953,0.915,1.5415,-5.292429824,439.062818590281,0.548136911263311,2.6896,23.8264063129,5.14750745573211,126.720049,2.4321338209,0.837225,2.37622225,28.0098134419647,0.0226602223323686,0.2175,0.1943,0.21085,0.22,0.025546734,0.09,0.02368879,"190719C",2.469,0.54020429984206
"190829A",22.04910001,1.255272505,2.56,4.0838,1.764922985,-9.56068,1.03996,1.16,2.0913,-5.193820026,486.162811250982,1.57570906180898,6.5536,16.67742244,3.11495314298131,91.4066020624,1.0815168016,1.3456,4.37353569,26.9757664624786,0.0660733687520347,0.013585,0.01916,0.009675,0.075,0.047500959,0.21,0.065144172,"190829A",0.0785,0.0328201494385639
"191011A",21.65033473,0.255272505,1.94,3.15321333,0.867467488,-10.8132081,1.30602449,0.94,1.81479,-6.48148606,468.736993921044,0.065164051808975,3.7636,9.94275430448969,0.75249984273703,116.925469413906,1.70569996847976,0.8836,3.2934627441,42.0096615459743,0.0559978453284278,0.05719327,0.06597695,0.05756962,0.19,0.052641755,0.17,0.048254942,"191011A",1.722,0.434888120867316
"191221B",21.43355223,0.681241237,1.24,1.95518066,1.681241237,-8.11145684,1.15734724,1.39,1.843,-4.721246399,459.397161196138,0.46408962298929,1.5376,3.82273141323804,2.82657209698929,65.7957320671828,1.33945263393562,1.9321,3.396649,22.2901675600705,0.14476482742628,0.06184721,0.05366691,0.00551831,0.175,0.022857604,0.05,0.063334612,"191221B",1.148,0.332034277027518
"200829A",21.08966848,1.994317153,0.83,2.97975,1.115277591,-8.6381,1.29833,0.64,1.88219,-4.292429824,444.774116596306,3.97730090675002,0.6889,8.8789100625,1.24384410498676,74.61677161,1.6856607889,0.4096,3.5426391961,18.4249537939647,0.0969169435192129,0.00955,0.00926,0.00866,0.0195,0.008515578,0.03,0.007040235,"200829A",1.25,0.352182518111362
"201104B",21.73058526,0.612783857,1.47,2.72159651,0.937517892,-9.38944702,1.19537497,0.605,1.55046,-5.744727495,472.218335742129,0.375504055399796,2.1609,7.40708756324418,0.878939797820124,88.1617153413869,1.4289213189025,0.366025,2.4039262116,33.001893991809,0.00811616012140756,0.02110237,0.02972805,0.02348264,0.175,0.024127471,0.07,0.031777645,"201104B",1.954,0.470410490975931
"210210A",21.12319546,0.84509804,1.53,3.72413045,0.819543936,-10.1403778,1.5451851,0.965,1.85188,-6.008773924,446.189386441365,0.714190697211842,2.3409,13.8691476086172,0.671652263034372,102.827261926733,2.38759699326201,0.931225,3.4294595344,36.1053640697424,0.038778433249538,0.05799791,0.08857348,0.10645081,0.15,0.035452611,0.58,0.031021034,"210210A",0.715,0.234264124378789
"210411C",21.05996459,0.681241237,1.6,2.93128506,1.10720997,-9.72925773,1.16829405,1.21,1.88408,-5.920818754,443.522108532054,0.46408962298929,2.56,8.5924321029792,1.2259139176674,94.6584559767648,1.3649109872654,1.4641,3.5497574464,35.0560947177181,0.0202577864729536,0.05048963,0.05901459,0.03209979,0.14,0.036191207,0.4,0.027143405,"210411C",2.826,0.582744965691277
"210517A",21.15768338,0.176091259,1.85,3.057651,0.485721426,-10.8415194,1.21043545,0.66,1.71079,-6.823908741,447.647566008328,0.0310081314962051,3.4225,9.349229637801,0.235925303675473,117.538542900576,1.4651539786167,0.4356,2.9268024241,46.5657305054962,0.199990220376636,0.25872455,0.32132806,0.08060357,0.22,0.086858896,0.25,0.057905931,"210517A",2.486,0.542327382773974
"210610B",21.03780485,1.130333768,0.98,2.89514,1.841234296,-9.19036,1.05139,0.78,1.91684,-4.443697499,442.589232906684,1.27765442708108,0.9604,8.3818356196,3.39014373276662,84.4627169296,1.1054209321,0.6084,3.6742755856,19.7464474626189,0.015836913202155,0.0226,0.02831,0.01291,0.029,0.012063736,0.11,0.022518973,"210610B",1.13,0.328379603438738
"210619B",21.83430305,2.06069784,1.41,2.91049117,1.784617293,-8.55006175,1.12578835,0.745,1.92306,-4.022276395,476.736789679239,4.24647558778067,1.9881,8.47095885064797,3.18485888247465,73.103555928813,1.26739940899572,0.555025,3.6981597636,16.1787073977742,0.00197833385726092,0.01027813,0.01099582,0.00437126,0.07,0.004571521,0.02,0.008308242,"210619B",1.937,0.4679039465228
"210722A",20.54058972,0.342422681,1.62,3.6504,1.700703717,-10.3507,1.43908,0.81,1.83712,-5.602059991,421.91582604537,0.117253292463228,2.6244,13.32542016,2.89239313301762,107.13699049,2.0709512464,0.6561,3.3750098944,31.3830761427629,0.0911698774157967,0.0364819,0.0395981,0.048071,0.09,0.034743559,0.14,0.098703291,"210722A",1.145,0.331427296520743
"210822A",21.53322281,1.442479769,1.3,2.4985,2.257198426,-8.20842,1.267456,0.77,1.70788,-4.698970004,463.679684585104,2.08074788397429,1.69,6.24250225,5.09494473433688,67.3781588964,1.606444711936,0.5929,2.9168540944,22.0803190984918,0.102616483810065,0.017735,0.01621,0.008455,0.026,0.00868589,0.4,0.010974951,"210822A",1.736,0.437116093048079
"211024B",20.98677173,-0.045757491,1.63,3.43921565,2.780677274,-8.56429146,1.92622006,1.07,2.08,-5.167491087,440.444587647127,0.00209374798261508,2.6569,11.8282042872049,7.73216610214007,73.3470882118289,3.7103237195464,1.1449,4.3264,26.7029641342244,0.014863865494915,0.01916437,0.01167528,0.00965772,0.055,0.019160051,0.09,0.096509885,"211024B",1.1137,0.325043347403704
"220117A",21.99532933,0.278753601,1.84,3.43803362,1.697316542,-10.1070569,1.68612083,1.2,1.78537,-5.795880017,483.794512335158,0.0777035700704672,3.3856,11.8200751722503,2.88088344374684,102.152599179838,2.84300345335989,1.44,3.1875460369,33.5922251714599,0.0299157959274313,0.05084186,0.04500955,0.06200239,0.55,0.05428681,0.18,0.091430417,"220117A",4.961,0.775319121829478
"230116D",22.27837171,-0.22184875,1.38,3.79761,1.612783857,-11.1278,1.57289,0.84,1.76412,-6.090443971,496.325846048928,0.0492168678765625,1.9044,14.4218417121,2.6010717693998,123.82793284,2.4739829521,0.7056,3.1121193744,37.0935077638903,0.118428290656009,0.1014,0.13824,0.23491,0.22,0.064181451,0.22,0.144764827,"230116D",3.81,0.682145076373832
"230325A",22.22918251,0.51851394,1.82,3.7823081,1.580354661,-10.9066853,0.931411844,1.025,2.0855,-5.886056648,494.13655506289,0.268856705974324,3.3124,14.3058545633256,2.49752085454443,118.955784233236,0.86752802314348,1.050625,4.34931025,34.645662863465,0.131947893505177,0.1875455,0.20042492,0.05714513,0.18,0.066814536,0.18,0.052641755,"230325A",1.664,0.425534220498263
"230506C",20.96124782,0.380211242,1.89,4.25859,1.491361694,-11.4531,1.14181,1.11,2.08995,-5.769551079,439.373910171455,0.144560588543183,3.5721,18.1355887881,2.22415970233055,131.17349961,1.3037300761,1.2321,4.3678910025,33.2877196531901,0.0886038540296678,0.1023,0.11841,0.11299,0.29,0.051093469,0.17,0.090478017,"230506C",3.7,0.672097857935718
"230818A",21.31377445,0.826074803,1.36,3.9564,0.992111488,-11.0883,1.39195,1.02,2.00403,-5.721246399,454.276981305473,0.682399580151489,1.8496,15.65310096,0.984285204621574,122.95039689,1.9375248025,1.0404,4.0161362409,32.7326603580705,0.0552798328138297,0.2044,0.12794,0.19715,0.29,0.022857604,0.1,0.032410036,"230818A",2.42,0.534026106056135
"231210B",21.82763844,0.591064607,1.08,3.24045,0.873320602,-10.048,1.60174,0.84,1.66432281,-5.853871964,476.445799867366,0.349357369648064,1.1664,10.5005162025,0.762688873877642,100.962304,2.5655710276,0.7056,2.7699704158863,34.2678169709052,0.037615599688349,0.05243,0.04808,0.060675,0.362,0.062042069,0.19,0.077950292,"231210B",3.13,0.615950051656401
