GRB,Redshift_crosscheck,log10T90,log10Fa,log10Ta,Alpha,Beta,Gamma,log10Fluence,PhotonIndex,log10NH,log10PeakFlux,T90Err,log10FaErr,log10TaErr,AlphaErr,BetaErr,log10FluenceErr,PhotonIndexErr,log10PeakFluxErr,is_optical
000926A,2.04,1.397940009,-10.942606475247668,4.241654627660687,1.7931607885141068,0.9637602910166165,1.9921534289152856,-5.735553462133477,1.6852847432236138,21.154585675003315,0.4978731730930601,,0.431429698175803,0.35792081341448867,0.23318358821504148,0.10741041807016144,0.0315728375171381,0.1796600888577856,0.0584643654542467,1
011211A,2.14,2.431363764,-11.223342042700978,4.326383543291884,1.7068265660538482,0.8553393241788265,1.9170313579215073,-5.545015193110915,1.730742575865966,20.999710905058464,0.0099540052549258,,0.4813691811657037,0.3679634219173846,0.2237554163126424,0.10551568660559324,0.040345966847899,0.1714213955860267,0.0900586582057859,1
020124A,3.198,1.661907293,-10.87517524014675,3.946671798103144,1.6984698442623687,1.0236004751425938,2.0223621522445168,-5.790453301133065,1.6600194741877357,21.118196542364263,0.2860685550626316,,0.4410764913621019,0.32005126707337417,0.22217888345590187,0.1309124068617603,0.0323124845604323,0.1627886143529108,0.0687137148382266,1
021004A,2.34,2.0,-10.946778643923036,4.377959651630995,1.3828830516644866,0.9036979497352985,1.964380804036829,-5.4654758030823825,1.671868878836442,21.08107527177258,0.3554293181530976,,0.4478105316383294,0.37625229904157087,0.19356083943144575,0.09936457682902572,0.036356115947561,0.1938197041913752,0.062431543050404,1
030226A,1.99,1.344195716,-10.997735676071654,4.1914402914129845,1.809053623150691,0.8816723756925258,1.9460271678025596,-5.889071811324594,1.6936423720497529,21.05118687251175,0.3204644694374678,,0.42663566105331885,0.3240013690828556,0.2431494065615094,0.10381828229910256,0.0369501006956046,0.1993986519486976,0.0723940497319666,1
030329A,0.17,1.798650645,-10.39862837650713,4.408881554536236,1.45254718231352,0.8595172147946551,1.9492449337212887,-5.1536155408659505,1.633617447071938,21.20678392008461,0.7803767981078531,,0.4420272933773184,0.352314126443261,0.19291261619304523,0.10679920170299317,0.0273643578404255,0.1645582665787907,0.0358944155859398,1
040924A,0.86,0.378397901,-10.569413080064827,3.5627255991089974,1.3729977602435768,0.892161619743632,2.0163743128455134,-6.342455717185209,1.9102829721285488,20.870879862299898,0.6338588617081715,,0.3916870481144681,0.287417217905503,0.18379070523795737,0.1415374836147839,0.045383068838583,0.2410392078027989,0.0538869202071245,1
041006A,0.72,1.240549248,-10.714117149748976,3.8072650505800416,1.322904535268182,0.8428132000308199,1.9667196956617856,-5.868707585670798,1.8315922738031924,20.908138889373173,0.5259018527890582,,0.3855390443015114,0.27708984832026373,0.18403008447674984,0.12391644166581567,0.0429893296335705,0.2098531427728206,0.0588540164700386,1
050315A,1.949,1.980457892,-11.3757179,4.86356,1.10818,0.856,1.99544,-5.492144128,2.11,21.91683806,0.285557309,14.02006162,0.03245,0.04512,0.049165,0.001,0.019691613,0.09,0.04950507,0
050318A,1.44,1.505149978,-11.15490196,4.132084541,1.874408221,0.95,1.98053,-5.966576245,1.9,20.92661714,0.499687083,10.96645741,0.06181969,0.043780336,0.085906519,0.037,0.030963588,0.1,0.027486993,0
050319A,3.24,2.183383742,-10.70553377,3.73997,0.863159,0.971,2.01045,-5.882728704,2.02,20.93735437,0.181843588,10.95539119,0.04165,0.06193,0.034558,0.009,0.049065331,0.19,0.060001211,0
050401A,2.9,1.506369717,-9.653647026,3.12435,0.984108,0.9995,1.78711,-5.085128182,1.4,22.12570242,1.029383778,0.6253575,0.019455,0.02833,0.0260615,0.0174145,0.016167167,0.07,0.037341208,0
050408A,1.24,1.531478917,-11.087209594156892,3.920383722899916,1.127017438738505,0.8309276300682128,1.9671673321089769,-5.985291674588619,1.926285947337184,20.75818616770858,0.2216353414959355,,0.4781197222909457,0.28382308420856295,0.1904270975069911,0.12329354750353244,0.0541910039244246,0.2493739892069496,0.0780516112002839,1
050416A,0.6528,0.397940009,-10.5559552,2.99481,0.842217,0.9,2.06183,-6.435333936,3.08,21.75162856,0.688419822,0.44407209,0.0484,0.070765,0.0149485,0.005,0.043784457,0.22,0.04271749,0
050502A,3.79,1.301029996,-10.786755190964284,3.6707888205766754,1.4385195007523153,0.9112509931859896,1.967051465223916,-5.959056988742906,1.5837013438142045,21.018163759441723,0.3305718468073317,,0.4463642229476745,0.29462692652293376,0.18699974119259866,0.10200765236101694,0.0347486663233463,0.1871315939125596,0.0657749268162652,1
050502B,3.793,1.243038049,-10.716569246810717,3.558676306415062,1.4059057976249911,0.9435307947581888,1.9781231878612309,-5.907266041523986,1.4939816936122414,21.034720149749216,0.3001529114683485,,0.39173923654046483,0.3162445127083997,0.21504536232566662,0.08719601714673203,0.0295798799821603,0.14,0.0671099909495084,1
050505A,4.27,1.770115295,-11.04817696,4.270583544,1.462094791,0.973,2.01835,-5.603800653,1.41,22.23063027,0.267171728,6.838970679,0.03272177,0.030067592,0.035926291,0.0005,0.031220366,0.12,0.07277367,0
050525A,0.61,0.944482672,-10.360698775890388,3.4500831884844736,1.2300807548366892,0.883123999058097,2.08914,-4.815308569,1.0,21.2788016,1.620136055,,0.4077196326063355,0.31371792190621006,0.19363673103497137,0.10252792329581567,0.006273143,0.1,0.009789852,1
050603A,2.82,1.322219295,-10.406297256771484,3.99962247604313,1.6564594334233904,0.9514051914764184,1.9095112702293149,-5.196542884,1.16,21.63005546,1.33243846,,0.38755808451142215,0.30650744481427306,0.2306852038297975,0.09919990001567136,-0.0006217656979968,0.06,0.0038290748542292,1
050730A,3.967,2.194514342,-10.09854168,4.05018,2.38763,0.5615,1.6177,-5.623423043,1.53,21.73850309,-0.259637311,18.03329907,0.0266,0.017795,0.0538,0.000210492,0.027736454,0.11,0.110547686,0
050801A,1.56,1.28780173,-10.017863374904989,3.187026484618167,1.3205857573928683,0.9054480144360336,2.0752521078114348,-6.508638306,1.99,20.80209017,0.164352856,,0.4690193773895439,0.34777053903253186,0.1839481889525223,0.11490771372490743,0.0581234535102333,0.25,0.0712796339614364,1
050802A,1.7102,1.477121255,-10.28650946,3.63973,1.44729,0.8585,1.8557,-5.698970004,1.54,21.25883595,0.439332694,10.19803903,0.0275,0.0326,0.03274,0.002369606,0.034092117,0.13,0.069487117,0
050803A,3.5,1.943988875,-10.86012091,4.21721,1.52234,1.218,2.11696,-5.66756154,1.38,21.34755638,-0.017728767,10.43812723,0.0489,0.04766,0.048695,0.22485626,0.027269654,0.11,0.049762909,0
050820A,2.6147,1.414973348,-10.01818139,3.750945731,1.136499703,0.9,1.96878,-5.463441557,1.25,21.61964524,0.389166084,22.67611617,0.266741013,0.238477529,0.012525701,0.0405,0.030552112,0.12,0.040770502,0
050824A,0.8278,1.353723938,-12.23882419,5.08558,0.954481,0.86,1.94709,-6.575118363,2.76,20.9708274,-0.301029996,4.070927175,0.06855,0.12722,0.0899785,0.01,0.084899673,0.38,0.130288345,0
050826A,0.297,1.550228353,-12.33348202,4.76235,1.801,1.11,2.45742,-6.384049948,1.16,21.96085591,-0.420216403,5.865069501,0.23405,0.13858,0.23538,0.03,0.075712355,0.31,0.148574428,0
050904A,6.295,2.259044094,-11.564590073408418,4.441911974327864,1.9211933611212122,0.9754684436581575,1.90813,-5.316052869,1.25,22.39388568,-0.207608311,,0.5643287299007378,0.3875108624935484,0.25961989061098123,0.10593680346757045,0.016184888,0.07,0.119080745,1
050908A,3.34,1.239799818,-10.790487988091037,3.4796472356088173,1.1055804526614248,1.110418522821967,2.74883,-6.316052869,1.88,14.58600523,-0.15490196,,0.4234608685797623,0.30574475003707446,0.19877517781654847,0.16504314728092,0.045857181,0.17,0.086858896,1
050922C,2.198,0.653212514,-9.477555766,2.52429,1.22035,1.064,2.2119,-5.790484985,1.37,21.44930866,0.860936621,0.450457546,0.03194,0.034305,0.013275,0.013,0.014476483,0.06,0.019142456,0
051016B,0.9364,0.602059991,-11.59006688,4.25742,1.14771,0.73,1.89482,-6.769551079,2.4,21.71466751,0.113943352,0.469570015,0.04535,0.058175,0.04854,0.005,0.056202815,0.23,0.053451629,0
051028A,3.6,1.204119983,-11.021766122837168,3.8095238721864266,1.2360323722176783,0.9802461023606202,2.029219821752511,-6.175683413986066,1.6783282458665043,20.902419538548095,0.1794660336551921,,0.4294390849003298,0.3034888222191796,0.2030419125810763,0.1111123562779559,0.0451414448022833,0.2369911746422034,0.0749534429882672,1
051109A,2.346,1.57054294,-10.51999306,3.91123,1.22299,1.06,2.06584,-5.657577319,1.51,21.97057233,0.595496222,7.089588968,0.04815,0.04637,0.019155,0.054794381,0.05369459,0.2,0.076056648,0
051109B,0.08,1.155336037,-11.57511836,3.65548,1.251,1.06,2.12549,-6.591760035,1.97,21.36742302,-0.259637311,3.778168861,0.0922,0.126645,0.12217,0.01,0.069554976,0.24,0.102651423,0
051111A,1.55,1.776555911,-9.964948000363869,3.2358029126958883,1.2149001172323972,0.9210808428786477,2.23019,-5.389339837,1.32,21.79196559,0.424881637,,0.4704352633751574,0.34052965462287976,0.1836516871302576,0.09918743266446073,0.014263593,0.06,0.034286406,1
051221A,0.5465,0.146128036,-11.69464863,4.20075,1.09586,0.89,2.0589,-5.93930216,1.39,21.27394758,1.079181246,0.204978045,0.063,0.085085,0.05576,0.005,0.013217658,0.06,0.014114571,0
060115A,3.53,2.144885418,-11.29499204,3.69688,0.889919,1.0,2.10553,-5.76700389,1.0,21.43355223,-0.060480747,15.0870791,0.0812,0.123015,0.053884,0.085,0.038096007,0.303030303,0.059902687,0
060124A,2.296,1.134495856,-10.6893,4.47599,1.3641,0.99,2.00895,-6.336299075,1.84,21.9172644,-0.050609993,1.306782322,0.04445,0.036665,0.01627,0.076380116,0.049929734,0.19,0.087834839,0
060206A,4.048,0.880241776,-10.63078414,3.93814,1.17565,1.265,2.20424,-6.080398976,1.2,22.33966406,0.445604203,1.933560454,0.07055,0.07444,0.02867,0.013041887,0.021949902,0.181818182,0.026462388,0
060210A,3.91,2.40654018,-10.66756154,4.15028,1.20511,0.979,2.08163,-5.11577123,1.53,22.3877421,0.434568904,121.976523,0.0292,0.030365,0.02297,0.083622271,0.023188831,0.09,0.044706785,0
060223A,4.41,1.053078443,-10.9636,2.78682,1.1892,0.81,2.01015,-6.171984936,1.74,22.49782636,0.130333768,1.095536415,0.1982,0.23477,0.18005,0.045,0.030974941,0.12,0.057905931,0
060306A,1.559,2.1325599624534943,-10.70553377,3.61496,1.03794,0.76,2.28823,-5.671620397,1.8,21.61973178,0.775974331,3.518840719,0.03495,0.04452,0.02498,0.01,0.01457843,0.060606061,0.0488439909307915,0
060418A,1.489,2.158362492,-9.792961075,3.11887,1.47655,0.98,1.94118,-5.079354999,1.7,21.65363309,0.814247596,45.254834,0.04904,0.057245,0.044705,0.005,0.013190457,0.06,0.023313354,0
060502A,1.5026,1.45331834,-10.55284197,3.3865,0.897152,0.87,2.02719,-5.63638802,1.46,21.45692297,0.227886705,9.827838,0.05675,0.075085,0.0205255,0.015,0.019176639,0.08,0.053965586,0
060510B,4.9,2.43964843,-12.2656,4.43617,1.00735,1.38,2.1317,-5.390405591,1.78,22.00215742,-0.244125144,21.28954544,0.2206,0.31628,0.2313695,0.03,0.018780302,0.08,0.083811216,0
060512A,0.44,0.92890769,-10.721301619402293,3.6445221429258288,1.083805332046039,0.9034498001592594,2.70163,-6.634512015,2.48,16.36612399,-0.055517328,,0.4169965647926759,0.31240423751464497,0.19140919993263683,0.09324414498922973,0.074878359,0.3,0.098703291,1
060526A,3.221,2.47444938,-11.3053948,3.8752,1.05873,0.93,1.90677,-5.899629455,2.01,16.11154478,0.222716471,23.04821868,0.06785,0.09216,0.0623145,0.0305,0.056871896,0.24,0.046810184,0
060604A,2.1357,1.977723605,-11.76955108,4.45991,1.21596,1.02,2.1711,-6.395773947,2.01,21.99003057,-0.468521083,17.0,0.04195,0.04994,0.04695,0.0,0.11451546,0.42,0.166053773,0
060605A,3.78,2.059904056,-11.26121944,4.04162,1.9179,0.835,2.02128,-6.156767222,1.55,21.77333803,-0.337242168,35.01416491,0.05315,0.037375,0.085,0.10149311,0.056078197,0.2,0.113294213,0
060607A,3.07,2.009450896,-10.38680512465926,3.5881521602783946,1.3464668475309316,0.9116268158523333,1.61002,-5.59345982,1.47,21.79614607,0.146128036,,0.3845310353774227,0.29596269198778113,0.17600667738846987,0.10344447882147417,0.019074895,0.08,0.040327345,1
060614A,0.125,2.036229544,-11.78251606,5.03344,1.9453,0.783,1.89544,-4.690369833,2.02,20.51216256,1.06069784,3.31042292,0.0429,0.0289,0.05983,0.006,0.007727887,0.04,0.027945906,0
060707A,3.425,1.820857989,-10.9132,3.5545,0.861995,1.12,2.09345,-5.795880017,0.6,21.20847898,0.004321374,6.314200491,0.07695,0.127895,0.0364485,0.035,0.040986542,0.363636364,0.098898743,0
060708A,1.92,1.008600172,-10.86966623,3.50569,1.12969,1.485,2.20484,-6.306273051,1.68,20.79066861,0.28780173,3.601244236,0.06115,0.062725,0.028525,0.33410152,0.032528129,0.12,0.031340839,0
060714A,2.711,2.060660074,-10.86012091,3.73449,1.20488,0.87,2.04425,-5.548213564,1.93,22.0125926,0.10720997,9.129365384,0.0352,0.046765,0.035305,0.005,0.025627978,0.11,0.044108033,0
060729A,0.54,2.062017599,-11.15058059,5.1057,1.35481,1.317,1.92492,-5.583359493,1.75,20.86562801,0.068185862,33.90346061,0.0116,0.012825,0.013425,0.077392286,0.035109631,0.14,0.048254942,0
060814A,1.9229,2.162265614,-10.91009489,4.22387,1.29504,0.97,2.11591,-4.835647144,1.53,22.00679538,0.861534411,4.898458524,0.0353,0.034855,0.024565,0.0,0.007109341,0.03,0.017323989,0
060904B,0.7,2.234264124,-10.606779624553285,3.7407113048528853,1.3060253841018592,0.9749679830807297,2.18877,-5.790484985,1.64,21.59122827,0.387389826,,0.42324690227754314,0.2990349315881897,0.1692353990194958,0.11177656289877236,0.038335871,0.14,0.037377804,1
060906A,3.686,1.638489257,-11.8827287,4.33479,1.71887,1.06,2.07859,-5.655607726,2.03,22.41960057,0.294466226,8.166987204,0.08845,0.072145,0.169635,0.005,0.026725814,0.11,0.061727135,0
060908A,1.8836,1.285557309,-9.627087997,2.81918,1.38309,1.185,2.13395,-5.552841969,1.0,21.80952201,0.481442629,1.330335293,0.045185,0.05993,0.04964,0.003474954,0.017216674,0.181818182,0.035832878,0
060912A,0.937,0.698970004,-10.1079054,2.455171016,1.045731532,0.63,1.8948,-5.869666232,1.74,21.36738202,0.933487288,0.58,0.147419953,0.156564864,0.028937785,0.0785,0.019945376,0.09,0.022271512,0
060926A,3.2,0.903089987,-10.84771166,3.351,1.45111,1.357,2.00443,-6.659555885,2.54,22.50004427,0.037426498,1.212679677,0.08245,0.09927,0.11561,0.009157091,0.049576996,0.23,0.055780943,0
060927A,5.47,1.352953912,-10.77728353,3.15198,1.39098,0.83,1.94856,-5.946921557,0.9,22.10710478,0.431363764,1.294276634,0.08115,0.108435,0.118785,0.178498106,0.026134535,0.242424242,0.027344467,0
061007A,1.26,1.876852648,-8.996941378532021,2.9975730316012097,1.6078028158380802,0.9764824067622409,1.99824,-4.35261703,1.03,21.74186197,1.164352856,,0.6404432436256196,0.39494573500839225,0.20223213388139283,0.1083801929985933,0.005497151,0.03,0.011006093,1
061021A,0.3463,1.664641976,-10.04095861,3.23849,1.01707,0.785,1.99282,-5.528708289,1.3,20.87141063,0.78604121,5.398832468,0.0264,0.03399,0.010415,0.016800037,0.014818832,0.06,0.019191409,0
061121A,1.314,1.90982337,-10.03011836,3.78753,1.35185,0.9485,1.90181,-4.863279433,1.41,21.75351565,1.324282455,46.12748458,0.01265,0.01703,0.01585,0.002358211,0.006308365,0.03,0.009468031,0
061126A,1.1588,2.281033367,-10.644883048523724,3.601884978500718,1.1797374146325206,0.9225384285348401,1.926924191755202,-5.169411331,1.32,21.38058204,0.989449818,,0.42819080998866976,0.2871423409101417,0.20636833029013685,0.09508220172180532,0.0190994093843814,0.06,0.0246693811930976,1
061201A,0.111,-0.119186408,-10.4134127,3.49343,1.98937,0.145,1.65934,-6.476253533,0.81,21.16656331,0.586587305,0.098954548,0.09365,0.093885,0.169505,0.061048094,0.035107638,0.15,0.034878572,0
061222A,2.088,1.853698212,-9.954677021,3.92091,1.35061,0.86,1.92748,-5.097453221,1.35,22.56660835,0.930949031,16.0,0.02311,0.024435,0.018075,0.005,0.008588051,0.04,0.013237581,0
070110A,2.352,1.946550511,-11.04866248,4.26825,1.42725,1.186,2.08596,-5.790484985,1.58,21.3989672,-0.22184875,14.47803302,0.05475,0.053995,0.046555,0.12166788,0.028952965,0.12,0.086858896,0
070125A,1.55,1.77815125,-10.851337048794473,4.3402122789097195,1.608272467621979,0.8900706275400041,1.9514263271976688,-5.495279035397339,1.667192165248273,21.11682510597685,0.4613667003967956,,0.3935723908236648,0.36010469382449006,0.20220930390682612,0.10181071192422136,0.0330719907495403,0.1771424078091182,0.0593602352348791,1
070208A,1.165,1.806179974,-10.86327943,3.44468,1.2125,1.14,2.20341,-6.351639989,1.94,21.8647258,-0.045757491,22.627417,0.1619,0.14114,0.06357,0.015,0.098570208,0.36,0.106160873,0
070223A,1.6295,1.9408513687054,-11.86327943,4.22335,0.991734,1.03,2.25837,-5.769551079,1.85,21.70173804,-0.161150909,8.08530616,0.16615,0.203105,0.079308,0.06,0.018572476,0.072727273,0.1308440617228483,0
070306A,1.4959,2.321184027,-11.2737,4.86926,1.89982,0.831,1.94468,-5.269217724,1.66,22.44245468,0.609594409,64.76757163,0.0335,0.02824,0.06188,0.001,0.02308703,0.1,0.022408315,0
070318A,0.836,1.872738827,-10.087960174043772,3.364352295860253,1.213092706416552,0.9240583762590401,1.97117,-5.605548319,1.42,21.87762816,0.245512668,,0.4537813156941022,0.3214974251951328,0.19531357775817182,0.14538725315409806,0.019613299,0.08,0.037013734,1
070411A,2.95,2.089021501,-10.73605178517444,3.4708149965165322,1.3749078989158712,0.9802264268438565,2.2428,-5.568636236,1.72,22.32139542,-0.040958608,,0.4604004399857704,0.33083011773119453,0.22936952928678267,0.09887444760530434,0.02493172,0.1,0.062042069,1
070419A,0.97,2.062957834,-10.838826737943776,3.465653714204364,1.4031675497820957,0.8866633537100905,2.18444,-6.253365801,2.35,21.64791964,-0.698970004,,0.41669904372054134,0.2930865766758226,0.18207619874480563,0.12268523444278573,0.064599358,0.25,0.217147241,1
070508A,0.82,1.320146286,-9.161150909,3.02525,1.37377,0.764,1.82568,-4.707743929,1.1,21.89306622,1.382017043,0.735923906,0.010795,0.01189,0.013355,0.0005,0.006049102,0.060606061,0.010992516,0
070521A,2.0865,1.57863921,-10.01233374,3.55243,1.44502,0.98,2.00022,-5.096367484,1.1,22.27524914,0.814913181,2.819384324,0.04901,0.04844,0.0562,0.147518075,0.009596769,0.121212121,0.017957046,0
070529A,2.4996,2.038222638,-10.24641694,3.09323,1.21432,0.76,1.97999,-5.590066877,1.34,22.56252244,0.155336037,19.9827799,0.0552,0.068045,0.03501,0.015,0.041401614,0.16,0.109332877,0
070612A,0.671,2.566790912,-10.711602522351228,4.2710455915674554,2.078497792381182,0.9805217354620301,1.9756793909954788,-4.974694135,1.69,21.255997117337785,0.178976947,,0.4120064261541163,0.3594554400869798,0.42560907990381136,0.1183436510440285,0.024623678,0.1,0.109292651,1
070714B,0.923,1.806179974,-10.74232143,3.22974,1.64623,0.93,2.07429,-6.142667504,1.36,21.64321572,0.431363764,8.408797283,0.09935,0.0946,0.108425,0.005,0.05428681,0.19,0.032169962,0
070721B,3.626,2.531478917,-10.50863831,3.94739,2.5054,0.52,1.52512,-5.443697499,1.34,21.89473409,0.176091259,21.32020684,0.3648,0.10084,0.09144,0.0,0.024127471,0.11,0.086858896,0
070802A,2.45,1.214843848,-11.6716204,3.92184,1.16348,0.78,1.99014,-6.552841969,1.79,21.91375294,-0.397940009,3.019812592,0.17395,0.236245,0.2088785,0.045,0.077552586,0.27,0.108573621,0
070809A,0.2187,1.161684284033457,-11.9625735,4.18985,1.17521,0.396,1.37246,-7.0,1.69,20.80619355,0.079181246,0.271528985,0.1917,0.206985,0.395643,0.0595,0.026318246,0.133333333,0.016256930519715,0
070810A,2.17,1.041392685,-10.77728353,3.36583,1.36994,1.02,2.17076,-6.161150909,2.04,21.93100401,0.278753601,4.99064124,0.06175,0.07187,0.077915,0.01,0.037764738,0.14,0.045715209,0
071003A,1.60435,2.170643023,-11.67760082,4.78411,1.97901,0.837,1.91015,-5.080921908,1.36,20.86974084,0.799340549,4.494400066,0.1359,0.098505,0.183105,0.032,0.015697391,0.07,0.027574253,0
071010A,0.99,0.77815125,-11.08330863717486,4.298388820267057,1.8849604721525308,0.8956140705798111,2.33496,-6.698970004,2.33,22.13954852,-0.096910013,,0.44946149382292244,0.35301484512724346,0.26654060175498906,0.09804823876277141,0.086858896,0.37,0.162860431,1
071010B,0.947,1.552668216,-10.38590494565937,3.3984785380659552,1.0060327371110387,0.8994573380832025,2.04061,-5.356547324,1.53,21.30047157,0.886490725,,0.39439093610117393,0.3054533867850342,0.22523144292684594,0.1006461810076128,0.009870329,0.22,0.016920564,1
071020A,2.145,0.62324929,-9.169411331,2.311950854,1.119196934,0.844,1.59788,-5.638272164,1.11,20.99642367,0.924279286,0.581982802,0.035099822,0.039262062,0.011153209,0.001,0.018882369,0.05,0.015510517,0
071025A,5.0,2.376832349,-10.76334095214997,3.526374234704191,1.4184178869432256,0.9599080861505729,1.975026602141059,-5.187086643,1.79,21.07108335,0.204119983,,0.3931315804711222,0.2777400223403683,0.1849315960153085,0.1039602107624954,0.021297834433594,0.05,0.0778422962236166,1
071031A,2.69,2.257414559,-10.642348135169321,3.581147206859546,1.0933376399682695,0.8494941278980025,1.78089,-6.045757491,2.42,16.95097546,-0.301029996,,0.40622514801396736,0.2865615496227967,0.18556226397020326,0.1346599201494324,0.062731425,0.29,0.086858896,1
071112C,0.82,1.176091259,-10.39332239204603,3.164186080066597,1.1652012545946082,0.8598353258884766,1.67267,-5.522878745,1.09,20.5643192,0.903089987,,0.4041886046627994,0.33558166846602866,0.1790505682341772,0.10063305987252003,0.057905931,0.07,0.05428681,1
071117A,1.331,0.819543936,-11.23542972,3.901990464,1.104952391,0.94,2.0457,-5.619788758,1.57,22.04291793,1.053078443,1.824859447,0.101024385,0.117162967,0.089387802,0.01,0.018095603,0.06,0.015373256,0
080310A,2.42,2.560456622,-11.3990271,4.32608056,1.59590648,0.878,2.09352,-5.638272164,2.32,10.56142698,0.113943352,17.39875121,0.04247343,0.03798676,0.065276352,0.0375,0.037764738,0.16,0.066814536,0
080319B,0.937,1.6809025575689436,-12.15181088,5.36799912,1.42250979,0.73,1.81426,-4.091514981,1.04,20.8771334,1.394451681,0.179108908,0.097779455,0.087626454,0.075139905,0.0,0.00536166,0.02,0.008755937,0
080319C,1.95,1.531478917,-10.680076087029889,3.444578539232162,1.7281551377458637,0.9406892982307202,1.61029,-5.443697499,1.37,21.75037415,0.716003344,,0.44365048802170737,0.31867427326027675,0.3883800048892597,0.13259998945517848,0.012063736,0.07,0.025055451,1
080330A,1.51,1.783188691,-10.497328559223721,3.5780406516663446,1.2697500471064376,0.8565781143756901,2.25433,-6.468521083,2.53,21.69090721,-0.045757491,,0.4003851779674932,0.31194926348404817,0.17731985440782005,0.10697618682049742,0.102186937,0.45,0.096509885,1
080411A,1.03,1.748188027,-10.11350927,4.20932562,1.28909841,0.91,1.97674,-4.578396073,1.75,21.57289018,1.635483747,1.000967534,0.06043543,0.049275581,0.010296793,0.0,0.001645055,0.03,0.009047802,0
080413A,2.43,1.662757832,-9.700105448188896,2.919158922801424,1.171150996464815,0.8771823998712165,2.14652,-5.455931956,1.57,21.7642008,0.748188027,,0.4770607661593109,0.4348871653467461,0.187658799278987,0.12129269587934038,0.012408414,0.06,0.015510517,1
080413B,1.1,0.903089987,-11.249499669330739,4.464174531023248,1.8871989363421524,0.9108199314909544,1.93206,-5.494850022,1.26,21.31329763,1.271841607,,0.4514198229423787,0.38957014099099396,0.2817530245397669,0.09268055944363035,0.013571703,0.27,0.018579443,1
080516A,3.2,0.763427994,-11.12090412,3.77452827,0.94016916,1.48,2.3315,-6.585026652,1.82,22.03528962,0.255272505,0.213016433,0.077803665,0.111057696,0.084888358,0.03,0.066814536,0.27,0.072382414,0
080603A,1.69,1.77815125,-10.72240033708447,3.6975833546109644,1.2085689098257932,0.9357849882492111,2.0146549872068964,-5.705581944980923,1.814482087566405,20.918167520087223,0.3650161039597712,,0.4260407832300013,0.2977345039271011,0.1886383396959509,0.11011125340422706,0.0419982454796969,0.1819894416659263,0.0645822859728094,1
080603B,2.6893,1.77815125,-10.667087865322134,3.8646744468850116,1.3382926475563397,0.8957765659421362,1.83449,-5.619788758,1.21,21.31611509,0.544068044,,0.42140666977673646,0.30040713127709817,0.1780830254296859,0.08926513423813659,0.018095603,0.3,0.024816828,1
080605A,1.6403,1.301029996,-10.811151733244877,3.5996554674107104,1.0531162360221826,0.8939284782693884,1.7467,-4.876148359,1.11,21.73808418,1.298853076,,0.4154943192958882,0.3054813479755083,0.2043301963840794,0.11463099969167301,0.006530744,0.14,0.013094306,1
080607A,3.036,1.899984563,-10.0540393,3.46298403,1.7256074,1.06,2.03418,-4.619788758,1.31,22.38386741,1.36361198,3.285061929,0.11042072,0.069659314,0.037637388,0.02,0.0,0.04,0.02068069,0
080710A,0.845,2.077948999,-11.23284413,4.09266933,1.52133785,1.3,2.00149,-5.853871964,1.47,20.89722339,0.0,17.43704666,0.06269498,0.054210787,0.06401643,0.150517844,0.062042069,0.23,0.086858896,0
080810A,3.35,2.03666881,-9.931814138,3.2687548,1.44529526,1.079,2.11482,-5.337242168,1.34,21.45079548,0.301029996,4.337190332,0.031830706,0.039738688,0.036139295,0.0015,0.018882369,0.06,0.043429448,0
080905B,2.374,2.10720997,-10.11125904,3.67820615,1.36946226,0.375,1.86248,-5.744727495,1.78,22.33533151,-0.301029996,28.05833332,0.03236457,0.038825489,0.033301752,0.00558525,0.048254942,0.15,0.086858896,0
080916A,0.6887,1.77815125,-10.75269955,3.60698,0.998947,0.83,1.88453,-5.397940009,1.17,21.7431239,0.431363764,6.325897569,0.0592,0.073495,0.0260505,0.01,0.010857362,0.21,0.032169962,0
080928A,1.692,2.368584372,-11.1260984,4.08450503,1.76031774,0.99,2.13864,-5.602059991,1.77,21.51035195,0.322219295,20.80043462,0.064484035,0.047916769,0.075970735,0.0,0.034743559,0.12,0.02068069,0
081007A,0.5295,0.958563883,-10.58502665,3.58176278,1.00469263,0.92,2.102,-6.148741651,2.51,21.69605744,0.414973348,2.937133306,0.053161115,0.084284398,0.039134851,0.005,0.048934589,0.2,0.066814536,0
081008A,1.9685,2.268297087,-10.79317412,3.85550833,1.47398467,0.84,1.98207,-5.366531544,1.69,21.1376737,0.113943352,40.34414957,0.06052989,0.056285684,0.063988679,0.025,0.020199743,0.07,0.033407268,0
081028A,3.038,2.414973348,-11.3994,4.75426,2.20023,0.945,2.51,-5.431798276,1.25,20.90308999,-0.301029996,32.58849643,0.0572,0.03025,0.054715,0.0005,0.023475377,0.38,0.086858896,0
081029A,3.8479,2.431283332,-11.86327943,4.48156171,2.51960373,0.87,1.95818,-5.677780705,1.43,21.49704581,-0.301029996,45.6827768,0.083250805,0.04285341,0.169198521,0.001,0.041361379,0.18,0.173717793,0
081203A,2.1,2.46834733,-10.9243983,4.02089,1.86904,0.82,2.03508,-5.113509275,1.54,21.66176916,0.462397998,82.96987405,0.05695,0.03932,0.064395,0.0325,0.016920564,0.06,0.029951344,0
081221A,2.26,1.531478917,-9.354577731,2.93195749,1.23586126,0.991,2.4947,-4.742321425,1.21,21.57331844,1.260071388,0.8019177,0.0249855,0.031176651,0.012861856,0.0005,0.007198251,0.13,0.011931167,0
081228A,3.44,0.477121255,-10.981422792075012,3.2675800501211993,1.2957052912090874,0.9961834671771026,2.1182405294859867,-7.050609993,2.1,21.16936021,-0.22184875,,0.4498676805424777,0.32277220427657394,0.18383367236044978,0.11671992179315921,0.0674679414874554,0.31,0.103319586082909,1
081230A,2.1,0.9072092264554434,-11.32975415,3.66959365,0.99376498,1.02,2.08621,-6.086186148,1.97,20.67248024,-0.15490196,13.77430841,0.0701444,0.08735027,0.040381418,0.02,0.02568693,0.096969697,0.1422259707710075,0
090102A,1.547,1.432006687,-9.457174573,3.15380077,1.42487631,0.667,1.76997,-7.167491087,1.36,21.72376179,0.740362689,2.240000004,0.036239983,0.041590346,0.021786596,0.002673458,0.019160051,0.08,0.063170107,0
090205A,4.6497,0.944482672,-11.3419886,3.70655,1.29089,1.01,2.03416,-6.721246399,2.15,21.81792086,-0.301029996,1.794079127,0.13445,0.114585,0.084185,0.025,0.068572813,0.23,0.086858896,0
090313A,3.38,1.893872679,-10.268174320968003,3.5753492753907294,1.1647384194433041,0.9607087528319117,2.07619,-5.853871964,1.91,22.44115763,-0.096910013,,0.4292891198304023,0.3006150476667284,0.1787663247518923,0.1021497815978924,0.062042069,0.29,0.162860431,1
090418A,1.608,1.748188027,-10.04720756,3.52813657,1.52909667,0.98,2.03408,-5.337242168,1.48,22.02365981,0.278753601,4.129211073,0.028659405,0.030759021,0.042154514,0.003531332,0.018882369,0.07,0.068572813,0
090423A,8.26,0.989894564,-11.2798407,3.91521772,1.43267533,0.77,1.8158,-6.229147988,0.8,22.7516324,0.230448921,1.061728761,0.08569564,0.077643595,0.064053366,0.005,0.029443694,0.5,0.051093469,0
090424A,0.544,1.681241237,-9.050609993,2.99599056,1.1284106,0.924,1.96315,-4.677780705,1.19,21.63012977,1.851258349,2.27250697,0.011257098,0.013394814,0.005546887,0.0,0.0,0.15,0.012233647,0
090426A,2.609,0.079181246,-10.66550001,2.64657,1.00429,0.64,2.03664,-6.744727495,1.93,21.31103934,0.380211242,0.257899207,0.08725,0.104665,0.042666,0.0165,0.072382414,0.22,0.05428681,0
090516A,4.109,2.322219295,-11.27490548,4.33113504,1.76098314,0.502,2.09,-5.045757491,1.84,21.19589965,0.204119983,64.0,0.03779605,0.029715315,0.053351589,0.479087085,0.028952965,0.11,0.05428681,0
090519A,3.85,1.806179974,-11.76000021,3.44619,1.42452,0.63,1.46604,-5.920818754,1.02,22.13069392,-0.22184875,8.24011649,0.21145,0.24029,0.3065,0.03,0.036191207,0.2,0.144764827,0
090529A,2.625,1.837651558,-12.1873998,4.472757799,0.8815438,0.64,2.22623,-6.167491087,2.0,13.51385525,-0.397940009,10.5274432,0.11547934,0.21900534,0.113675222,0.125,0.10857362,0.3,0.108573621,0
090530A,1.266,1.681241237,-11.16052195,3.6839464,0.88610581,1.09,2.03975,-5.958607315,1.61,20.90942658,0.397940009,35.77708764,0.089175625,0.115365029,0.038514202,0.035,0.039481317,0.17,0.052115338,0
090618A,0.54,2.05388479,-9.640164518,3.67275453,1.30942861,0.8945,1.82831,-3.978810701,1.42,21.39200012,1.589949601,0.593538562,0.009695255,0.014245613,0.010591616,0.002482662,0.004136138,0.08,0.008931506,0
090726A,2.71,1.773054693,-10.63169198768573,3.5239977251146213,1.2702328356818529,1.0140235449164912,2.4288,-6.065501549,2.25,22.02689264,-0.15490196,,0.39889830587660047,0.31088486317458863,0.21334819653324832,0.1297504270885657,0.050499358,0.19,0.124084138,1
090809A,2.737,0.73239376,-11.8559,4.56066,1.6367,0.96,1.94644,-6.468521083,1.34,21.91952315,0.041392685,1.216253263,0.338,0.237865,0.319405,0.01,0.063866836,0.24,0.078962633,0
090812A,2.452,1.824125834,-10.16730017,3.52924,1.37252,0.53,1.88559,-5.236572006,1.24,21.77771022,0.556302501,14.65837332,0.10615,0.13258,0.08412,0.015,0.014975672,0.05,0.024127471,0
090927A,1.37,0.342422681,-11.6716204,4.20121889,1.13087741,0.92,2.06549,-6.698970004,1.8,21.01785522,0.301029996,0.400898978,0.076268475,0.093241949,0.074843971,0.01,0.065144172,0.2,0.043429448,0
091018A,0.971,0.639486489,-9.627087997,2.89655535,1.18074867,0.91,1.98015,-5.853871964,1.77,21.19187281,1.012837225,0.601065704,0.024288603,0.034497878,0.016335114,0.002061639,0.031021034,0.24,0.016865805,0
091020A,1.71,1.590061231,-9.71219827,2.95265011,1.17417264,0.895,2.08587,-5.431798276,1.53,21.70587483,0.62324929,4.875038864,0.034480687,0.045271255,0.018244861,0.002182887,0.011737689,0.07,0.031021034,0
091024A,1.09,1.995196292,-10.106937300022679,3.7751049885228523,1.5447336996548982,0.9018363012630082,1.49013,-5.214670165,1.2,22.23512426,0.301029996,,0.47921069338385536,0.2696159555754196,0.19578922599403914,0.10946543382858942,0.021358745,0.08,0.065144172,1
091029A,2.752,1.593286067,-11.34678749,4.30368998,1.12123368,1.064,2.11535,-5.619788758,1.46,21.45058625,0.255272505,4.829610314,0.02563352,0.034224003,0.026782025,0.002,0.018095603,0.27,0.024127471,0
091109A,3.076,1.681241237,-11.14630179,3.37933883,1.06152816,0.89,1.96352,-5.795880017,1.31,21.89596701,0.113943352,16.70810678,0.05941034,0.074268877,0.033719571,0.03,0.05428681,0.25,0.133629071,0
091127A,0.49,0.84260924,-9.844663963,3.98466812,1.39581701,0.758,1.80187,-5.045757491,2.05,20.87872913,1.667452953,0.150359555,0.018562516,0.021935207,0.013587309,0.00244132,0.014476483,0.07,0.025217099,0
091208B,1.063,1.173186268,-10.18045606,3.31388094,1.1606541,0.86,2.03333,-5.48148606,1.74,21.91211094,1.181843588,2.897723268,0.036806415,0.052928177,0.030502454,0.034663611,0.026320878,0.11,0.028572005,0
100219A,4.67,1.274157849,-10.958351868130318,3.527803868111195,1.5547161883983263,1.0043088807402898,1.58721,-6.431798276,1.34,18.42501386,-0.397940009,,0.4600849634128501,0.30664355468831905,0.192667137456485,0.11687547479494204,0.070426132,0.25,0.10857362,1
100316B,1.18,0.579783597,-11.1481304,3.5543767,1.36246063,1.08,2.23535,-6.698970004,2.23,21.41315218,0.113943352,0.445223532,0.10431242,0.207348761,0.13322096,0.02,0.043429448,0.18,0.033407268,0
100316D,0.06,2.717570654,-10.952650702596575,4.846531532809529,1.7821762169180368,0.9538759000224928,2.49431,-6.522878745,2.29,21.60728985,-1.0,,0.46358471327007855,0.43944375148582226,0.25553486733117836,0.09467647061532358,0.115811862,0.41,0.0,1
100418A,0.6235,0.84509804,-12.48811664,5.54363,1.81145,0.84,2.26662,-6.468521083,2.16,15.61943666,0.0,0.963279858,0.10745,0.075475,0.16786,0.01,0.063866836,0.25,0.086858896,0
100425A,1.755,1.568201724,-11.50168945,3.60199415,0.86819371,1.46,2.17077,-6.327902142,2.42,20.53466438,0.146128036,3.773539953,0.070859065,0.115125536,0.055076895,0.035,0.083162773,0.32,0.062042069,0
100508A,0.5201,1.716003344,-10.9359621603584,3.765004208497773,1.1604966215744665,0.8567259921106413,1.9368495003839028,-6.15490196,1.23,20.84356974,-0.397940009,,0.4497001988680287,0.34186188744904045,0.2408435790938681,0.10391518384771892,0.0580980942149184,0.25,0.1011089103353555,1
100513A,4.772,1.924279286,-11.57186521,3.74522911,0.96306136,1.36,2.25722,-5.853871964,1.62,22.05240534,-0.22184875,14.87086076,0.09817689,0.128616618,0.061569437,0.025,0.031021034,0.14,0.072382414,0
100621A,0.542,1.803457116,-9.804100348,3.64164386,0.94079321,0.27,2.3024,-4.677780705,1.9,22.28454803,1.10720997,1.683600844,0.041282476,0.060455075,0.024177265,0.150679792,0.0,0.03,0.010178777,0
100704A,3.6,2.2955671,-10.35163999,3.62503495,1.01294211,1.29,2.11575,-5.22184875,1.73,21.52730245,0.633468456,23.25931459,0.04763446,0.053639373,0.01813996,0.01,0.014476483,0.06,0.020199743,0
100724A,1.288,0.146128036,-10.67778071,2.86502502,1.11237691,0.83,1.94442,-6.795880017,1.92,21.01720452,0.278753601,0.155794716,0.14742817,0.168928757,0.065002869,0.05,0.05428681,0.21,0.045715209,0
100728A,1.567,2.297760511,-10.17587417,4.03148606,1.5588143,0.96,1.90402,-4.420216403,1.18,21.52592288,0.707570176,12.6465837,0.0760751,0.053762484,0.034265796,0.005,0.0,0.02,0.017031156,0
100814A,1.44,2.241795431,-11.49349497,5.22729477,1.76532941,1.1425,1.89414,-5.045757491,1.47,20.89608288,0.397940009,9.468174905,0.04362636,0.035347138,0.084015169,0.01745135,0.009650988,0.04,0.034743559,0
100816A,0.804,0.462397998,-11.5559552,3.97801299,1.04455013,1.09,1.91138,-5.698970004,0.73,21.34783526,1.037426498,0.621173086,0.08674922,0.112014005,0.047175154,0.015,0.021714724,0.24,0.015937412,0
100901A,1.408,2.64246452,-11.34103516,4.91124,1.50754,1.075,1.98285,-5.677780705,1.52,21.53188109,-0.096910013,22.56299024,0.0283,0.02425,0.036255,0.0005,0.062042069,0.21,0.10857362,0
100906A,1.727,2.058426024,-10.4698003,3.94074768,1.71220056,0.87,2.02817,-4.920818754,1.78,21.96198081,1.004321374,1.591145486,0.048743085,0.039933316,0.059340084,0.0,0.0,0.03,0.017199781,0
101219B,0.55,1.531478917,-11.99567863,4.42003952,0.66918137,0.94,1.85684,-5.677780705,1.56,20.49692965,-0.22184875,5.420624286,0.089446275,0.166829365,0.039390628,0.105,0.082722758,0.16,0.217147241,0
101225A,0.33,3.036628895,-11.536488405649925,4.368914797260828,1.0520535842151726,0.9038163803140729,1.81612,-5.721246399,1.82,21.11770968,-0.3386108047086509,,0.49887696116780056,0.36086055036393794,0.2144102205283948,0.09150323223205448,0.091430417,0.32,0.1093220349114675,1
110106B,0.618,-0.0284881041854658,-10.81530857,3.87203946,1.22519883,1.03,2.05121,-5.698970004,1.76,21.29748256,0.322219295,16.62661769,0.045543555,0.058714404,0.049891228,0.005,0.013159123,0.066666667,0.0137175580159434,0
110205A,2.21,2.409933123,-10.980489531101917,4.120487615923457,1.6966667506149902,0.9154155947003986,1.93577,-4.769551079,1.8,21.37042981,0.556302501,,0.5015997461874031,0.3315842062217913,0.23000973694717486,0.09944043793747848,0.0,0.04,0.024127471,1
110213A,1.46,1.681241237,-9.896196279,3.84089,1.8412,1.1905,1.96436,-5.229147988,1.83,21.56708403,0.204119983,16.0,0.03588,0.023515,0.02785,0.226362665,0.029443694,0.12,0.162860431,0
110422A,1.77,1.413299764,-9.681936665,3.50066971,1.42239886,0.778,1.89199,-4.387216143,0.86,22.02088312,1.487138375,0.566646277,0.024137407,0.029472713,0.022779716,0.005,0.010592548,0.1,0.0141464,0
110503A,1.613,1.0,-9.08249449,2.54166555,1.14649063,0.687,1.90907,-5.0,0.88,21.13638759,0.130333768,3.405445073,0.028998071,0.028887961,0.006289914,0.001,0.017371779,0.25,0.019301977,0
110715A,0.82,1.113943352,-9.075720714,2.61109719,0.95853538,0.755,1.85342,-4.928117993,1.25,22.0746007,1.731588765,4.0,0.02377653,0.035600881,0.009554076,0.0015,0.007360923,0.12,0.008863153,0
110731A,2.83,1.588831726,-12.08512818,5.08952072,1.42351927,0.39,1.85145,-5.22184875,1.15,21.95954126,1.041392685,11.66246372,0.097418495,0.090702815,0.110855301,0.13,0.007238241,0.05,0.011844395,0
110801A,1.858,2.58546073,-10.400945934895896,3.822491536251154,1.5213771501199533,0.9546647148901031,2.04784,-5.327902142,1.84,21.39050236,0.041392685,,0.42223873624814345,0.2921271551070779,0.1854847064993982,0.10587291069604421,0.027720924,0.1,0.078962633,1
110808A,1.348,1.681241237,-12.08440021,4.50711,0.807091,1.4,2.33721,-6.48148606,2.32,14.56450155,-0.397940009,22.627417,0.0837,0.155655,0.0776,0.025,0.105283511,0.43,0.217147241,0
110818A,3.36,2.012837225,-11.28316228,3.84627415,1.37167718,0.83,1.95985,-5.397940009,1.58,22.06812647,0.204119983,18.0548006,0.05514905,0.059648416,0.067338189,0.01,0.021714724,0.11,0.081430215,0
111008A,4.9898,1.802500068,-10.66756154,3.98993393,1.21584288,0.829,1.94053,-5.27572413,1.86,22.17059025,0.806179974,2.36485691,0.028511085,0.035676696,0.027351291,0.001,0.024582707,0.09,0.047500959,0
111107A,2.893,1.424881637,-10.767739633256138,3.438228847844123,1.0711605495345222,0.9560913948556307,2.11569,-6.055517328,1.49,21.56675205,0.079181246,,0.42966056591193436,0.3562330421503792,0.19249944400489777,0.10005985893452651,0.039481317,0.14,0.072382414,1
111117A,2.211,0.095336512871744,-11.56224944,3.040958613,1.320391508,0.79,2.19593,-6.853871964,0.65,21.35810434,0.130333768,0.053665607,0.1607292,0.16895411,0.11777667,0.045,0.033812927,0.133333333,0.0798860715132569,0
111123A,3.1516,2.462397998,-11.60730305,4.42202873,1.46723371,1.25,2.55463,-5.13667714,1.68,21.35034301,-0.045757491,88.09086218,0.07308827,0.070655771,0.105884147,0.005,0.017847718,0.07,0.048254942,0
111209A,0.677,2.505149978,-9.057000407,4.13326,2.77382,0.2529,1.81212,-4.443697499,1.48,21.14009932,-0.301029996,29.55180898,0.02099,0.010455,0.04435,5e-05,0.012063736,0.03,0.086858896,0
111228A,0.714,2.005180513,-10.65757732,4.10627835,1.15297662,0.99,2.03824,-5.070581074,2.27,21.41342718,1.093421685,5.415902489,0.030118345,0.037264425,0.023299272,0.0,0.010218694,0.06,0.017511874,0
120118B,2.943,1.36660971,-10.95467702,3.68307,1.0241,1.01,2.20884,-5.744727495,2.08,21.451745,0.342422681,19.64696058,0.1172,0.131765,0.077156,0.005,0.024127471,0.11,0.059221975,0
120119A,3.1,2.404491618,-10.500861361056911,3.5290445590222173,1.4748197200364974,0.9409553377577173,1.61077,-4.769551079,1.38,22.02202812,1.012837225,,0.39304859707327555,0.32017861759184285,0.1906106734720796,0.09749033648734728,0.0,0.04,0.012649354,1
120327A,2.813,1.798650645,-10.15181088,3.48517215,1.44859414,0.63,1.75797,-5.443697499,1.52,22.16619025,0.591064607,7.52171255,0.04362492,0.051679097,0.058002882,0.02,0.012063736,0.06,0.022271512,0
120404A,2.876,1.587710965,-11.02687215,3.79948,1.90651,0.69,1.89579,-5.795880017,1.85,21.70983536,0.079181246,16.0,0.11705,0.068285,0.121385,0.005,0.027143405,0.13,0.072382414,0
120422A,0.283,0.728353782,-12.73992861,5.23266697,0.86153199,1.1,2.32199,-6.638272164,1.19,16.83373789,-0.22184875,2.236067977,0.11830242,0.217818621,0.214451933,0.035,0.075529475,0.24,0.144764827,0
120711A,1.405,2.06069784,-10.953846696722813,3.9510113278126964,1.2576167948643144,0.8791313667690204,1.968238230144757,-5.599567401964321,1.7394506792894475,20.88902047593738,0.1529808850365199,,0.4458227427768042,0.27934853920355174,0.19848359011229355,0.1065354069533293,0.0445850499081247,0.1906576904457001,0.0796645497755468,1
120729A,0.8,1.854306042,-10.29756946,3.52138487,2.26312734,0.645,1.8831,-5.619788758,1.62,21.34792103,0.462397998,36.74353317,0.06906832,0.047294772,0.130088482,0.013331067,0.018095603,0.08,0.029951344,0
120802A,3.796,1.698970004,-11.17198494,3.53838419,0.54215516,0.91,2.03526,-5.721246399,1.21,22.12127744,0.477121255,31.02460027,0.07803221,0.220557212,0.11816229,0.055,0.068572813,0.47,0.028952965,0
120804A,1.3,0.2870342433387931,-9.76498948,2.56606,1.09546,0.86,2.05668,-6.055517328,1.34,21.60814292,1.033423755,0.083234562,0.16554,0.17802,0.037085,0.015,0.014953549,0.048484848,0.1330870383171734,0
120811C,2.671,1.428134794,-10.14327111,3.15909591,1.01613299,0.65,1.92121,-5.522878745,1.4,21.91722026,0.612783857,3.693579286,0.05294686,0.084200302,0.03800099,0.090734018,0.043429448,0.3,0.021185097,0
120815A,2.36,0.986771734,-10.699971440155633,3.448579967051943,1.024318323564159,0.9255111028060017,1.84293,-6.30980392,2.29,21.77242733,0.342422681,,0.4307418965912042,0.3198138771974628,0.20418062599924935,0.08850826907366016,0.062042069,0.23,0.059221975,1
120907A,0.97,1.227886705,-10.37675071,3.2113827,1.05329104,0.78,1.82021,-6.173925197,1.73,21.0438101,0.462397998,1.370430613,0.04130341,0.062296694,0.028647271,0.005,0.071302079,0.25,0.059902687,0
120922A,3.1,2.238046103,-10.59516628,3.59799,1.06622,1.17,2.06954,-5.207608311,1.58,21.0163605,0.301029996,30.24009631,0.16365,0.133375,0.03563,0.005,0.049033248,0.36,0.043429448,0
121024A,2.298,1.838849091,-11.31158018,4.17178823,1.30353551,0.87,2.00683,-5.958607315,1.41,21.94617755,0.113943352,32.06243908,0.063305895,0.065435085,0.06666149,0.0,0.039481317,0.22,0.066814536,0
121027A,1.773,1.796574333,-11.92081875,5.40919042,1.50995764,1.16,2.37144,-5.698970004,1.82,22.07736427,0.113943352,4.820058467,0.041584155,0.037953731,0.058939694,0.0,0.021714724,0.09,0.066814536,0
121128A,2.2,1.367355921,-9.617982957,3.23392922,1.54546584,0.9455,1.98504,-5.161150909,1.32,22.04029767,1.11058971,1.63061216,0.028690024,0.029795568,0.032445001,0.010337721,0.025176492,0.18,0.013466496,0
121211A,1.023,2.260071388,-11.2823295,4.20933518,1.15615612,0.95,2.0682,-5.886056648,2.36,21.66138196,0.0,39.28730733,0.054250775,0.063247159,0.074602829,0.005,0.089197405,0.26,0.130288345,0
121217A,3.1,2.890979597,-10.626137448746595,3.5885218380604673,1.0803169119223812,0.9520264565494556,1.968478049601427,-5.207608311,1.53,21.6003032,0.255272505,,0.39017667354083585,0.3018100450135215,0.19929067721285948,0.09645789412935768,0.0302144713479088,0.08,0.0649371985063369,1
130215A,0.6,1.81756537,-11.279656845506821,4.6388140955545865,1.778252227927747,0.9466978407039476,1.9504566342509055,-5.26760624,1.59,21.157573025851473,0.397940009,,0.526953981813282,0.4400745197087872,0.37413943139735995,0.09984845708558082,0.040212452,0.14,0.121602455,1
130408A,3.757,1.447158031,-10.32975415,3.58393,1.39277,0.945,2.03183,-5.638272164,1.28,20.06405721,0.69019608,13.06603535,0.077,0.070305,0.0643,0.117120218,0.075529475,0.26,0.088631527,0
130418A,1.218,2.0720002324037163,-9.247183569,2.59006,1.28449,0.198,1.68684,-5.744727495,2.07,21.12149747,-0.22184875,46.08809848,0.06047,0.06867,0.031625,0.003,0.048254942,0.17,0.144764827,0
130420A,1.297,2.091666958,-10.8728952,3.56731,0.914676,1.17,2.29559,-5.148741651,1.52,20.79265849,0.531478917,11.73673073,0.05505,0.08535,0.0286905,0.005,0.018350471,0.25,0.025546734,0
130427A,0.34,2.211734423,-10.12966589740133,3.975938901257801,1.34037834114177,0.8972879091208978,1.78644,-3.508638306,1.21,20.99021494,2.519827994,,0.42550234622863936,0.2910281442768483,0.17441216268917847,0.10192040474700548,0.00420285,0.02,0.006035512,1
130511A,1.3033,0.73479983,-10.51570016,2.65954,1.16497,0.65,2.06879,-6.657577319,1.35,21.01365445,0.113943352,2.212184473,0.0838,0.089385,0.04916,0.01,0.078962633,0.31,0.066814536,0
130514A,3.6,2.309630167,-10.7212464,3.68772,1.17745,0.65,2.0604,-5.040958608,1.8,21.19799139,0.447158031,12.81269759,0.078,0.078365,0.04188,0.08,0.009544934,0.05,0.046531552,0
130603B,0.356,-0.744727495,-10.51286162,3.52927,1.50729,0.84,2.20112,-6.200659451,0.82,21.35365854,0.806179974,0.024000049,0.04335,0.045125,0.07082,0.029144184,0.02068069,0.07,0.020357554,0
130604A,1.06,1.57634135,-8.316052869,2.071571247,1.742079764,0.98,2.08823,-5.853871964,1.51,21.35024026,-0.096910013,4.559271868,0.166441725,0.100184013,0.041653571,0.015,0.031021034,0.12,0.10857362,0
130606A,5.913,2.441820772,-10.18045606,3.30222,1.37571,0.44,1.86465,-5.537602002,1.52,20.24962877,0.414973348,19.31096766,0.06815,0.07782,0.05186,0.045,0.029951344,0.12,0.033407268,0
130702A,0.15,1.770852012,-10.534165036690023,4.220695427828396,1.4075596083336113,0.8671922055975738,1.95922507826468,-5.286212757568236,1.7069931932884015,21.100248932026105,0.6973139856033859,,0.38194957237200455,0.33323295599406766,0.1862335540199015,0.10676053375318773,0.0328032555071814,0.1717865157286306,0.043879736569635,1
130831A,0.4791,1.511883361,-9.89279003,3.31959,1.28481,1.01,1.79449,-5.187086643,1.93,19.84752454,1.133538908,1.864331486,0.054815,0.089045,0.06727,0.009011148,0.001336291,0.05,0.019160051,0
131004A,0.717,0.187520721,-9.847711656,3.06764,2.37965,1.09,2.21436,-6.552841969,1.81,21.41915412,0.531478917,0.326337244,0.339855,0.2446,0.27747,0.01,0.031021034,0.11,0.025546734,0
131030A,1.295,1.613841822,-9.294136288,2.84594,1.11188,0.693,2.09466,-4.537602002,1.3,20.84178667,1.44870632,4.042662472,0.025175,0.027575,0.00815,0.0075,0.0,0.03,0.010818724,0
131105A,1.686,2.050379756,-10.91009489,3.9488,1.19347,0.94,2.24976,-5.148741651,1.45,21.32749584,0.544068044,4.086802216,0.03335,0.047885,0.04544,0.005,0.030584118,0.11,0.074450483,0
131117A,4.042,1.041392685,-10.838632,2.87134,0.951056,0.86,2.15896,-6.602059991,-0.4,22.01669496,-0.15490196,3.16227766,0.0823,0.12461,0.0362555,0.025,0.069487117,1.41,0.062042069,0
140206A,2.73,1.971275849,-9.730487056,3.59073,1.22509,0.672,1.88134,-4.795880017,1.04,22.00531353,1.28780173,13.75282388,0.012995,0.021325,0.015545,0.021902336,0.008143022,0.15,0.011193157,0
140213A,1.2076,1.77815125,-10.12551818,3.829176603,1.108879519,0.83,1.96657,-4.920818754,1.8,20.99187128,1.371067862,2.62312486,0.06303582,0.068643889,0.021746292,0.005,0.0,0.04,0.014784493,0
140419A,3.956,1.976349979,-10.00568285,3.68383,1.36898,0.678,1.87322,-4.795880017,1.21,22.04094236,0.69019608,3.817215769,0.023985,0.02442,0.017885,0.001,0.0,0.04,0.017726305,0
140423A,3.26,2.127104798,-10.85078089,3.90552,1.18974,0.77,2.06486,-5.026872146,1.33,21.81946365,0.322219295,23.01198296,0.05035,0.05495,0.045115,0.149849463,0.013860462,0.06,0.041361379,0
140430A,1.6,2.239549721,-11.36251027,4.14388,0.875171,1.03,2.15785,-5.958607315,2.0,21.67796993,0.397940009,3.69174647,0.0861,0.13071,0.0833725,0.035,0.078962633,0.22,0.034743559,0
140506A,0.889,2.045714059,-9.903089987,3.30686,0.948932,0.9,1.74751,-5.552841969,1.68,21.81764402,1.037426498,9.556709938,0.05516,0.06882,0.01557,0.047966029,0.046531552,0.16,0.035859177,0
140509A,2.4,1.170927303334441,-11.09770006,3.58709,1.40649,0.86,1.93407,-5.920818754,1.59,20.90144742,0.204119983,5.171156949,0.08395,0.088715,0.10418,0.22,0.04379136,0.121212121,0.117055576617339,0
140512A,0.725,2.189770956,-9.504455662,3.53686,1.25134,0.871,1.84304,-4.853871964,1.45,21.32824297,0.832508913,4.787065924,0.01504,0.022285,0.02006,0.002482817,0.00930631,0.04,0.019160051,0
140518A,4.707,1.781755375,-11.31158018,3.77824,1.64981,0.94,1.93772,-6.0,0.92,22.46148952,0.0,2.429189161,0.09045,0.070125,0.18819,0.0,0.043429448,0.61,0.043429448,0
140614A,4.233,2.857332496,-10.9589,3.70006,1.35595,0.83,1.77015,-5.886056648,1.5,12.04338193,-1.4317581319867032,160.0586725,0.1129,0.098945,0.093145,0.05,0.133629071,0.46,0.1633216069845049,0
140629A,2.275,1.62324929,-9.847711656,2.85608,1.16056,0.815,1.95996,-5.619788758,1.86,21.74269921,0.62324929,11.54148842,0.042785,0.06161,0.03501,0.001678552,0.036191207,0.11,0.041361379,0
140801A,1.32,0.84509804,-10.876089523159822,3.8593714593973916,1.1449174291283906,0.9002709915134242,2.0112844096726232,-6.059058555641941,1.8337050230980616,20.8744034307407,0.5741538726947564,,0.44848662207144585,0.28289249915096937,0.19652800795622577,0.10376507008703673,0.0466131295127891,0.2495711696099862,0.0548014009952138,1
140903A,0.351,-0.522878745,-11.30980392,4.29222,1.22723,0.57,1.63218,-6.853871964,1.99,21.07864529,0.397940009,0.034176028,0.06395,0.074155,0.110285,0.0,0.031021034,0.12,0.034743559,0
140907A,1.21,1.898725182,-10.680043495782634,3.872971992455409,1.196560286954128,0.9746047788574879,2.00735,-5.366531544,1.72,21.4811071,0.397940009,,0.4356668256154448,0.3133559170211755,0.18752968176097962,0.09757987895825865,0.020199743,0.07,0.034743559,1
141004A,0.573,0.593286067,-10.61083392,3.30337,1.54959,1.08,1.79496,-6.173925197,1.86,21.49730845,0.785329835,1.073372291,0.0853,0.081935,0.09774,0.005,0.019446022,0.08,0.021358745,0
141121A,1.47,2.74028372,-12.65757732,5.76634,2.33322,0.82,1.93447,-5.27572413,1.73,21.59590717,-0.045757491,37.82221354,0.1675,0.090095,0.2969,0.01,0.032776942,0.13,0.144764827,0
141220A,1.3195,0.857935265,-9.872830386,2.77561,1.42066,1.1,1.80565,-5.585026652,0.62,21.48574413,0.949390007,0.473776348,0.042455,0.057375,0.050735,0.07,0.016703634,0.38,0.034157993,0
141221A,1.45,1.567026366,-10.184117582130757,3.242587773439066,1.3526210323320875,0.8367613639574072,2.22288,-5.677780705,1.74,21.46788768,0.491361694,,0.42673803151663403,0.3342178378749967,0.18491970806178692,0.10628915697252894,0.02068069,0.08,0.028018999,1
150120B,3.5,2.017622884887956,-10.79048499,3.39431,1.17705,0.92,2.01678,-6.26760624,2.2,21.52664292,0.079181246,3.388285726,0.0711,0.090535,0.057705,0.005,0.039006078,0.151515152,0.0542106768002651,0
150314A,1.758,1.169968174,-8.609064893,2.49217,1.19079,0.73,1.84772,-4.657577319,1.08,22.01715025,1.58546073,2.631341157,0.015025,0.015855,0.009925,0.0,0.005922197,0.03,0.010152339,0
150323A,0.593,2.174931594,-11.028029962154113,3.6758119438657126,0.9837247170837459,0.9796051653252822,2.0639,-5.214670165,1.85,21.69269626,0.73239376,,0.44040209857754586,0.2709551872519713,0.2087332788083579,0.12130735338932175,0.014239163,0.07,0.024127471,1
150403A,2.06,1.611723308,-8.821023053,3.19694,1.24471,0.679,1.70996,-4.769551079,1.23,21.79039707,1.245512668,12.01358912,0.005105,0.006975,0.00458,0.0,0.00766402,0.04,0.014805494,0
150413A,3.139,2.420945406,-10.534778624686714,4.003066672670842,1.9346616812399668,1.0006589146066303,1.995015333716752,-5.366531544,1.75,21.25058364392849,0.204119983,,0.386995192454223,0.2947206049340019,0.26847598094577707,0.24079332439050705,0.040399487,0.14,0.081430215,1
150821A,0.755,2.23578087,-8.853871964,2.95174,1.82628,0.848,2.21622,-6.102372909,2.1,22.340573,-1.4977667946097688,99.0437544,0.021105,0.015485,0.027365,0.0005,0.104450572,0.37,0.1883988516472828,0
150910A,1.3585,2.049992857,-9.968560382483535,3.35987169064616,1.3400475531595657,0.876047287797822,1.78547,-5.318758763,1.42,20.842422,0.041392685,,0.43815846632213074,0.3033365634932017,0.16454144265310255,0.10194668354304859,0.036191207,0.12,0.157925266,1
151021A,2.33,2.042181595,-9.642065153,3.15765,1.33346,1.27,1.96079,-4.552841969,1.57,22.33647975,0.986771734,3.648780623,0.06282,0.05208,0.02141,0.04,0.015510517,0.04,0.035818102,0
151027A,0.81,2.11290649,-9.935542011,3.99907,1.74508,0.9235,2.00612,-5.107905397,1.72,21.65076489,0.832508913,5.47526252,0.02221,0.01731,0.02499,0.002440971,0.011135756,0.05,0.038320101,0
151215A,2.59,1.250420002,-10.72815839,3.06337,1.07478,1.015,2.20942,-6.508638306,1.99,11.58323846,0.204119983,1.003450114,0.093,0.11588,0.071395,0.35435971,0.098066496,0.33,0.05428681,0
160117B,0.87,0.6970621878108274,-11.74958,4.10299,0.973333,0.64,1.83834,-6.4710833,1.73,20.95374423,-0.7059298077884262,2.461495511,0.12265,0.162075,0.093958,0.015,0.005627928835757,0.0041822719666068,0.1221917217848072,0
160121A,1.96,1.079181246,-11.17263073,3.8244,0.798663,1.02,2.2054,-6.214670165,1.77,16.38465801,0.079181246,2.383886728,0.0694,0.120385,0.106048,0.03,0.035597908,0.13,0.072382414,0
160131A,0.972,2.511883361,-10.143403709254319,3.762422491773532,1.3321251614382725,0.9535979820370349,2.02332,-4.690369833,1.24,21.680967,0.806179974,,0.4234861998948958,0.2978632417999587,0.18807067143238654,0.10405337864901887,0.010644473,0.05,0.020357554,1
160203A,3.52,1.305351369,-11.36754271,3.66139836,1.146279559,0.61,1.75592,-5.920818754,1.93,22.0158332,0.113943352,3.236126049,0.08458679,0.087010427,0.0601909,0.25,0.036191207,0.2,0.133629071,0
160227A,2.38,2.500373714,-10.99567863,4.47751,1.10229,0.679,1.72551,-5.508638306,0.75,21.4198963,-0.22184875,75.36821526,0.03055,0.03885,0.03434,0.001,0.028018999,0.51,0.072382414,0
160314A,0.726,0.941014244,-10.775394129091472,3.2584286041810353,1.0065397861523948,0.9493305123568916,1.95129,-6.552841969,1.53,11.89812103,-0.045757491,,0.412956756157711,0.3725786722662481,0.21418042862448977,0.09954969822113163,0.062042069,0.22,0.096509885,1
160327A,4.99,1.447158031,-11.22402567,3.76407,1.49693,0.78,1.93554,-5.853871964,1.84,20.72655851,0.255272505,9.225420765,0.0673,0.06033,0.1004,0.02,0.031021034,0.11,0.048254942,0
160425A,0.555,2.483701382,-10.751049449538325,3.6073444418106013,1.163200441458931,1.056248131881159,2.51113,-5.677780705,2.2,22.05510681,0.447158031,,0.41298036935937343,0.35034492655243876,0.22403383163749668,0.13859938280422374,0.041361379,0.18,0.031021034,1
160804A,0.736,2.15896526,-11.5214335,4.38419,0.948229,0.92,1.87827,-4.943095149,1.4,21.30214687,0.462397998,19.22975247,0.05875,0.095375,0.070062,0.005,0.011428802,0.23,0.044927015,0
161014A,2.823,1.26245109,-10.839044129659635,3.7810634963006855,1.39809730633389,0.9144345204647168,1.83236,-5.721246399,1.47,22.18657496,0.462397998,,0.46418602271780696,0.3081819602772995,0.18234573668712917,0.08991618948564256,0.045715209,0.15,0.089854031,1
161023A,2.71,1.643452676,-10.46575894426434,3.99786185890936,1.4040846561128604,0.8921799884266017,1.9542974144585417,-5.420565983485856,1.4842948827309896,21.187248830385258,0.5882097915072286,,0.42375109439197,0.3015788873770513,0.18931726529771553,0.0966330376547066,0.0255406174190192,0.1590307472179342,0.0451456901736497,1
161108A,1.159,2.021602716,-11.81247928,4.69106,0.883711,0.84,2.00325,-5.958607315,1.85,21.16074757,-0.22184875,11.8942948,0.13355,0.18179,0.0812555,0.005,0.039481317,0.17,0.072382414,0
161117A,1.549,2.099335278,-10.74958,4.08464,1.141,1.375,1.92624,-4.698970004,1.19,21.87736847,0.832508913,1.095627703,0.03835,0.04019,0.02365,0.674290141,0.0,0.12,0.019160051,0
161129A,0.645,1.550595207,-10.43651891,3.70506,2.32574,0.71,1.74506,-5.443697499,1.57,21.51361441,0.531478917,2.093571159,0.10625,0.050725,0.10628,0.005,0.012063736,0.06,0.025546734,0
161219B,0.1475,0.84135947,-10.13667714,4.0135,0.871656,0.73,1.86204,-5.823908741,1.29,21.16590877,0.72427587,0.791979781,0.0277,0.03841,0.008668,0.0,0.028952965,0.35,0.032776942,0
170113A,1.968,1.315130317,-10.700927458642607,3.740547028228521,1.2640377071948927,0.9278474513884646,1.81917,-6.173925197,0.75,21.4429483,0.041392685,,0.4357289219529621,0.2897867995198511,0.1891589572030843,0.09542978350513964,0.04537405,0.59,0.039481317,1
170202A,3.645,1.664641976,-10.65364703,3.77629,1.1958,1.04,1.99768,-5.48148606,1.68,21.7153121,0.672097858,11.44830537,0.04485,0.068655,0.059155,0.0,0.013160439,0.07,0.027720924,0
170405A,3.51,2.216693599,-10.31069114,3.6300738,1.81152426,0.612,1.8473,-5.431798276,1.59,13.21022485,-0.0335186812736592,35.39093667,0.048255345,0.035670699,0.072401387,0.0475,0.035213066,0.12,0.1539527693083039,0
170519A,0.818,2.335257256,-11.06348626,4.1513,1.37345,0.975,1.97351,-5.958607315,1.94,21.33992622,-0.15490196,49.40433008,0.053,0.052235,0.066745,0.224423613,0.078962633,0.26,0.062042069,0
170531B,2.366,2.215187969,-11.39577395,3.80257,1.02082,0.99,2.06685,-5.698970004,1.95,9.634585075,-0.096910013,8.820503864,0.08415,0.11435,0.107427,0.035,0.043429448,0.14,0.10857362,0
170607A,0.557,1.361727836,-10.472983038904324,3.875947709709263,1.1836679516912527,0.9465924427262242,1.94001,-5.124938737,1.61,20.90203663,1.0833454232818145,,0.3901736673595684,0.31092583448026434,0.17396225222927908,0.10155776248672094,0.017371779,0.07,0.0231184496675564,1
170705A,2.01,2.337059726,-10.18641901,3.63746,0.774169,0.66,1.89159,-5.022276395,1.65,21.08891889,1.1430148,18.07805176,0.04055,0.06603,0.027333,0.005,0.013714563,0.05,0.012497683,0
170714A,0.793,3.0,-11.110886370749952,3.9691674840337376,1.6618935103231205,0.9553230387732233,1.84715,-5.552841969,1.76,21.06857952,-0.397940009,,0.4948193489581758,0.34668987178663824,0.34868979810199563,0.09619125804823508,0.046531552,0.17,0.217147241,1
170903A,0.886,1.465382851,-11.26042766,4.41384,0.971187,1.14,2.20256,-5.619788758,1.94,21.73970839,0.591064607,3.59505881,0.04095,0.065935,0.051271,0.005,0.036191207,0.12,0.05567878,0
171205A,0.0368,2.277379975,-12.42945706,5.48376,1.13263,0.67,1.66173,-5.443697499,1.41,19.67443398,0.0,35.1681973,0.0719,0.109545,0.115455,0.01,0.036191207,0.14,0.130288345,0
171222A,2.409,2.242541428,-12.10957898,4.78231,0.718496,1.34,1.99001,-5.721246399,2.07,20.02880298,-0.15490196,22.66456934,0.20975,0.378455,0.126956,0.015,0.045715209,0.17,0.124084138,0
180115A,2.487,1.611723308,-10.320492060850802,3.337821691936944,1.1971567003794048,0.9449260028462767,1.9512,-6.119186408,1.66,20.61397389,-0.22184875,,0.3845925541677859,0.2989321847068016,0.20186684886732442,0.09892998234621247,0.062858412,0.22,0.144764827,1
180205A,1.409,1.190331698,-10.30627305,3.21372,1.09633,1.03,1.88733,-6.0,2.04,21.4933967,0.531478917,3.123262328,0.06455,0.088815,0.042095,0.005,0.043429448,0.13,0.038320101,0
180325A,2.248,1.973589623,-10.845579724504098,3.753036002080792,1.4377291053445502,0.9849213704765445,1.85846,-5.187086643,1.18,22.14319598,0.973127854,,0.3950649493760281,0.2931140550348508,0.1928390991517107,0.10084151737289954,0.013362907,0.05,0.013860462,1
180329B,1.998,2.322219295,-11.14935376,4.02296,1.50063,0.77,1.86768,-5.48148606,0.97,21.41988474,0.146128036,44.04594331,0.04825,0.04314,0.069665,0.0,0.039481317,0.56,0.124084138,0
180620B,1.1175,2.29841638,-10.98296666,4.6659,1.09835,0.9,1.99236,-5.0,1.3,21.21643247,0.556302501,27.4443118,0.0437,0.067125,0.059445,0.005,0.013028834,0.2,0.024127471,0
180624A,2.855,2.686993566,-11.54363397,4.171185481,1.243849338,0.95,2.06008,-5.236572006,1.91,21.1034582,0.146128036,38.50431688,0.088149935,0.099379055,0.123366444,0.0,0.022463508,0.1,0.062042069,0
180720B,0.654,3.0644401901042517,-8.847711656,3.62033,1.34127,0.729,1.8461,-4.065501549,1.36,21.24271531,1.831869774,3.688453378,0.004975,0.00614,0.005375,0.0,0.005049936,0.03,0.016629833,0
180728A,0.117,0.938519725,-9.42365865,3.8695,1.1986,0.8595,1.70111,-4.528708289,1.97,21.58733599,2.120573931,0.297321378,0.009885,0.014745,0.0091,0.042486494,0.008803267,0.03,0.009541318,0
181010A,1.39,1.214843848,-9.928117993,3.15711,1.07011,1.115,1.76613,-6.161150909,1.52,22.27837171,0.146128036,2.192792779,0.034615,0.057805,0.033375,0.007041969,0.04405886,0.15,0.062042069,0
181020A,2.938,2.376576957,-10.42365865,4.29043,2.64643,1.228,1.93674,-5.091514981,1.25,20.65703194,0.886490725,11.5888181,0.1418,0.047555,0.091985,0.029531206,0.016084981,0.06,0.016920564,0
181201A,0.45,1.283301229,-10.37569838247617,4.079510693528984,1.2887235382178308,0.8847948379838256,1.9791361278314552,-5.371530119119361,1.6235777840195682,21.146843483299797,0.899550776141651,,0.4173805468932521,0.28578770193382397,0.18377027896509812,0.0882395827373364,0.0288230416508681,0.1782357656960614,0.0293124960699646,1
190114A,3.3765,1.823474229,-10.75202673,3.74534,1.18375,0.86,1.83214,-6.096910013,2.06,21.6447605,-0.301029996,10.18381229,0.03365,0.042215,0.04616,0.0,0.065144172,0.22,0.173717793,0
190627A,1.942,0.204119983,-11.39794001,4.71457,1.55937,0.964,1.95997,-7.004364805,2.38,21.25707831,0.041392685,0.284871976,0.06155,0.06135,0.11984,0.023,0.096509885,0.38,0.11844395,0
190719C,2.469,2.268811904,-11.257,4.88123,1.55953,0.915,1.5415,-5.292429824,1.64,20.95382587,0.740362689,9.689285646,0.2175,0.1943,0.21085,0.22,0.025546734,0.09,0.02368879,0
190829A,0.0785,1.764922985,-9.56068,4.0838,1.03996,1.16,2.0913,-5.193820026,2.56,22.04910001,1.255272505,8.854522046,0.013585,0.01916,0.009675,0.075,0.047500959,0.21,0.065144172,0
191011A,1.722,0.867467488,-10.8132081,3.15321333,1.30602449,0.94,1.81479,-6.48148606,1.94,21.65033473,0.255272505,0.950286355,0.05719327,0.06597695,0.05756962,0.19,0.052641755,0.17,0.048254942,0
191221B,1.148,1.681241237,-8.11145684,1.95518066,1.15734724,1.39,1.843,-4.721246399,1.24,16.3283796,0.681241237,16.0,0.06184721,0.05366691,0.00551831,0.175,0.022857604,0.05,0.063334612,0
200205B,1.465,2.660865478,-11.7337376,4.53640048,1.56884903,0.516,1.90881,-5.26760624,1.36,16.75891189,0.301029996,5.385164807,0.10035241,0.08886983,0.19267266,0.18,0.016084981,0.22,0.043429448,0
200613A,1.2255,2.580924976,-10.855655372854498,4.271143030450569,1.1751844041494277,0.9455143434202341,2.009964233485637,-5.23247535249562,1.7465672554506322,20.993804988080655,0.2283698999116428,,0.4593197475395536,0.3513738117183345,0.20650866298794013,0.11578198735434897,0.041388018888279,0.1762733237513506,0.0694499683839808,1
200829A,1.25,1.115277591,-8.6381,2.97975,1.29833,0.64,1.88219,-4.292429824,0.83,21.08966848,1.994317153,2.91,0.00955,0.00926,0.00866,0.0195,0.008515578,0.03,0.007040235,0
201014A,4.56,1.558708571,-11.363141631182444,4.206514122394347,1.2349977923599724,0.9477384334472547,1.97336,-6.508638306,2.55,22.1524657,-0.522878745,,0.51409505074776,0.32391229299189694,0.1990100401653373,0.09333057257880811,0.098066496,0.37,0.289529655,1
201015A,0.426,0.990338855,-10.953713731722644,3.8693121838228834,0.9359693713726377,0.9792367206823367,2.1574,-6.698970004,3.03,21.35536147,0.255272505,,0.4597135361645659,0.31249315119704457,0.20467656224607012,0.12156238164237998,0.130288345,0.68,0.096509885,1
201020A,2.903,1.15136985,-10.569657127678663,3.700641669063203,1.0533809268649832,0.9826769201614038,2.0761,-6.036212173,2.25,20.93258486,0.322219295,,0.38494439428884153,0.30139892245886646,0.1938345122733911,0.10612875131501881,0.033044145,0.14,0.041361379,1
201021C,1.07,1.387033701,-10.148202209765099,3.3063618874043965,1.2219099908102542,0.8934715597144964,1.6168,-6.0,1.63,20.75199541,0.0,,0.41938259815017354,0.3041961370857018,0.1909080935705716,0.10041684286247282,0.043429448,0.15,0.086858896,1
201104B,1.954,0.937517892,-9.38944702,2.72159651,1.19537497,0.605,1.55046,-5.744727495,1.47,21.73058526,0.612783857,0.161839373,0.02110237,0.02972805,0.02348264,0.175,0.024127471,0.07,0.031777645,0
210204A,0.876,2.301029996,-10.504618967422312,3.945276665428543,1.2450087706237172,0.8978759071177032,1.9895733311955677,-5.184512286668492,1.7104787117534632,21.0584880674433,0.4930255761977253,,0.4066249930621817,0.2876053264386995,0.19294155362999865,0.09901420120592352,0.0338538542545085,0.1437815759710847,0.0534933364415772,1
210210A,0.715,0.819543936,-10.1403778,3.72413045,1.5451851,0.965,1.85188,-6.008773924,1.53,21.12319546,0.84509804,0.58931824,0.05799791,0.08857348,0.10645081,0.15,0.035452611,0.58,0.031021034,0
210411C,2.826,1.10720997,-9.72925773,2.93128506,1.16829405,1.21,1.88408,-5.920818754,1.6,21.05996459,0.681241237,0.597059548,0.05048963,0.05901459,0.03209979,0.14,0.036191207,0.4,0.027143405,0
210517A,2.486,0.485721426,-10.8415194,3.057651,1.21043545,0.66,1.71079,-6.823908741,1.85,21.15768338,0.176091259,1.409113169,0.25872455,0.32132806,0.08060357,0.22,0.086858896,0.25,0.057905931,0
210610B,1.13,1.841234296,-9.19036,2.89514,1.05139,0.78,1.91684,-4.443697499,0.98,21.03780485,1.130333768,2.53,0.0226,0.02831,0.01291,0.029,0.012063736,0.11,0.022518973,0
210619B,1.937,1.784617293,-8.55006175,2.91049117,1.12578835,0.745,1.92306,-4.022276395,1.41,21.83430305,2.06069784,0.277416677,0.01027813,0.01099582,0.00437126,0.07,0.004571521,0.02,0.008308242,0
210722A,1.145,1.700703717,-10.3507,3.6504,1.43908,0.81,1.83712,-5.602059991,1.62,20.54058972,0.342422681,10.53830531,0.0364819,0.0395981,0.048071,0.09,0.034743559,0.14,0.098703291,0
210822A,1.736,2.257198426,-8.20842,2.4985,1.267456,0.77,1.70788,-4.698970004,1.3,21.53322281,1.442479769,42.72,0.017735,0.01621,0.008455,0.026,0.00868589,0.4,0.010974951,0
211024B,1.1137,2.780677274,-8.56429146,3.43921565,1.92622006,1.07,2.08,-5.167491087,1.63,20.98677173,-0.045757491,20.65497765,0.01916437,0.01167528,0.00965772,0.055,0.019160051,0.09,0.096509885,0
220101A,4.618,2.238948898,-8.69262974,3.04134881,1.20052929,0.491,1.62241,-4.602059991,1.13,21.90370028,0.86332286,12.50116167,0.01431841,0.02317526,0.01255481,0.016,0.0,0.13,0.017847718,0
220117A,4.961,1.697316542,-10.1070569,3.43803362,1.68612083,1.2,1.78537,-5.795880017,1.84,21.99532933,0.278753601,3.431095393,0.05084186,0.04500955,0.06200239,0.55,0.05428681,0.18,0.091430417,0
220521A,5.57,1.131939295,-10.6276115,3.30131796,1.71067512,1.1,2.02179,-6.091514981,1.97,21.85427081,0.672097858,2.691501432,0.16334814,0.13206168,0.12291833,0.4,0.042893282,0.18,0.036961232,0
230116D,3.81,1.612783857,-11.1278,3.79761,1.57289,0.84,1.76412,-6.090443971,1.38,12.161368,-0.22184875,11.18033989,0.1014,0.13824,0.23491,0.22,0.064181451,0.22,0.144764827,0
230325A,1.664,1.580354661,-10.9066853,3.7823081,0.931411844,1.025,2.0855,-5.886056648,1.82,22.22918251,0.51851394,11.56039866,0.1875455,0.20042492,0.05714513,0.18,0.066814536,0.18,0.052641755,0
230328B,0.09,1.283979284,-10.1038,3.66388,1.20938,0.865,1.89331,-5.366531544,1.22,21.14580437,0.924279286,3.815689721,0.0267,0.03231,0.02421,0.84,0.020199743,0.29,0.025850862,0
230506C,3.7,1.491361694,-11.4531,4.25859,1.14181,1.11,2.08995,-5.769551079,1.89,20.96124782,0.380211242,6.32455532,0.1023,0.11841,0.11299,0.29,0.051093469,0.17,0.090478017,0
230818A,2.42,0.992111488,-11.0883,3.9564,1.39195,1.02,2.00403,-5.721246399,1.36,21.31377445,0.826074803,1.249953617,0.2044,0.12794,0.19715,0.29,0.022857604,0.1,0.032410036,0
231210B,3.13,0.873320602,-10.048,3.24045,1.60174,0.84,1.66432281,-5.853871964,1.08,21.82763844,0.591064607,0.647,0.05243,0.04808,0.060675,0.362,0.062042069,0.19,0.077950292,0
970508A,0.83,1.120573931,-11.384728340931884,4.757865731424523,1.4738285157616087,0.8339990536413271,1.9590528867888668,-6.01308853019273,1.891259356416352,20.9147184367958,0.3291251840242593,,0.47383555370275765,0.46314006122505846,0.20559259409920116,0.11654037709160708,0.0513926781795972,0.2917474395113794,0.0729767332031779,1
990510A,1.62,1.829818187,-10.643120576531393,4.156527068343067,1.5305041099642844,0.8127401183968962,1.905947464825676,-5.439257894361808,1.613799247813114,21.098363886800136,0.4845315516117408,,0.4257611064625353,0.32149771255785,0.18653609614434297,0.13626804806213444,0.0316830013372644,0.1688872572665882,0.0565259302886677,1
