GRB,Redshift_crosscheck,log10T90,log10Fa,log10Ta,Alpha,Beta,Gamma,log10Fluence,PhotonIndex,log10NH,log10PeakFlux,T90Err,log10FaErr,log10TaErr,AlphaErr,BetaErr,FluenceErr,PhotonIndexErr,PeakFluxErr
000926A,2.04,1.3979400086720377,-10.853579424272391,4.2374991395703585,1.7581584011543123,0.897068940678609,,,,,,,0.8067568092771671,0.5969961707503355,0.2929362116161962,0.21150164299117552,,,
011211A,2.14,2.4313637641589874,-11.119713285688809,4.277115332216514,1.6909167453795337,0.862656274137229,,,,,,,0.8102102355164504,0.5942644367730283,0.300609156346064,0.20444685785726036,,,
020124A,3.198,1.6619072927660208,-10.861235463697746,4.0031773974993,1.677427314484735,0.9139533686845935,,,,,,,0.795057747814627,0.6075571324889026,0.2948072010939039,0.21861401828981403,,,
021004A,2.34,2.0,-10.882115166574847,4.348760459484341,1.3804236684000608,0.8744530488445712,,,,,,,0.8014932945696129,0.6041602382915392,0.28299234781112104,0.20517987522997527,,,
030226A,1.99,1.3441957158714348,-10.982777523437509,4.1881100559461295,1.7525027808172375,0.8685380131377423,,,,,,,0.8246620800375561,0.6078782199764532,0.28970096122060895,0.207493700362316,,,
030329A,0.17,1.7986506454452689,-10.410352392542041,4.392467909155529,1.446500198714225,0.8656385916850105,,,,,,,0.7903729147292324,0.6090551434491824,0.28621446120304983,0.21306178027272166,,,
050315A,1.949,1.9804578922761,-11.3757179,4.86356,1.10818,0.856,1.99544,-5.492144128,2.11,21.91683806,0.285557309,14.02006162,0.03245,0.04512,0.049165,0.001,8.84848484848485e-08,0.054545455,0.133333333
050318A,1.44,1.505149978319906,-11.15490196,4.132084541,1.874408221,0.95,1.98053,-5.966576245,1.9,20.92661714,0.499687083,10.96645741,0.06181969,0.043780336,0.085906519,0.037,4.66666666666667e-08,0.060606061,0.121212121
050319A,3.24,2.1832698436828046,-10.70553377,3.73997,0.863159,0.971,2.01045,-5.882728704,2.02,20.93735437,0.181843588,10.95539119,0.04165,0.06193,0.034558,0.009,8.96969696969697e-08,0.115151515,0.127272727
050401A,2.9,1.5224442335063197,-9.653647026,3.12435,0.984108,0.9995,1.78711,-5.085128182,1.4,22.12570242,1.029383778,0.6253575,0.019455,0.02833,0.0260615,0.0174145,1.85454545454545e-07,0.042424242,0.557575758
050416A,0.6528,0.3979400086720376,-10.5559552,2.99481,0.842217,0.9,2.06183,-6.435333936,3.08,21.75162856,0.688419822,0.44407209,0.0484,0.070765,0.0149485,0.005,2.24242424242424e-08,0.133333333,0.290909091
050502A,3.79,1.3010299956639813,-10.772678928103536,3.7379441528972093,1.430414245101382,0.880582080639444,,,,,,,0.7967241478927694,0.6032236469955017,0.2862404777205966,0.20376562104175439,,,
050502B,3.793,1.2430380486862944,-10.688123352566173,3.7078929351816647,1.4042114517754003,0.8852906912955665,,,,,,,0.787928370008756,0.5896063250516181,0.2956550244488283,0.2032692530047358,,,
050505A,4.27,1.7701152947871017,-11.04817696,4.270583544,1.462094791,0.973,2.01835,-5.603800653,1.41,22.23063027,0.267171728,6.838970679,0.03272177,0.030067592,0.035926291,0.0005,1.08484848484848e-07,0.072727273,0.187878788
050525A,0.61,0.9459607035775686,-10.39290862785137,3.572519821685459,1.2490632251882845,0.8670761323232157,,,,,,,0.7785749790091163,0.6082882805839303,0.2794648073201977,0.2071886028859944,,,
050603A,2.82,1.3222192947339193,-10.44653213682922,4.002959392747771,1.628368068619543,0.894407944184106,,,,,,,0.77639928355529,0.588269106710906,0.2864318810082064,0.20729101451655324,,,
050730A,3.967,2.194514341882467,-10.09854168,4.05018,2.38763,0.5615,1.6177,-5.623423043,1.53,21.73850309,-0.259637311,18.03329907,0.0266,0.017795,0.0538,0.000210492,9.21212121212121e-08,0.066666667,0.084848485
050801A,1.56,1.287801729930226,-10.10690800463368,3.3572308523470777,1.3296897337519484,0.8753431875843183,,,,,,,0.8072606959864741,0.6035567145947127,0.28163208635087333,0.21432724421092414,,,
050802A,1.7102,1.2787536009528289,-10.28650946,3.63973,1.44729,0.8585,1.8557,-5.698970004,1.54,21.25883595,0.439332694,10.19803903,0.0275,0.0326,0.03274,0.002369606,9.51515151515152e-08,0.078787879,0.266666667
050803A,3.5,1.943988875073772,-10.86012091,4.21721,1.52234,1.218,2.11696,-5.66756154,1.38,21.34755638,-0.017728767,10.43812723,0.0489,0.04766,0.048695,0.22485626,8.18181818181818e-08,0.066666667,0.066666667
050820A,2.6147,1.414973347970818,-10.01818139,3.750945731,1.136499703,0.9,1.96878,-5.463441557,1.25,21.61964524,0.389166084,22.67611617,0.266741013,0.238477529,0.012525701,0.0405,1.46666666666667e-07,0.072727273,0.139393939
050824A,0.8278,1.354108439147401,-12.23882419,5.08558,0.954481,0.86,1.94709,-6.575118363,2.76,20.9708274,-0.301029996,4.070927175,0.06855,0.12722,0.0899785,0.01,3.15151515151515e-08,0.23030303,0.090909091
050826A,0.297,1.550228353055094,-12.33348202,4.76235,1.801,1.11,2.45742,-6.384049948,1.16,21.96085591,-0.420216403,5.865069501,0.23405,0.13858,0.23538,0.03,4.36363636363636e-08,0.187878788,0.078787879
050904A,6.29,2.241048150671644,-11.4544,4.6841,3.44235688,0.848,1.90813,-5.316052869,1.25,22.39388568,-0.207608311,10.75621588,0.29485,0.098475,0.624745,0.0,1.09090909090909e-07,0.042424242,0.103030303
050908A,3.34,1.2397998184470986,-10.7727353538008,3.5824809701699434,1.1626254000927543,0.9258842182137448,,,,,,,0.8063910923859634,0.6076272368454405,0.2900830892881109,0.23801255258845977,,,
050922C,2.198,0.6532125137753437,-9.477555766,2.52429,1.22035,1.064,2.2119,-5.790484985,1.37,21.44930866,0.860936621,0.450457546,0.03194,0.034305,0.013275,0.013,3.27272727272727e-08,0.036363636,0.193939394
051016B,0.9364,0.6020599913279624,-11.59006688,4.25742,1.14771,0.73,1.89482,-6.769551079,2.4,21.71466751,0.113943352,0.469570015,0.04535,0.058175,0.04854,0.005,1.33333333333333e-08,0.139393939,0.096969697
051028A,3.6,1.2041199826559248,-10.936614294610926,3.8363634007889305,1.2541521284917145,0.8972125840682035,,,,,,,0.8061472167214507,0.5949690027630359,0.28609068408429567,0.20921986588634534,,,
051109A,2.346,1.5705429398818975,-10.51999306,3.91123,1.22299,1.06,2.06584,-5.657577319,1.51,21.97057233,0.595496222,7.089588968,0.04815,0.04637,0.019155,0.054794381,1.64848484848485e-07,0.121212121,0.418181818
051109B,0.08,1.1553360374650619,-11.57511836,3.65548,1.251,1.06,2.12549,-6.591760035,1.97,21.36742302,-0.259637311,3.778168861,0.0922,0.126645,0.12217,0.01,2.48484848484848e-08,0.145454545,0.078787879
051111A,1.55,1.7765559107032618,-10.078739583833276,3.3845680509748726,1.2348877542637484,0.8789967651231705,,,,,,,0.7917485018135402,0.6247829019423743,0.283125103699461,0.20871458347782962,,,
051221A,0.5465,0.146128035678238,-11.69464863,4.20075,1.09586,0.89,2.0589,-5.93930216,1.39,21.27394758,1.079181246,0.204978045,0.063,0.085085,0.05576,0.005,2.12121212121212e-08,0.036363636,0.236363636
060115A,3.53,2.144885418287142,-11.29499204,3.69688,0.889919,1.0,2.10553,-5.76700389,1.0,21.43355223,-0.060480747,15.0870791,0.0812,0.123015,0.053884,0.085,9.09090909090909e-08,0.303030303,0.072727273
060124A,2.296,2.8750612633917,-10.6893,4.47599,1.3641,0.99,2.00895,-6.336299075,1.84,21.9172644,-0.050609993,1.306782322,0.04445,0.036665,0.01627,0.076380116,3.21212121212121e-08,0.115151515,0.109090909
060206A,4.048,0.8808135922807914,-10.63078414,3.93814,1.17565,1.265,2.20424,-6.080398976,1.2,22.33966406,0.445604203,1.933560454,0.07055,0.07444,0.02867,0.013041887,2.54545454545455e-08,0.181818182,0.103030303
060210A,3.91,2.406540180433955,-10.66756154,4.15028,1.20511,0.979,2.08163,-5.11577123,1.53,22.3877421,0.434568904,121.976523,0.0292,0.030365,0.02297,0.083622271,2.47878787878788e-07,0.054545455,0.16969697
060218A,0.0331,3.322219294733919,-11.82390874,5.07614,1.3185,3.17,3.52495,-5.804100348,2.26,21.59972155,-0.602059991,,0.1602,0.14064,0.108235,0.02,9.21212121212121e-08,0.103030303,0.066666667
060223A,4.41,1.0530784434834197,-10.9636,2.78682,1.1892,0.81,2.01015,-6.171984936,1.74,22.49782636,0.130333768,1.095536415,0.1982,0.23477,0.18005,0.045,2.90909090909091e-08,0.072727273,0.109090909
060306A,1.559,1.7867514221455612,-10.70553377,3.61496,1.03794,0.76,2.28823,-5.671620397,1.8,21.61973178,0.775974331,3.518840719,0.03495,0.04452,0.02498,0.01,7.15151515151515e-08,0.060606061,0.193939394
060418A,1.489,2.0132586652835167,-9.792961075,3.11887,1.47655,0.98,1.94118,-5.079354999,1.7,21.65363309,0.814247596,45.254834,0.04904,0.057245,0.044705,0.005,1.53333333333333e-07,0.036363636,0.212121212
060502A,1.5026,1.4533183400470377,-10.55284197,3.3865,0.897152,0.87,2.02719,-5.63638802,1.46,21.45692297,0.227886705,9.827838,0.05675,0.075085,0.0205255,0.015,6.18181818181818e-08,0.048484848,0.127272727
060510B,4.9,2.4396484295634737,-12.2656,4.43617,1.00735,1.38,2.1317,-5.390405591,1.78,22.00215742,-0.244125144,21.28954544,0.2206,0.31628,0.2313695,0.03,1.06666666666667e-07,0.048484848,0.066666667
060512A,0.44,0.9289076902439527,-10.673394446796028,3.7174509732294645,1.1028815516513006,0.8786151121625803,,,,,,,0.8127693843333201,0.5954403636595877,0.2976228148795078,0.20105904146085968,,,
060526A,3.221,2.474507639116976,-11.3053948,3.8752,1.05873,0.93,1.90677,-5.899629455,2.01,16.11154478,0.222716471,23.04821868,0.06785,0.09216,0.0623145,0.0305,1e-07,0.145454545,0.109090909
060604A,2.1357,1.9777236052888478,-11.76955108,4.45991,1.21596,1.02,2.1711,-6.395773947,2.01,21.99003057,-0.468521083,17.0,0.04195,0.04994,0.04695,0.0,6.42424242424242e-08,0.254545455,0.078787879
060605A,3.78,1.8981764834976764,-11.26121944,4.04162,1.9179,0.835,2.02128,-6.156767222,1.55,21.77333803,-0.337242168,35.01416491,0.05315,0.037375,0.085,0.10149311,5.45454545454545e-08,0.121212121,0.072727273
060607A,3.0749,2.009450895798694,-11.02273379,4.37412,3.43151,0.564,1.61002,-5.59345982,1.47,21.79614607,0.146128036,31.06976133,0.0761,0.02584,0.163115,0.012077154,6.78787878787879e-08,0.048484848,0.078787879
060614A,0.125,2.0362295440862948,-11.78251606,5.03344,1.9453,0.783,1.89544,-4.690369833,2.02,20.51216256,1.06069784,3.31042292,0.0429,0.0289,0.05983,0.006,2.2e-07,0.024242424,0.448484848
060707A,3.425,1.8208579894397,-10.9132,3.5545,0.861995,1.12,2.09345,-5.795880017,0.6,21.20847898,0.004321374,6.314200491,0.07695,0.127895,0.0364485,0.035,9.15151515151515e-08,0.363636364,0.139393939
060708A,1.92,1.0086001717619175,-10.86966623,3.50569,1.12969,1.485,2.20484,-6.306273051,1.68,20.79066861,0.28780173,3.601244236,0.06115,0.062725,0.028525,0.33410152,2.24242424242424e-08,0.072727273,0.084848485
060714A,2.711,2.060697840353612,-10.86012091,3.73449,1.20488,0.87,2.04425,-5.548213564,1.93,22.0125926,0.10720997,9.129365384,0.0352,0.046765,0.035305,0.005,1.01212121212121e-07,0.066666667,0.078787879
060729A,0.54,2.061829307294699,-11.15058059,5.1057,1.35481,1.317,1.92492,-5.583359493,1.75,20.86562801,0.068185862,33.90346061,0.0116,0.012825,0.013425,0.077392286,1.27878787878788e-07,0.084848485,0.078787879
060814A,1.9229,2.1622656142980214,-10.91009489,4.22387,1.29504,0.97,2.11591,-4.835647144,1.53,22.00679538,0.861534411,4.898458524,0.0353,0.034855,0.024565,0.0,1.44848484848485e-07,0.018181818,0.175757576
060904B,0.703,2.2342641243787895,-11.11633856,3.87074,1.36265,1.58,2.18877,-5.790484985,1.64,21.59122827,0.387389826,11.34305921,0.08665,0.081295,0.04215,0.136141492,8.66666666666667e-08,0.084848485,0.127272727
060906A,3.686,1.6384892569546374,-11.8827287,4.33479,1.71887,1.06,2.07859,-5.655607726,2.03,22.41960057,0.294466226,8.166987204,0.08845,0.072145,0.169635,0.005,8.24242424242424e-08,0.066666667,0.16969697
060908A,1.8836,1.2855573090077739,-9.627087997,2.81918,1.38309,1.185,2.13395,-5.552841969,1.0,21.80952201,0.481442629,1.330335293,0.045185,0.05993,0.04964,0.003474954,6.72727272727273e-08,0.181818182,0.151515152
060912A,0.937,0.6989700043360189,-10.1079054,2.455171016,1.045731532,0.63,1.8948,-5.869666232,1.74,21.36738202,0.933487288,0.58,0.147419953,0.156564864,0.028937785,0.0785,3.75757575757576e-08,0.054545455,0.266666667
060926A,3.2,0.9030899869919435,-10.84771166,3.351,1.45111,1.357,2.00443,-6.659555885,2.54,22.50004427,0.037426498,1.212679677,0.08245,0.09927,0.11561,0.009157091,1.51515151515152e-08,0.139393939,0.084848485
060927A,5.47,1.3521825181113625,-10.77728353,3.15198,1.39098,0.83,1.94856,-5.946921557,0.9,22.10710478,0.431363764,1.294276634,0.08115,0.108435,0.118785,0.178498106,4.12121212121212e-08,0.242424242,0.103030303
061007A,1.26,1.8768526476013434,-9.18075073436846,3.1724164051673744,1.5737231022130211,0.8939776532453179,,,,,,,0.8960817888209061,0.5992603389943569,0.27985308253012786,0.20434495102160782,,,
061021A,0.3463,1.6646419755561255,-10.04095861,3.23849,1.01707,0.785,1.99282,-5.528708289,1.3,20.87141063,0.78604121,5.398832468,0.0264,0.03399,0.010415,0.016800037,6.12121212121212e-08,0.036363636,0.163636364
061110A,0.7578,1.6095944092252201,-8.33235,2.24983,4.46435,1.98,1.82722,-5.974694135,1.67,16.57386563,-0.27572413,4.024501448,0.2103,0.03335,0.11946,0.0015,4.60606060606061e-08,0.072727273,0.072727273
061121A,1.314,1.9100905455940682,-10.03011836,3.78753,1.35185,0.9485,1.90181,-4.863279433,1.41,21.75351565,1.324282455,46.12748458,0.01265,0.01703,0.01585,0.002358211,1.20606060606061e-07,0.018181818,0.278787879
061126A,1.1588,2.2810333672477277,-10.627196083334972,3.6965001759776306,1.2001900395230516,0.883630210508616,,,,,,,0.8035121133385488,0.5996693122525838,0.2863549799234427,0.20830136157015972,,,
061201A,0.111,-0.11918640771920865,-10.4134127,3.49343,1.98937,0.145,1.65934,-6.476253533,0.81,21.16656331,0.586587305,0.098954548,0.09365,0.093885,0.169505,0.061048094,1.63636363636364e-08,0.090909091,0.187878788
061222A,2.088,1.8536982117761744,-9.954677021,3.92091,1.35061,0.86,1.92748,-5.097453221,1.35,22.56660835,0.930949031,16.0,0.02311,0.024435,0.018075,0.005,9.57575757575758e-08,0.024242424,0.157575758
070110A,2.352,1.9464522650130731,-11.04866248,4.26825,1.42725,1.186,2.08596,-5.790484985,1.58,21.3989672,-0.22184875,14.47803302,0.05475,0.053995,0.046555,0.12166788,6.54545454545455e-08,0.072727273,0.072727273
070125A,1.55,1.7781512503836436,-10.813322366919003,4.306290650743052,1.586659803105906,0.8766262879891984,,,,,,,0.7920824301969258,0.6039864682254747,0.2932103778877506,0.2099269904472909,,,
070208A,1.165,1.678518379040114,-10.86327943,3.44468,1.2125,1.14,2.20341,-6.351639989,1.94,21.8647258,-0.045757491,22.627417,0.1619,0.14114,0.06357,0.015,6.12121212121212e-08,0.218181818,0.133333333
070223A,1.6295,1.9469432706978254,-11.86327943,4.22335,0.991734,1.03,2.25837,-5.769551079,1.85,21.70173804,-0.161150909,8.08530616,0.16615,0.203105,0.079308,0.06,7.27272727272727e-08,0.072727273,0.090909091
070306A,1.4959,2.3211840273023143,-11.2737,4.86926,1.89982,0.831,1.94468,-5.269217724,1.66,22.44245468,0.609594409,64.76757163,0.0335,0.02824,0.06188,0.001,1.73333333333333e-07,0.060606061,0.127272727
070411A,2.95,2.089021500795006,-10.681929877694767,3.6045852962737133,1.3842083819039501,0.9001501751923942,,,,,,,0.7863775149922061,0.5967556476993314,0.2978163726880916,0.2128022899655277,,,
070508A,0.82,1.320146286111054,-9.161150909,3.02525,1.37377,0.764,1.82568,-4.707743929,1.1,21.89306622,1.382017043,0.735923906,0.010795,0.01189,0.013355,0.0005,1.65454545454545e-07,0.060606061,0.36969697
070521A,2.0865,1.5786392099680724,-10.01233374,3.55243,1.44502,0.98,2.00022,-5.096367484,1.1,22.27524914,0.814913181,2.819384324,0.04901,0.04844,0.0562,0.147518075,1.07272727272727e-07,0.121212121,0.163636364
070529A,2.4996,2.0382226383687185,-10.24641694,3.09323,1.21432,0.76,1.97999,-5.590066877,1.34,22.56252244,0.155336037,19.9827799,0.0552,0.068045,0.03501,0.015,1.48484848484848e-07,0.096969697,0.218181818
070612A,0.671,2.562530768862261,-10.66637549583674,4.273121345172685,1.9985130165225615,0.8926234343184234,,,,,,,0.8032141133561375,0.617499792550398,0.3929251590579418,0.20752207224136815,,,
070714B,0.923,1.806179973983887,-10.74232143,3.22974,1.64623,0.93,2.07429,-6.142667504,1.36,21.64321572,0.431363764,8.408797283,0.09935,0.0946,0.108425,0.005,5.45454545454545e-08,0.115151515,0.121212121
070721B,3.626,2.531478917042255,-10.50863831,3.94739,2.5054,0.52,1.52512,-5.443697499,1.34,21.89473409,0.176091259,21.32020684,0.3648,0.10084,0.09144,0.0,1.21212121212121e-07,0.066666667,0.181818182
070802A,2.45,1.2148438480476977,-11.6716204,3.92184,1.16348,0.78,1.99014,-6.552841969,1.79,21.91375294,-0.397940009,3.019812592,0.17395,0.236245,0.2088785,0.045,3.03030303030303e-08,0.163636364,0.060606061
070809A,0.2187,0.11394335230683679,-11.9625735,4.18985,1.17521,0.396,1.37246,-7.0,1.69,20.80619355,0.079181246,0.271528985,0.1917,0.206985,0.395643,0.0595,6.060606060606061e-09,0.133333333,0.121212121
070810A,2.17,1.0413926851582251,-10.77728353,3.36583,1.36994,1.02,2.17076,-6.161150909,2.04,21.93100401,0.278753601,4.99064124,0.06175,0.07187,0.077915,0.01,3.63636363636364e-08,0.084848485,0.121212121
071003A,1.60435,2.1760912590556813,-11.67760082,4.78411,1.97901,0.837,1.91015,-5.080921908,1.36,20.86974084,0.799340549,4.494400066,0.1359,0.098505,0.183105,0.032,1.81818181818182e-07,0.042424242,0.242424242
071010A,0.99,0.7923916894982539,-10.99319008998954,4.2599692706896715,1.8092317758746408,0.8698359960358044,,,,,,,0.801835317093345,0.5999371761950936,0.29796601986164106,0.20646793390528406,,,
071010B,0.947,1.5526682161121932,-10.457268959216606,3.541982418916609,1.0673483328332642,0.8747975059086608,,,,,,,0.7985055448614329,0.6056196418185253,0.2834886219981225,0.20816201002434465,,,
071020A,2.145,0.6232492903979004,-9.169411331,2.311950854,1.119196934,0.844,1.59788,-5.638272164,1.11,20.99642367,0.924279286,0.581982802,0.035099822,0.039262062,0.011153209,0.001,6.06060606060606e-08,0.03030303,0.181818182
071025A,5.0,2.3768323492908072,-10.744047525454343,3.5978096999245954,1.4201281613026788,0.8896968455111065,,,,,,,0.7907256800080926,0.5955330576892903,0.28408374168084827,0.20480672457174387,,,
071112C,0.82,1.1760912590556813,-10.424330391275038,3.3278642820547115,1.1986708091186542,0.8688986982224778,,,,,,,0.7853580260506332,0.6112300456563113,0.2799915494786585,0.20803174403624008,,,
071117A,1.331,0.8195439355418687,-11.23542972,3.901990464,1.104952391,0.94,2.0457,-5.619788758,1.57,22.04291793,1.053078443,1.824859447,0.101024385,0.117162967,0.089387802,0.01,6.06060606060606e-08,0.036363636,0.242424242
080310A,2.42,2.5622928644564746,-11.3990271,4.32608056,1.59590648,0.878,2.09352,-5.638272164,2.32,10.56142698,0.113943352,17.39875121,0.04247343,0.03798676,0.065276352,0.0375,1.21212121212121e-07,0.096969697,0.121212121
080319B,0.937,1.6989700043360187,-12.15181088,5.36799912,1.42250979,0.73,1.81426,-4.091514981,1.04,20.8771334,1.394451681,0.179108908,0.097779455,0.087626454,0.075139905,0.0,6.06060606060606e-07,0.012121212,0.303030303
080319C,1.95,1.5314789170422551,-8.91721463,3.19029,1.45203,1.94,1.61029,-5.443697499,1.37,21.75037415,0.716003344,8.885029446,0.05004,0.04713,0.02854,0.199995173,6.06060606060606e-08,0.042424242,0.181818182
080330A,1.51,1.7831886910752577,-10.513774551365753,3.6480765303390275,1.303499471532413,0.8603171875991924,,,,,,,0.782727038563034,0.5823766469099554,0.28678676164928185,0.2065834409392982,,,
080411A,1.03,1.7481880270062005,-10.11350927,4.20932562,1.28909841,0.91,1.97674,-4.578396073,1.75,21.57289018,1.635483747,1.000967534,0.06043543,0.049275581,0.010296793,0.0,6.06060606060606e-08,0.018181818,0.545454545
080413B,1.1,0.8438554226231612,-11.159382954449331,4.429330672519871,1.8261235119043777,0.8784427211285437,,,,,,,0.8015221101335168,0.617457350369822,0.303007294858078,0.20215349388537152,,,
080430A,0.767,1.209515014542631,-11.17198494,4.21762911,0.99269763,3.18,2.03541,-5.920818754,1.73,21.51787914,0.414973348,2.183113364,0.028180965,0.038388523,0.020935069,0.0755,6.06060606060606e-08,0.054545455,0.121212121
080516A,3.2,0.7634279935629372,-11.12090412,3.77452827,0.94016916,1.48,2.3315,-6.585026652,1.82,22.03528962,0.255272505,0.213016433,0.077803665,0.111057696,0.084888358,0.03,2.42424242424242e-08,0.163636364,0.181818182
080603A,1.69,1.7781512503836436,-10.682962915563024,3.76269553440138,1.2294272399637909,0.8875279411882808,,,,,,,0.78567880054828,0.6097447690457694,0.2801502577977147,0.21074112850583904,,,
080603B,2.6893,1.7781512503836436,-10.633660016057577,3.907296858882082,1.3626935899513053,0.8788630843351984,,,,,,,0.7872657744786906,0.6046042633342652,0.28086762458764536,0.2035337794154411,,,
080607A,3.036,1.8976270912904414,-10.0540393,3.46298403,1.7256074,1.06,2.03418,-4.619788758,1.31,22.38386741,1.36361198,3.285061929,0.11042072,0.069659314,0.037637388,0.02,0.0,0.024242424,0.666666667
080710A,0.845,2.0791812460476247,-11.23284413,4.09266933,1.52133785,1.3,2.00149,-5.853871964,1.47,20.89722339,0.0,17.43704666,0.06269498,0.054210787,0.06401643,0.150517844,1.21212121212121e-07,0.139393939,0.121212121
080721A,2.591,1.209515014542631,-8.714442691,2.87876286,1.33437559,0.735,1.9433,-4.920818754,1.11,21.79728278,1.320146286,144.0,0.007019299,0.007554816,0.006435673,0.0,6.06060606060606e-07,0.048484848,1.090909091
080810A,3.35,2.0253058652647704,-9.931814138,3.2687548,1.44529526,1.079,2.11482,-5.337242168,1.34,21.45079548,0.301029996,4.337190332,0.031830706,0.039738688,0.036139295,0.0015,1.21212121212121e-07,0.036363636,0.121212121
080905B,2.374,2.1072099696478683,-10.11125904,3.67820615,1.36946226,0.375,1.86248,-5.744727495,1.78,22.33533151,-0.301029996,28.05833332,0.03236457,0.038825489,0.033301752,0.00558525,1.21212121212121e-07,0.090909091,0.060606061
080913A,6.73,0.8970770032094203,-11.53323327816538,4.401983856841806,1.2646975013794775,0.9045581907556709,,,,,,,0.8342780508399148,0.6145992424475992,0.298582086524042,0.20965836430716972,,,
080916A,0.6887,1.7781512503836436,-10.75269955,3.60698,0.998947,0.83,1.88453,-5.397940009,1.17,21.7431239,0.431363764,6.325897569,0.0592,0.073495,0.0260505,0.01,6.06060606060606e-08,0.127272727,0.121212121
080928A,1.692,2.4471580313422194,-11.1260984,4.08450503,1.76031774,0.99,2.13864,-5.602059991,1.77,21.51035195,0.322219295,20.80043462,0.064484035,0.047916769,0.075970735,0.0,1.21212121212121e-07,0.072727273,0.060606061
081007A,0.5295,1.0,-10.58502665,3.58176278,1.00469263,0.92,2.102,-6.148741651,2.51,21.69605744,0.414973348,2.937133306,0.053161115,0.084284398,0.039134851,0.005,4.84848484848485e-08,0.121212121,0.242424242
081008A,1.9685,2.268343913951065,-10.79317412,3.85550833,1.47398467,0.84,1.98207,-5.366531544,1.69,21.1376737,0.113943352,40.34414957,0.06052989,0.056285684,0.063988679,0.025,1.21212121212121e-07,0.042424242,0.060606061
081028A,3.038,2.4149733479708178,-11.3994,4.75426,2.20023,0.945,2.51,-5.431798276,1.25,20.90308999,-0.301029996,32.58849643,0.0572,0.03025,0.054715,0.0005,1.21212121212121e-07,0.23030303,0.060606061
081029A,3.8479,2.4313637641589874,-11.86327943,4.48156171,2.51960373,0.87,1.95818,-5.677780705,1.43,21.49704581,-0.301029996,45.6827768,0.083250805,0.04285341,0.169198521,0.001,1.21212121212121e-07,0.109090909,0.121212121
081109A,0.98,2.2833012287035497,-10.859093797282327,3.98871579105181,1.8496676779686765,0.8910377045465561,,,,,,,0.8362948936932781,0.6141745954702253,0.5533816788679183,0.20704020327768496,,,
081203A,2.1,2.4683473304121573,-10.9243983,4.02089,1.86904,0.82,2.03508,-5.113509275,1.54,21.66176916,0.462397998,82.96987405,0.05695,0.03932,0.064395,0.0325,1.81818181818182e-07,0.036363636,0.121212121
081221A,2.26,1.5314789170422551,-9.354577731,2.93195749,1.23586126,0.991,2.4947,-4.742321425,1.21,21.57331844,1.260071388,0.8019177,0.0249855,0.031176651,0.012861856,0.0005,1.81818181818182e-07,0.078787879,0.303030303
081228A,3.44,0.47712125471966244,-10.909459829868574,3.405578528427819,1.3186070125409899,0.9034437075629942,,,,,,,0.8101238614228787,0.594215247239936,0.2824772400683401,0.21213585206006835,,,
081230A,2.1,1.7831886910752577,-11.32975415,3.66959365,0.99376498,1.02,2.08621,-6.086186148,1.97,20.67248024,-0.15490196,13.77430841,0.0701444,0.08735027,0.040381418,0.02,4.84848484848485e-08,0.096969697,0.060606061
090102A,1.547,1.4313637641589874,-9.457174573,3.15380077,1.42487631,0.667,1.76997,-7.167491087,1.36,21.72376179,0.740362689,2.240000004,0.036239983,0.041590346,0.021786596,0.002673458,1.81818181818182e-09,0.048484848,0.484848485
090205A,4.6497,0.9444826721501687,-11.3419886,3.70655,1.29089,1.01,2.03416,-6.721246399,2.15,21.81792086,-0.301029996,1.794079127,0.13445,0.114585,0.084185,0.025,1.81818181818182e-08,0.139393939,0.060606061
090313A,3.38,1.8938726787950815,-10.298345297849863,3.644800087998283,1.212901744677752,0.8925126061842686,,,,,,,0.7886305712382446,0.5998489851670734,0.2793805199415506,0.21188603183645383,,,
090418A,1.608,1.7481880270062005,-10.04720756,3.52813657,1.52909667,0.98,2.03408,-5.337242168,1.48,22.02365981,0.278753601,4.129211073,0.028659405,0.030759021,0.042154514,0.003531332,1.21212121212121e-07,0.042424242,0.181818182
090423A,8.26,1.0128372247051722,-11.2798407,3.91521772,1.43267533,0.77,1.8158,-6.229147988,0.8,22.7516324,0.230448921,1.061728761,0.08569564,0.077643595,0.064053366,0.005,2.42424242424242e-08,0.303030303,0.121212121
090424A,0.544,1.6812412373755872,-9.050609993,2.99599056,1.1284106,0.924,1.96315,-4.677780705,1.19,21.63012977,1.851258349,2.27250697,0.011257098,0.013394814,0.005546887,0.0,0.0,0.090909091,1.212121212
090426A,2.609,0.07918124604762482,-10.66550001,2.64657,1.00429,0.64,2.03664,-6.744727495,1.93,21.31103934,0.380211242,0.257899207,0.08725,0.104665,0.042666,0.0165,1.81818181818182e-08,0.133333333,0.181818182
090510A,0.903,-0.5228787452803376,-10.11463878,3.17793555,2.00074629,0.6405,1.75106,-6.468521083,0.98,20.64281656,0.986771734,1.680304712,0.042229995,0.035002467,0.071440408,0.008486248,2.42424242424242e-08,0.121212121,0.666666667
090516A,4.109,2.322219294733919,-11.27490548,4.33113504,1.76098314,0.502,2.09,-5.045757491,1.84,21.19589965,0.204119983,64.0,0.03779605,0.029715315,0.053351589,0.479087085,3.63636363636364e-07,0.066666667,0.121212121
090519A,3.85,1.806179973983887,-11.76000021,3.44619,1.42452,0.63,1.46604,-5.920818754,1.02,22.13069392,-0.22184875,8.24011649,0.21145,0.24029,0.3065,0.03,6.06060606060606e-08,0.121212121,0.121212121
090529A,2.625,2.0,-12.1873998,4.472757799,0.8815438,0.64,2.22623,-6.167491087,2.0,13.51385525,-0.397940009,10.5274432,0.11547934,0.21900534,0.113675222,0.125,1.03030303030303e-07,0.181818182,0.060606061
090530A,1.266,1.6812412373755872,-11.16052195,3.6839464,0.88610581,1.09,2.03975,-5.958607315,1.61,20.90942658,0.397940009,35.77708764,0.089175625,0.115365029,0.038514202,0.035,6.06060606060606e-08,0.103030303,0.181818182
090618A,0.54,2.0538464268522527,-9.640164518,3.67275453,1.30942861,0.8945,1.82831,-3.978810701,1.42,21.39200012,1.589949601,0.593538562,0.009695255,0.014245613,0.010591616,0.002482662,6.06060606060606e-07,0.048484848,0.484848485
090726A,2.71,1.7730546933642626,-10.591805440849246,3.609478235753641,1.2753256058656206,0.9082461650622515,,,,,,,0.7806259468504626,0.6043231737509902,0.28728081036770103,0.21912949177916208,,,
090809A,2.737,0.7323937598229685,-11.8559,4.56066,1.6367,0.96,1.94644,-6.468521083,1.34,21.91952315,0.041392685,1.216253263,0.338,0.237865,0.319405,0.01,3.03030303030303e-08,0.145454545,0.121212121
090812A,2.452,1.824125833916549,-10.16730017,3.52924,1.37252,0.53,1.88559,-5.236572006,1.24,21.77771022,0.556302501,14.65837332,0.10615,0.13258,0.08412,0.015,1.21212121212121e-07,0.03030303,0.121212121
090927A,1.37,0.3424226808222063,-11.6716204,4.20121889,1.13087741,0.92,2.06549,-6.698970004,1.8,21.01785522,0.301029996,0.400898978,0.076268475,0.093241949,0.074843971,0.01,1.81818181818182e-08,0.121212121,0.121212121
091018A,0.971,0.6434526764861874,-9.627087997,2.89655535,1.18074867,0.91,1.98015,-5.853871964,1.77,21.19187281,1.012837225,0.601065704,0.024288603,0.034497878,0.016335114,0.002061639,6.06060606060606e-08,0.145454545,0.242424242
091020A,1.71,1.5390760987927767,-9.71219827,2.95265011,1.17417264,0.895,2.08587,-5.431798276,1.53,21.70587483,0.62324929,4.875038864,0.034480687,0.045271255,0.018244861,0.002182887,6.06060606060606e-08,0.042424242,0.181818182
091024A,1.09,1.9951962915971795,-10.18540893121403,3.834082715032846,1.5208075817188549,0.8759928405349198,,,,,,,0.7886390734234556,0.607197030213559,0.28893963386331045,0.2059364416233445,,,
091029A,2.752,1.5932860670204574,-11.34678749,4.30368998,1.12123368,1.064,2.11535,-5.619788758,1.46,21.45058625,0.255272505,4.829610314,0.02563352,0.034224003,0.026782025,0.002,6.06060606060606e-08,0.163636364,0.060606061
091109A,3.076,1.6812412373755872,-11.14630179,3.37933883,1.06152816,0.89,1.96352,-5.795880017,1.31,21.89596701,0.113943352,16.70810678,0.05941034,0.074268877,0.033719571,0.03,1.21212121212121e-07,0.151515152,0.242424242
091127A,0.49,0.8512583487190752,-9.844663963,3.98466812,1.39581701,0.758,1.80187,-5.045757491,2.05,20.87872913,1.667452953,0.150359555,0.018562516,0.021935207,0.013587309,0.00244132,1.81818181818182e-07,0.042424242,1.636363636
091208B,1.063,1.173186268412274,-10.18045606,3.31388094,1.1606541,0.86,2.03333,-5.48148606,1.74,21.91211094,1.181843588,2.897723268,0.036806415,0.052928177,0.030502454,0.034663611,1.21212121212121e-07,0.066666667,0.606060606
100219A,4.6667,1.2741578492636798,-12.13548892,4.7218991,3.69298474,0.46,1.58721,-6.431798276,1.34,18.42501386,-0.397940009,6.647711502,0.326395625,0.103773463,0.730853403,0.005,3.63636363636364e-08,0.151515152,0.060606061
100316B,1.18,0.5797835966168101,-11.1481304,3.5543767,1.36246063,1.08,2.23535,-6.698970004,2.23,21.41315218,0.113943352,0.445223532,0.10431242,0.207348761,0.13322096,0.02,1.21212121212121e-08,0.109090909,0.060606061
100316D,0.06,2.717570653712961,-10.893182015032878,4.714399518368648,1.7368616758658286,0.8897631891164,,,,,,,0.8032293217466178,0.6274984436453397,0.3068557473393049,0.20786850469196783,,,
100418A,0.6235,0.8450980400142568,-12.48811664,5.54363,1.81145,0.84,2.26662,-6.468521083,2.16,15.61943666,0.0,0.963279858,0.10745,0.075475,0.16786,0.01,3.03030303030303e-08,0.151515152,0.121212121
100425A,1.755,1.568201724066995,-11.50168945,3.60199415,0.86819371,1.46,2.17077,-6.327902142,2.42,20.53466438,0.146128036,3.773539953,0.070859065,0.115125536,0.055076895,0.035,5.45454545454545e-08,0.193939394,0.121212121
100508A,0.5201,1.7160033436347992,-10.861423760709918,3.849929571262313,1.1810251408363222,0.8622380472409596,,,,,,,0.7959091894644645,0.6130209016033523,0.32205710409551375,0.21096511182953798,,,
100513A,4.772,1.9242792860618816,-11.57186521,3.74522911,0.96306136,1.36,2.25722,-5.853871964,1.62,22.05240534,-0.22184875,14.87086076,0.09817689,0.128616618,0.061569437,0.025,6.06060606060606e-08,0.084848485,0.060606061
100621A,0.542,1.8034571156484138,-9.804100348,3.64164386,0.94079321,0.27,2.3024,-4.677780705,1.9,22.28454803,1.10720997,1.683600844,0.041282476,0.060455075,0.024177265,0.150679792,0.0,0.018181818,0.181818182
100625A,0.452,-0.4814860601221125,-10.87942607,2.43862257,1.84657968,1.08,2.40449,-6.638272164,0.9,20.33244048,0.414973348,213.3588526,0.36164147,0.239414064,0.242981501,0.175,1.21212121212121e-08,0.060606061,0.121212121
100704A,3.6,2.295567099962479,-10.35163999,3.62503495,1.01294211,1.29,2.11575,-5.22184875,1.73,21.52730245,0.633468456,23.25931459,0.04763446,0.053639373,0.01813996,0.01,1.21212121212121e-07,0.036363636,0.121212121
100724A,1.288,0.146128035678238,-10.67778071,2.86502502,1.11237691,0.83,1.94442,-6.795880017,1.92,21.01720452,0.278753601,0.155794716,0.14742817,0.168928757,0.065002869,0.05,1.21212121212121e-08,0.127272727,0.121212121
100728A,1.567,2.297760511099134,-10.17587417,4.03148606,1.5588143,0.96,1.90402,-4.420216403,1.18,21.52592288,0.707570176,12.6465837,0.0760751,0.053762484,0.034265796,0.005,0.0,0.012121212,0.121212121
100814A,1.44,2.241795431295199,-11.49349497,5.22729477,1.76532941,1.1425,1.89414,-5.045757491,1.47,20.89608288,0.397940009,9.468174905,0.04362636,0.035347138,0.084015169,0.01745135,1.21212121212121e-07,0.024242424,0.121212121
100816A,0.804,0.4623979978989561,-11.5559552,3.97801299,1.04455013,1.09,1.91138,-5.698970004,0.73,21.34783526,1.037426498,0.621173086,0.08674922,0.112014005,0.047175154,0.015,6.06060606060606e-08,0.145454545,0.242424242
100901A,1.408,2.6424645202421213,-11.34103516,4.91124,1.50754,1.075,1.98285,-5.677780705,1.52,21.53188109,-0.096910013,22.56299024,0.0283,0.02425,0.036255,0.0005,1.81818181818182e-07,0.127272727,0.121212121
100906A,1.727,2.0584260244570056,-10.4698003,3.94074768,1.71220056,0.87,2.02817,-4.920818754,1.78,21.96198081,1.004321374,1.591145486,0.048743085,0.039933316,0.059340084,0.0,0.0,0.018181818,0.242424242
101219B,0.55,1.5314789170422551,-11.99567863,4.42003952,0.66918137,0.94,1.85684,-5.677780705,1.56,20.49692965,-0.22184875,5.420624286,0.089446275,0.166829365,0.039390628,0.105,2.42424242424242e-07,0.096969697,0.181818182
101225A,0.33,3.036628895362161,-11.383040942364818,4.339658362660453,1.0984520255626506,0.8792702766650129,,,,,,,0.8030475790164342,0.626875395809749,0.28941673114794836,0.2100998979512495,,,
110106B,0.618,1.3944516808262162,-10.81530857,3.87203946,1.22519883,1.03,2.05121,-5.698970004,1.76,21.29748256,0.322219295,16.62661769,0.045543555,0.058714404,0.049891228,0.005,6.06060606060606e-08,0.066666667,0.181818182
110205A,2.21,2.426185825244511,-10.948215480093916,4.130504840914918,1.6724836098306826,0.8832171138990887,,,,,,,0.7980166791221981,0.6009966238756357,0.3015528922376971,0.2072458894647678,,,
110213A,1.46,1.6812412373755872,-9.896196279,3.84089,1.8412,1.1905,1.96436,-5.229147988,1.83,21.56708403,0.204119983,16.0,0.03588,0.023515,0.02785,0.226362665,2.42424242424242e-07,0.072727273,0.363636364
110422A,1.77,1.413299764081252,-9.681936665,3.50066971,1.42239886,0.778,1.89199,-4.387216143,0.86,22.02088312,1.487138375,0.566646277,0.024137407,0.029472713,0.022779716,0.005,6.06060606060606e-07,0.060606061,0.606060606
110503A,1.613,1.0,-9.08249449,2.54166555,1.14649063,0.687,1.90907,-5.0,0.88,21.13638759,0.130333768,3.405445073,0.028998071,0.028887961,0.006289914,0.001,2.42424242424242e-07,0.151515152,0.036363636
110715A,0.82,1.1139433523068367,-9.075720714,2.61109719,0.95853538,0.755,1.85342,-4.928117993,1.25,22.0746007,1.731588765,4.0,0.02377653,0.035600881,0.009554076,0.0015,1.21212121212121e-07,0.072727273,0.666666667
110726A,1.036,0.7160033436347992,-10.722854676316217,3.5560322173307437,1.105309813712592,0.8701899540950756,,,,,,,0.7908562298499229,0.5898654183043028,0.287874724170444,0.20833510147838802,,,
110731A,2.83,1.5888317255942073,-12.08512818,5.08952072,1.42351927,0.39,1.85145,-5.22184875,1.15,21.95954126,1.041392685,11.66246372,0.097418495,0.090702815,0.110855301,0.13,6.06060606060606e-08,0.03030303,0.181818182
110801A,1.858,2.5854607295085006,-10.42153073851484,3.860014230056874,1.5132809763896944,0.8965808818224819,,,,,,,0.7973500312057853,0.6069937428484022,0.28398482150998894,0.2106528185172294,,,
110808A,1.348,1.6812412373755872,-12.08440021,4.50711,0.807091,1.4,2.33721,-6.48148606,2.32,14.56450155,-0.397940009,22.627417,0.0837,0.155655,0.0776,0.025,4.84848484848485e-08,0.260606061,0.121212121
110818A,3.36,2.012837224705172,-11.28316228,3.84627415,1.37167718,0.83,1.95985,-5.397940009,1.58,22.06812647,0.204119983,18.0548006,0.05514905,0.059648416,0.067338189,0.01,1.21212121212121e-07,0.066666667,0.181818182
111008A,4.9898,1.8025000677643934,-10.66756154,3.98993393,1.21584288,0.829,1.94053,-5.27572413,1.86,22.17059025,0.806179974,2.36485691,0.028511085,0.035676696,0.027351291,0.001,1.81818181818182e-07,0.054545455,0.424242424
111107A,2.893,1.424881636631067,-10.742184673374943,3.525922312589433,1.1157402226744435,0.8947019479109493,,,,,,,0.8115572530430537,0.6015492099143391,0.2932032911992121,0.20223622607598113,,,
111117A,2.211,-0.3279021420642826,-11.56224944,3.040958613,1.320391508,0.79,2.19593,-6.853871964,0.65,21.35810434,0.130333768,0.053665607,0.1607292,0.16895411,0.11777667,0.045,1.09090909090909e-08,0.133333333,0.121212121
111123A,3.1516,2.462397997898956,-11.60730305,4.42202873,1.46723371,1.25,2.55463,-5.13667714,1.68,21.35034301,-0.045757491,88.09086218,0.07308827,0.070655771,0.105884147,0.005,1.81818181818182e-07,0.042424242,0.060606061
111209A,0.677,3.146128035678238,-9.057000407,4.13326,2.77382,0.2529,1.81212,-4.443697499,1.48,21.14009932,-0.301029996,29.55180898,0.02099,0.010455,0.04435,4.99999999999997e-05,6.06060606060606e-07,0.018181818,0.060606061
111228A,0.714,2.0051805125037805,-10.65757732,4.10627835,1.15297662,0.99,2.03824,-5.070581074,2.27,21.41342718,1.093421685,5.415902489,0.030118345,0.037264425,0.023299272,0.0,1.21212121212121e-07,0.036363636,0.303030303
120118B,2.943,1.3666097103924297,-10.95467702,3.68307,1.0241,1.01,2.20884,-5.744727495,2.08,21.451745,0.342422681,19.64696058,0.1172,0.131765,0.077156,0.005,6.06060606060606e-08,0.066666667,0.181818182
120119A,3.1,2.404491617758686,-10.503648976667412,3.6370161720965797,1.4664792186332583,0.890802499958007,,,,,,,0.7830477307816146,0.5990534729432262,0.2885349066872738,0.2073522851209061,,,
120327A,2.813,1.7986506454452689,-10.15181088,3.48517215,1.44859414,0.63,1.75797,-5.443697499,1.52,22.16619025,0.591064607,7.52171255,0.04362492,0.051679097,0.058002882,0.02,6.06060606060606e-08,0.036363636,0.121212121
120404A,2.876,1.5877109650189114,-11.02687215,3.79948,1.90651,0.69,1.89579,-5.795880017,1.85,21.70983536,0.079181246,16.0,0.11705,0.068285,0.121385,0.005,6.06060606060606e-08,0.078787879,0.121212121
120422A,0.283,0.7283537820212285,-12.73992861,5.23266697,0.86153199,1.1,2.32199,-6.638272164,1.19,16.83373789,-0.22184875,2.236067977,0.11830242,0.217818621,0.214451933,0.035,2.42424242424242e-08,0.145454545,0.121212121
120711A,1.405,2.060697840353612,-10.891104750251975,3.9836337435666613,1.2846977339343943,0.8717474905316358,,,,,,,0.7946688884403796,0.5996853908689326,0.300378793824873,0.2063308905683351,,,
120729A,0.8,1.8543060418010806,-10.29756946,3.52138487,2.26312734,0.645,1.8831,-5.619788758,1.62,21.34792103,0.462397998,36.74353317,0.06906832,0.047294772,0.130088482,0.013331067,6.06060606060606e-08,0.048484848,0.121212121
120802A,3.796,1.6989700043360187,-11.17198494,3.53838419,0.54215516,0.91,2.03526,-5.721246399,1.21,22.12127744,0.477121255,31.02460027,0.07803221,0.220557212,0.11816229,0.055,1.81818181818182e-07,0.284848485,0.121212121
120804A,1.3,-0.09151498112135022,-9.76498948,2.56606,1.09546,0.86,2.05668,-6.055517328,1.34,21.60814292,1.033423755,0.083234562,0.16554,0.17802,0.037085,0.015,3.03030303030303e-08,0.048484848,0.363636364
120811C,2.671,1.4281347940287887,-10.14327111,3.15909591,1.01613299,0.65,1.92121,-5.522878745,1.4,21.91722026,0.612783857,3.693579286,0.05294686,0.084200302,0.03800099,0.090734018,1.81818181818182e-07,0.181818182,0.121212121
120815A,2.36,0.9867717342662449,-10.6445460862547,3.580153310343523,1.076585009170263,0.8826534011613351,,,,,,,0.7775639792787059,0.5888529373094546,0.28936384525932884,0.20508591106720025,,,
120907A,0.97,1.2278867046136734,-10.37675071,3.2113827,1.05329104,0.78,1.82021,-6.173925197,1.73,21.0438101,0.462397998,1.370430613,0.04130341,0.062296694,0.028647271,0.005,6.66666666666667e-08,0.151515152,0.242424242
120922A,3.1,2.2380461031287955,-10.59516628,3.59799,1.06622,1.17,2.06954,-5.207608311,1.58,21.0163605,0.301029996,30.24009631,0.16365,0.133375,0.03563,0.005,4.24242424242424e-07,0.218181818,0.121212121
121024A,2.298,1.8388490907372552,-11.31158018,4.17178823,1.30353551,0.87,2.00683,-5.958607315,1.41,21.94617755,0.113943352,32.06243908,0.063305895,0.065435085,0.06666149,0.0,6.06060606060606e-08,0.133333333,0.121212121
121027A,1.773,1.7965743332104296,-11.92081875,5.40919042,1.50995764,1.16,2.37144,-5.698970004,1.82,22.07736427,0.113943352,4.820058467,0.041584155,0.037953731,0.058939694,0.0,6.06060606060606e-08,0.054545455,0.121212121
121128A,2.2,1.3673559210260189,-9.617982957,3.23392922,1.54546584,0.9455,1.98504,-5.161150909,1.32,22.04029767,1.11058971,1.63061216,0.028690024,0.029795568,0.032445001,0.010337721,2.42424242424242e-07,0.109090909,0.242424242
121211A,1.023,2.2600713879850747,-11.2823295,4.20933518,1.15615612,0.95,2.0682,-5.886056648,2.36,21.66138196,0.0,39.28730733,0.054250775,0.063247159,0.074602829,0.005,1.61818181818182e-07,0.157575758,0.181818182
121217A,3.1,2.890979596989689,-10.59138610458943,3.6461016945251217,1.1272321319155645,0.8848911653645435,,,,,,,0.8022660674967996,0.6044780292844572,0.2861033306434678,0.2082569459096944,,,
130215A,0.6,1.8129133566428555,-11.210468605761736,4.538153227618384,1.7303715474436923,0.8941607837518453,,,,,,,0.8061909643711465,0.6182830030931654,0.37796521190181087,0.20877326930456708,,,
130408A,3.757,1.4471580313422192,-10.32975415,3.58393,1.39277,0.945,2.03183,-5.638272164,1.28,20.06405721,0.69019608,13.06603535,0.077,0.070305,0.0643,0.117120218,2.42424242424242e-07,0.157575758,0.606060606
130418A,1.218,2.4771212547196626,-9.247183569,2.59006,1.28449,0.198,1.68684,-5.744727495,2.07,21.12149747,-0.22184875,46.08809848,0.06047,0.06867,0.031625,0.003,1.21212121212121e-07,0.103030303,0.121212121
130420A,1.297,2.0916669575956846,-10.8728952,3.56731,0.914676,1.17,2.29559,-5.148741651,1.52,20.79265849,0.531478917,11.73673073,0.05505,0.08535,0.0286905,0.005,1.81818181818182e-07,0.151515152,0.121212121
130427A,0.34,2.38214316788425,-10.219020213431595,4.001878583664616,1.3672475181377286,0.8827976873877761,,,,,,,0.8002098332894825,0.5937500922352343,0.2782164443957098,0.20386955097245835,,,
130505A,2.27,1.9444826721501687,-8.91721463,3.24559,1.3304,0.724,1.92439,-4.677780705,1.18,20.71960885,1.477121255,116.2582295,0.014975,0.024355,0.01565,0.0,6.06060606060606e-07,0.042424242,1.878787879
130511A,1.3033,0.7347998295888469,-10.51570016,2.65954,1.16497,0.65,2.06879,-6.657577319,1.35,21.01365445,0.113943352,2.212184473,0.0838,0.089385,0.04916,0.01,2.42424242424242e-08,0.187878788,0.121212121
130514A,3.6,2.3096301674258988,-10.7212464,3.68772,1.17745,0.65,2.0604,-5.040958608,1.8,21.19799139,0.447158031,12.81269759,0.078,0.078365,0.04188,0.08,1.21212121212121e-07,0.03030303,0.181818182
130603B,0.356,-0.744727494896694,-10.51286162,3.52927,1.50729,0.84,2.20112,-6.200659451,0.82,21.35365854,0.806179974,0.024000049,0.04335,0.045125,0.07082,0.029144184,1.81818181818182e-08,0.042424242,0.181818182
130604A,1.06,1.5763413502057928,-8.316052869,2.071571247,1.742079764,0.98,2.08823,-5.853871964,1.51,21.35024026,-0.096910013,4.559271868,0.166441725,0.100184013,0.041653571,0.015,6.06060606060606e-08,0.072727273,0.121212121
130606A,5.913,2.4418207722892835,-10.18045606,3.30222,1.37571,0.44,1.86465,-5.537602002,1.52,20.24962877,0.414973348,19.31096766,0.06815,0.07782,0.05186,0.045,1.21212121212121e-07,0.072727273,0.121212121
130702A,0.15,1.7708520116421442,-10.53408957930462,4.213079064053559,1.388185471725211,0.8651147057525994,,,,,,,0.7911791060632263,0.6067207871492541,0.2815693140212626,0.20949671664338182,,,
130831A,0.4791,1.5118833609788744,-9.89279003,3.31959,1.28481,1.01,1.79449,-5.187086643,1.93,19.84752454,1.133538908,1.864331486,0.054815,0.089045,0.06727,0.009011148,1.21212121212121e-08,0.03030303,0.363636364
130925A,0.347,2.2528530309798933,-10.62525165,5.84588,1.38344,1.5915,2.69002,-4.387216143,1.85,21.99154725,0.86332286,3.540892566,0.06235,0.06424,0.12684,0.206936072,6.06060606060606e-07,0.084848485,0.363636364
131004A,0.717,0.18752072083646307,-9.847711656,3.06764,2.37965,1.09,2.21436,-6.552841969,1.81,21.41915412,0.531478917,0.326337244,0.339855,0.2446,0.27747,0.01,1.21212121212121e-08,0.066666667,0.121212121
131030A,1.295,1.6138418218760693,-9.294136288,2.84594,1.11188,0.693,2.09466,-4.537602002,1.3,20.84178667,1.44870632,4.042662472,0.025175,0.027575,0.00815,0.0075,0.0,0.018181818,0.424242424
131105A,1.686,2.050379756261458,-10.91009489,3.9488,1.19347,0.94,2.24976,-5.148741651,1.45,21.32749584,0.544068044,4.086802216,0.03335,0.047885,0.04544,0.005,3.03030303030303e-07,0.066666667,0.363636364
131117A,4.042,1.0413926851582251,-10.838632,2.87134,0.951056,0.86,2.15896,-6.602059991,-0.4,22.01669496,-0.15490196,3.16227766,0.0823,0.12461,0.0362555,0.025,2.42424242424242e-08,0.854545455,0.060606061
140206A,2.73,1.9712758487381052,-9.730487056,3.59073,1.22509,0.672,1.88134,-4.795880017,1.04,22.00531353,1.28780173,13.75282388,0.012995,0.021325,0.015545,0.021902336,1.81818181818182e-07,0.090909091,0.303030303
140213A,1.2076,1.7781512503836436,-10.12551818,3.829176603,1.108879519,0.83,1.96657,-4.920818754,1.8,20.99187128,1.371067862,2.62312486,0.06303582,0.068643889,0.021746292,0.005,0.0,0.024242424,0.484848485
140419A,3.956,1.9763499790032735,-10.00568285,3.68383,1.36898,0.678,1.87322,-4.795880017,1.21,22.04094236,0.69019608,3.817215769,0.023985,0.02442,0.017885,0.001,0.0,0.024242424,0.121212121
140423A,3.26,2.1271047983648077,-10.85078089,3.90552,1.18974,0.77,2.06486,-5.026872146,1.33,21.81946365,0.322219295,23.01198296,0.05035,0.05495,0.045115,0.149849463,1.81818181818182e-07,0.036363636,0.121212121
140430A,1.6,2.239549720840473,-11.36251027,4.14388,0.875171,1.03,2.15785,-5.958607315,2.0,21.67796993,0.397940009,3.69174647,0.0861,0.13071,0.0833725,0.035,1.21212121212121e-07,0.133333333,0.121212121
140506A,0.889,2.0457140589408676,-9.903089987,3.30686,0.948932,0.9,1.74751,-5.552841969,1.68,21.81764402,1.037426498,9.556709938,0.05516,0.06882,0.01557,0.047966029,1.81818181818182e-07,0.096969697,0.545454545
140509A,2.4,1.3654879848908996,-11.09770006,3.58709,1.40649,0.86,1.93407,-5.920818754,1.59,20.90144742,0.204119983,5.171156949,0.08395,0.088715,0.10418,0.22,1.21212121212121e-07,0.121212121,0.242424242
140512A,0.725,2.189770956346874,-9.504455662,3.53686,1.25134,0.871,1.84304,-4.853871964,1.45,21.32824297,0.832508913,4.787065924,0.01504,0.022285,0.02006,0.002482817,1.81818181818182e-07,0.024242424,0.181818182
140518A,4.707,1.7817553746524688,-11.31158018,3.77824,1.64981,0.94,1.93772,-6.0,0.92,22.46148952,0.0,2.429189161,0.09045,0.070125,0.18819,0.0,6.06060606060606e-08,0.36969697,0.060606061
140614A,4.233,2.8573324964312685,-10.9589,3.70006,1.35595,0.83,1.77015,-5.886056648,1.5,12.04338193,,160.0586725,0.1129,0.098945,0.093145,0.05,2.42424242424242e-07,0.278787879,
140629A,2.275,1.6232492903979006,-9.847711656,2.85608,1.16056,0.815,1.95996,-5.619788758,1.86,21.74269921,0.62324929,11.54148842,0.042785,0.06161,0.03501,0.001678552,1.21212121212121e-07,0.066666667,0.242424242
140801A,1.32,0.8450980400142568,-10.85662165246542,3.9078998212620246,1.1701965536444525,0.8782927329767707,,,,,,,0.7850553104272064,0.5953328658548176,0.28785368294094205,0.20746117869705738,,,
140903A,0.351,-0.5228787452803376,-11.30980392,4.29222,1.22723,0.57,1.63218,-6.853871964,1.99,21.07864529,0.397940009,0.034176028,0.06395,0.074155,0.110285,0.0,6.060606060606061e-09,0.072727273,0.121212121
140907A,1.21,1.8987251815894934,-10.663712414378562,3.913460752533542,1.2327823180877133,0.8999566213242607,,,,,,,0.8040577774899944,0.5901840825168829,0.27899018200026304,0.2104801096803114,,,
141004A,0.573,0.5932860670204573,-10.61083392,3.30337,1.54959,1.08,1.79496,-6.173925197,1.86,21.49730845,0.785329835,1.073372291,0.0853,0.081935,0.09774,0.005,1.81818181818182e-08,0.048484848,0.181818182
141121A,1.47,2.7402837196818792,-12.65757732,5.76634,2.33322,0.82,1.93447,-5.27572413,1.73,21.59590717,-0.045757491,37.82221354,0.1675,0.090095,0.2969,0.01,2.42424242424242e-07,0.078787879,0.181818182
141220A,1.3195,0.857935264719429,-9.872830386,2.77561,1.42066,1.1,1.80565,-5.585026652,0.62,21.48574413,0.949390007,0.473776348,0.042455,0.057375,0.050735,0.07,6.06060606060606e-08,0.23030303,0.424242424
141221A,1.45,1.5207454715194824,-10.24989422267528,3.405614716637797,1.3530594818826063,0.8613185837639831,,,,,,,0.7872187181731727,0.6048037044522441,0.2830403005247053,0.2147755682522009,,,
150120B,3.5,1.3856062735983121,-10.79048499,3.39431,1.17705,0.92,2.01678,-6.26760624,2.2,21.52664292,0.079181246,3.388285726,0.0711,0.090535,0.057705,0.005,4.84848484848485e-08,0.151515152,0.121212121
150314A,1.758,1.1699681739968923,-8.609064893,2.49217,1.19079,0.73,1.84772,-4.657577319,1.08,22.01715025,1.58546073,2.631341157,0.015025,0.015855,0.009925,0.0,1.81818181818182e-07,0.018181818,0.545454545
150323A,0.593,2.1749315935284423,-10.94943625753077,3.7303171309939582,1.0414138861519184,0.8986169315575678,,,,,,,0.8049634072008134,0.615266729201873,0.29033669246660315,0.21036976788141182,,,
150403A,2.06,1.6117233080073419,-8.821023053,3.19694,1.24471,0.679,1.70996,-4.769551079,1.23,21.79039707,1.245512668,12.01358912,0.005105,0.006975,0.00458,0.0,1.81818181818182e-07,0.024242424,-0.363636364
150821A,0.755,2.2357808703275603,-8.853871964,2.95174,1.82628,0.848,2.21622,-6.102372909,2.1,22.340573,,99.0437544,0.021105,0.015485,0.027365,0.0005,1.15151515151515e-07,0.224242424,
150910A,1.359,2.0499928569201424,-9.970616222,3.85419,2.03808,0.6645,1.78547,-5.318758763,1.42,20.842422,0.041392685,38.54947573,0.703965,0.02868,0.06663,0.002458792,2.42424242424242e-07,0.072727273,0.242424242
151021A,2.33,2.042181594515766,-9.642065153,3.15765,1.33346,1.27,1.96079,-4.552841969,1.57,22.33647975,0.986771734,3.648780623,0.06282,0.05208,0.02141,0.04,6.06060606060606e-07,0.024242424,0.484848485
151027A,0.81,2.112906490253314,-9.935542011,3.99907,1.74508,0.9235,2.00612,-5.107905397,1.72,21.65076489,0.832508913,5.47526252,0.02221,0.01731,0.02499,0.002440971,1.21212121212121e-07,0.03030303,0.363636364
151029A,1.423,0.951823035315912,-10.76639985,2.7098,1.23481,1.25,2.307153,-6.408935393,0.49,21.55195354,0.255272505,80.34516699,0.09735,0.12415,0.07301,0.33,3.63636363636364e-08,0.654545455,0.181818182
151031A,1.167,0.6989700043360189,-11.5214335,3.69323,0.897942,1.24,2.12551,-6.494850022,2.41,21.98623592,0.230448921,2.236067977,1.01707,0.166825,0.1244685,0.01,1.81818181818182e-08,0.109090909,0.121212121
151112A,4.1,1.2860071220794747,-11.6171,4.43227,1.1526,1.24,2.17922,-6.026872146,1.77,21.0151543,0.278753601,24.18108748,0.0472,0.063015,0.06854,0.005,7.27272727272727e-08,0.127272727,0.121212121
151215A,2.59,1.250420002308894,-10.72815839,3.06337,1.07478,1.015,2.20942,-6.508638306,1.99,11.58323846,0.204119983,1.003450114,0.093,0.11588,0.071395,0.35435971,4.24242424242424e-08,0.2,0.121212121
160117B,0.87,1.7781512503836436,-11.74958,4.10299,0.973333,0.64,1.83834,-6.4710833,1.73,20.95374423,,2.461495511,0.12265,0.162075,0.093958,0.015,,,
160121A,1.96,1.0791812460476249,-11.17263073,3.8244,0.798663,1.02,2.2054,-6.214670165,1.77,16.38465801,0.079181246,2.383886728,0.0694,0.120385,0.106048,0.03,3.03030303030303e-08,0.078787879,0.121212121
160131A,0.972,2.5118833609788744,-10.169703955228186,3.83643691490573,1.3726371204904473,0.8890339874151109,,,,,,,0.7924959720810554,0.5934273242928674,0.2817068235738315,0.2053545652666301,,,
160203A,3.52,1.3053513694466237,-11.36754271,3.66139836,1.146279559,0.61,1.75592,-5.920818754,1.93,22.0158332,0.113943352,3.236126049,0.08458679,0.087010427,0.0601909,0.25,6.06060606060606e-08,0.121212121,0.242424242
160227A,2.38,2.500373714353374,-10.99567863,4.47751,1.10229,0.679,1.72551,-5.508638306,0.75,21.4198963,-0.22184875,75.36821526,0.03055,0.03885,0.03434,0.001,1.21212121212121e-07,0.309090909,0.060606061
160314A,0.726,0.9410142437055697,-10.743563206507673,3.4115946792628553,1.057965609949565,0.8852772151736386,,,,,,,0.7922255400764078,0.6219054627320195,0.286708782802851,0.20393081696199394,,,
160327A,4.99,1.4471580313422192,-11.22402567,3.76407,1.49693,0.78,1.93554,-5.853871964,1.84,20.72655851,0.255272505,9.225420765,0.0673,0.06033,0.1004,0.02,6.06060606060606e-08,0.066666667,0.121212121
160425A,0.555,2.4837013823394596,-10.726214569673775,3.708892723603995,1.1750755051659258,0.9162637425468148,,,,,,,0.8033486192584967,0.6228530171720088,0.2997687864998304,0.21671209594259006,,,
160804A,0.736,2.15896526038341,-11.5214335,4.38419,0.948229,0.92,1.87827,-4.943095149,1.4,21.30214687,0.462397998,19.22975247,0.05875,0.095375,0.070062,0.005,1.81818181818182e-07,0.139393939,0.181818182
161014A,2.823,1.2624510897304295,-10.798119173549491,3.843949878950315,1.4063645602680013,0.8866678419848764,,,,,,,0.8091318562592749,0.608026324740073,0.2918078851966378,0.2117164337104983,,,
161023A,2.71,1.6434526764861874,-10.46724146406273,4.0382342498415795,1.4062910578434307,0.8770423738354916,,,,,,,0.7769440211357423,0.583177610264765,0.27821180406191737,0.20620731318860752,,,
161108A,1.159,2.021602716028242,-11.81247928,4.69106,0.883711,0.84,2.00325,-5.958607315,1.85,21.16074757,-0.22184875,11.8942948,0.13355,0.18179,0.0812555,0.005,6.06060606060606e-08,0.103030303,0.060606061
161117A,1.549,2.0993352776859577,-10.74958,4.08464,1.141,1.375,1.92624,-4.698970004,1.19,21.87736847,0.832508913,1.095627703,0.03835,0.04019,0.02365,0.674290141,0.0,0.072727273,0.181818182
161129A,0.645,1.5505952074893279,-10.43651891,3.70506,2.32574,0.71,1.74506,-5.443697499,1.57,21.51361441,0.531478917,2.093571159,0.10625,0.050725,0.10628,0.005,6.06060606060606e-08,0.036363636,0.121212121
161219B,0.1475,0.8413594704548549,-10.13667714,4.0135,0.871656,0.73,1.86204,-5.823908741,1.29,21.16590877,0.72427587,0.791979781,0.0277,0.03841,0.008668,0.0,6.06060606060606e-08,0.212121212,0.242424242
170113A,1.968,1.3151303171836017,-10.708254498641562,3.7878897905769655,1.281651877798494,0.8821320873370886,,,,,,,0.7856877160956568,0.591542974140681,0.2827991695556572,0.20285094193430175,,,
170202A,3.645,1.6646419755561255,-10.65364703,3.77629,1.1958,1.04,1.99768,-5.48148606,1.68,21.7153121,0.672097858,11.44830537,0.04485,0.068655,0.059155,0.0,6.06060606060606e-08,0.042424242,0.181818182
170405A,3.51,2.2166935991697545,-10.31069114,3.6300738,1.81152426,0.612,1.8473,-5.431798276,1.59,13.21022485,,35.39093667,0.048255345,0.035670699,0.072401387,0.0475,1.81818181818182e-07,0.072727273,
170519A,0.818,2.3352572564345317,-11.06348626,4.1513,1.37345,0.975,1.97351,-5.958607315,1.94,21.33992622,-0.15490196,49.40433008,0.053,0.052235,0.066745,0.224423613,1.21212121212121e-07,0.157575758,0.060606061
170531B,2.366,2.2151879694971317,-11.39577395,3.80257,1.02082,0.99,2.06685,-5.698970004,1.95,9.634585075,-0.096910013,8.820503864,0.08415,0.11435,0.107427,0.035,1.21212121212121e-07,0.084848485,0.121212121
170604A,1.329,1.4265112613645752,-10.592177961269098,3.7684862767633405,1.08002398534426,0.8850637299008601,,,,,,,0.8158630675472258,0.6194858147552547,0.28336721915582397,0.20595739124142848,,,
170607A,0.557,1.3617278360175928,-10.459399692045643,3.9017907917108907,1.214210890082943,0.8933823251999564,,,,,,,0.8111835492537542,0.6021898102655043,0.2844036013311868,0.20789586666823356,,,
170705A,2.01,2.3370597263205246,-10.18641901,3.63746,0.774169,0.66,1.89159,-5.022276395,1.65,21.08891889,1.1430148,18.07805176,0.04055,0.06603,0.027333,0.005,1.81818181818182e-07,0.03030303,0.242424242
170714A,0.793,3.0,-10.075204,4.28080232,3.42119695,0.6815,1.84715,-5.552841969,1.76,21.06857915,-0.397940009,92.58644712,0.066395795,0.023936409,0.149576982,0.0,1.81818181818182e-07,0.103030303,0.121212121
170903A,0.886,1.4653828514484182,-11.26042766,4.41384,0.971187,1.14,2.20256,-5.619788758,1.94,21.73970839,0.591064607,3.59505881,0.04095,0.065935,0.051271,0.005,1.21212121212121e-07,0.072727273,0.303030303
171205A,0.0368,2.2773799746672547,-12.42945706,5.48376,1.13263,0.67,1.66173,-5.443697499,1.41,19.67443398,0.0,35.1681973,0.0719,0.109545,0.115455,0.01,1.81818181818182e-07,0.084848485,0.181818182
171222A,2.409,2.2425414282983844,-12.10957898,4.78231,0.718496,1.34,1.99001,-5.721246399,2.07,20.02880298,-0.15490196,22.66456934,0.20975,0.378455,0.126956,0.015,1.21212121212121e-07,0.103030303,0.121212121
180115A,2.487,1.6117233080073419,-10.347705727062468,3.5066682056644085,1.222479761212355,0.8876742556257844,,,,,,,0.8104688337040225,0.6097489328668144,0.28204954185393505,0.20888084847464855,,,
180205A,1.409,1.1903316981702914,-10.30627305,3.21372,1.09633,1.03,1.88733,-6.0,2.04,21.4933967,0.531478917,3.123262328,0.06455,0.088815,0.042095,0.005,6.06060606060606e-08,0.078787879,0.181818182
180325A,2.248,1.973589623427257,-10.81816581852296,3.8083741297890397,1.4295987925898688,0.900779886259945,,,,,,,0.7971895719093824,0.5865485465411551,0.2848054307568755,0.21007137456546576,,,
180329B,1.998,2.322219294733919,-11.14935376,4.02296,1.50063,0.77,1.86768,-5.48148606,0.97,21.41988474,0.146128036,44.04594331,0.04825,0.04314,0.069665,0.0,1.81818181818182e-07,0.339393939,0.242424242
180404A,1.0,1.546542663478131,-11.62342304,4.20449,1.17089,0.72,1.62007,-5.886056648,1.95,20.48730103,0.113943352,87.94658108,0.0661,0.1242,0.10229,0.065,6.06060606060606e-08,0.072727273,0.121212121
180620B,1.1175,2.2984163800612945,-10.98296666,4.6659,1.09835,0.9,1.99236,-5.0,1.3,21.21643247,0.556302501,27.4443118,0.0437,0.067125,0.059445,0.005,1.81818181818182e-07,0.121212121,0.121212121
180624A,2.855,2.6869935662646784,-11.54363397,4.171185481,1.243849338,0.95,2.06008,-5.236572006,1.91,21.1034582,0.146128036,38.50431688,0.088149935,0.099379055,0.123366444,0.0,1.81818181818182e-07,0.060606061,0.121212121
180720B,0.654,1.6892822144730457,-8.847711656,3.62033,1.34127,0.729,1.8461,-4.065501549,1.36,21.24271531,1.831869774,3.688453378,0.004975,0.00614,0.005375,0.0,6.06060606060606e-07,0.018181818,1.575757576
180728A,0.117,0.9385197251764918,-9.42365865,3.8695,1.1986,0.8595,1.70111,-4.528708289,1.97,21.58733599,2.120573931,0.297321378,0.009885,0.014745,0.0091,0.042486494,3.63636363636364e-07,0.018181818,1.757575758
181010A,1.39,1.2148438480476977,-9.928117993,3.15711,1.07011,1.115,1.76613,-6.161150909,1.52,22.27837171,0.146128036,2.192792779,0.034615,0.057805,0.033375,0.007041969,4.24242424242424e-08,0.090909091,0.121212121
181020A,2.938,2.376576957056512,-10.42365865,4.29043,2.64643,1.228,1.93674,-5.091514981,1.25,20.65703194,0.886490725,11.5888181,0.1418,0.047555,0.091985,0.029531206,1.81818181818182e-07,0.036363636,0.181818182
181110A,1.505,2.141136090120739,-10.39577395,3.7664,1.92336,1.7505,1.76057,-5.004364805,2.02,20.88432911,0.568201724,10.92778323,0.0907,0.05473,0.07443,0.141485526,1.81818181818182e-07,0.03030303,0.181818182
181201A,0.45,1.2833012287035497,-10.41148446882863,4.098266814867766,1.3050217687462522,0.8780850164571207,,,,,,,0.7943226892537689,0.5926960806635575,0.2790534754734837,0.2067040462073933,,,
190106A,1.859,1.885361220031512,-10.43297363,4.19124,1.26841,1.9365,1.94587,-5.22184875,1.43,14.74289944,0.740362689,2.252724553,0.02855,0.031095,0.027005,0.225510462,1.21212121212121e-07,0.127272727,0.181818182
190114A,3.3765,1.823474229170301,-10.75202673,3.74534,1.18375,0.86,1.83214,-6.096910013,2.06,21.6447605,-0.301029996,10.18381229,0.03365,0.042215,0.04616,0.0,7.27272727272727e-08,0.133333333,0.121212121
190627A,1.942,0.2041199826559248,-11.39794001,4.71457,1.55937,0.964,1.95997,-7.004364805,2.38,21.25707831,0.041392685,0.284871976,0.06155,0.06135,0.11984,0.023,1.33333333333333e-08,0.23030303,0.181818182
190719C,2.469,2.2688119037397803,-11.257,4.88123,1.55953,0.915,1.5415,-5.292429824,1.64,20.95382587,0.740362689,9.689285646,0.2175,0.1943,0.21085,0.22,3e-07,0.09,0.3
190829A,0.0785,1.7649229846498886,-9.56068,4.0838,1.03996,1.16,2.0913,-5.193820026,2.56,22.04910001,1.255272505,8.854522046,0.013585,0.0191599999999998,0.0096749999999999,0.075,7e-07,0.21,2.7
191011A,1.722,0.8674674878590515,-10.8132081,3.15321333,1.30602449,0.94,1.81479,-6.48148606,1.94,21.65033473,0.255272505,0.950286355,0.05719327,0.06597695,0.05756962,0.19,4e-08,0.17,0.2
191221B,1.148,1.6812412373755872,-8.11145684,1.95518066,1.15734724,1.39,1.843,-4.721246399,1.24,16.3283796,0.681241237,16.0,0.06184721,0.05366691,0.00551831,0.175,1e-06,0.05,0.7
200205B,1.465,2.660865478003869,-11.7337376,4.53640048,1.56884903,0.516,1.90881,-5.26760624,1.36,16.75891189,0.301029996,5.385164807,0.10035241,0.08886983,0.19267266,0.18,2e-07,0.22,0.2
200613A,1.2255,2.5809249756756194,-10.845392060510207,4.276326005660952,1.196585673171169,0.8908564496029308,,,,,,,0.7953502676111608,0.6246168372307874,0.29146592730400067,0.20505261369812045,,,
200829A,1.25,1.1152775913959014,-8.6381,2.97975,1.29833,0.64,1.88219,-4.292429824,0.83,21.08966848,1.994317153,2.91,0.0095499999999999,0.00926,0.00866,0.0195,1e-06,0.03,1.6
201014A,4.56,1.5587085705331658,-11.230596432518979,4.214124609620747,1.252607002239626,0.8855821567595262,,,,,,,0.815917099757625,0.5981913859487078,0.2908041320217699,0.2082789657595852,,,
201015A,0.426,0.9903388547876014,-10.90243667510309,3.9455893313960133,1.002896480584881,0.8938387807392465,,,,,,,0.7926503063267436,0.6008056027881994,0.296979692713115,0.20606589122562657,,,
201020A,2.903,1.1513698502474603,-11.0900559,3.96908872,1.55158826,0.99,2.0761,-6.036212173,2.25,20.93258486,0.322219295,4.750244299,0.04915322,0.04826492,0.08306159,1.04,7e-08,0.14,0.2
201021C,1.07,1.387033701282363,-10.180042402011505,3.4399922425199074,1.2533965163856506,0.8686840809531641,,,,,,,0.8004930025730896,0.6104400307250086,0.2823750662278204,0.20599216374371182,,,
201104B,1.954,0.9375178920173467,-9.38944702,2.72159651,1.19537497,0.605,1.55046,-5.744727495,1.47,21.73058526,0.612783857,0.161839373,0.02110237,0.02972805,0.02348264,0.175,1e-07,0.07,0.3
201221A,5.7,1.6483600109809315,-10.8802,3.69587,1.06263,0.4,1.45068,-5.744727495,1.4,22.86332108,0.0,6.154185581,0.08575,0.223272,0.0994399,0.525,2e-07,0.15,0.3
210204A,0.876,2.3010299956639813,-10.512132247945551,4.011285053855133,1.2725689335350956,0.8840157638186892,,,,,,,0.7920530547424516,0.6037637426259326,0.27715822594705847,0.20674925520346976,,,
210210A,0.715,0.8195439355418687,-10.1403778,3.72413045,1.5451851,0.965,1.85188,-6.008773924,1.53,21.12319546,0.84509804,0.58931824,0.05799791,0.08857348,0.10645081,0.15,8e-08,0.58,0.5
210222B,2.198,1.1078880251827987,-10.4520599,3.24642494,1.37828029,0.56,1.98,-6.468521083,2.37,21.14612804,0.146128036,1.284049858,0.04184217,0.04927183,0.005516005,0.64,7e-08,0.33,0.3
210411C,2.826,1.1072099696478683,-9.72925773,2.93128506,1.16829405,1.21,1.88408,-5.920818754,1.6,21.05996459,0.681241237,0.597059548,0.05048963,0.05901459,0.03209979,0.14,1e-07,0.4,0.3
210517A,2.486,0.48572142648158,-10.8415194,3.057651,1.21043545,0.66,1.71079,-6.823908741,1.85,21.15768338,0.176091259,1.409113169,0.25872455,0.32132806,0.08060357,0.22,3e-08,0.25,0.2
210610A,3.54,1.1341771075767664,-10.4044334,3.15453451,1.0816785,0.88,1.83562,-6.0,1.41,21.35337952,0.380211242,3.151309574,0.85146569,1.28215864,0.07850685,0.195,1e-07,0.19,0.4
210610B,1.13,1.841234295506041,-9.19036,2.89514,1.05139,0.78,1.91684,-4.443697499,0.98,21.03780485,1.130333768,2.53,0.0225999999999997,0.0283100000000001,0.01291,0.029,1e-06,0.11,0.7
210619B,1.937,1.7846172926328754,-8.55006175,2.91049117,1.12578835,0.745,1.92306,-4.022276395,1.41,21.83430305,2.06069784,0.277416677,0.01027813,0.01099582,0.00437126,0.07,1e-06,0.02,2.2
210722A,1.145,1.7007037171450194,-10.3507,3.6504,1.43908,0.81,1.83712,-5.602059991,1.62,20.54058972,0.342422681,10.53830531,0.0364819,0.0395981,0.048071,0.09,2e-07,0.14,0.5
210731A,1.2525,1.35237549500052,-11.9404653,4.80200435,1.74153741,1.525,2.06317,-5.657577319,-0.25,20.92054437,0.204119983,2.663642552,0.16085961,0.11699725,0.27863334,0.235,2e-07,0.59,0.3
210822A,1.736,2.2571984261393445,-8.20842,2.4985,1.267456,0.77,1.70788,-4.698970004,1.3,21.53322281,1.442479769,42.72,0.017735,0.01621,0.008455,0.026,4e-07,0.4,0.7
211024B,1.1137,2.780677274433368,-8.56429146,3.43921565,1.92622006,1.07,2.08,-5.167491087,1.63,20.98677173,-0.045757491,20.65497765,0.01916437,0.01167528,0.00965772,0.055,3e-07,0.09,0.2
220101A,4.618,2.2389488983117616,-8.69262974,3.04134881,1.20052929,0.491,1.62241,-4.602059991,1.13,21.90370028,0.86332286,12.50116167,0.01431841,0.02317526,0.01255481,0.016,0.0,0.13,0.3
220117A,4.961,1.6973165417323834,-10.1070569,3.43803362,1.68612083,1.2,1.78537,-5.795880017,1.84,21.99532933,0.278753601,3.431095393,0.05084186,0.04500955,0.06200239,0.55,2e-07,0.18,0.4
220521A,5.57,1.1319392952104246,-10.6276115,3.30131796,1.71067512,1.1,2.02179,-6.091514981,1.97,21.85427081,0.672097858,2.691501432,0.16334814,0.13206168,0.12291833,0.4,8e-08,0.18,0.4
220611A,2.3608,1.7558748556724915,-12.4941008,5.53,2.26249671,0.32,1.90103,-6.173925197,1.87,20.42473959,,12.36931688,0.22640221,0.81046481,0.50304248,0.35,1.3e-07,0.29,0.4
230116D,3.81,1.6127838567197355,-11.1278,3.79761,1.57289,0.84,1.76412,-6.090443971,1.38,12.161368,-0.22184875,11.18033989,0.1014,0.13824,0.23491,0.22,1.2e-07,0.22,0.2
230325A,1.664,1.5803546611065915,-10.9066853,3.7823081,0.931411844,1.025,2.0855,-5.886056648,1.82,22.22918251,0.51851394,11.56039866,0.1875455,0.20042492,0.05714513,0.18,2e-07,0.18,0.4
230328B,0.09,1.2839792842384798,-10.1038,3.66388,1.20938,0.865,1.89331,-5.366531544,1.22,21.14580437,0.924279286,3.815689721,0.0267,0.03231,0.02421,0.84,2e-07,0.29,0.5
230414B,3.568,1.4146391467370092,-11.9505263,4.8792574,2.06160972,0.37,2.02038,-6.327902142,1.6,21.69224395,-0.22184875,8.855190621,0.11074106,0.069549,0.21988187,2.19,1e-07,0.3,0.2
230506C,3.7,1.4913616938342726,-11.4531,4.25859,1.14181,1.11,2.08995,-5.769551079,1.89,20.96124782,0.380211242,6.32455532,0.1023,0.11841,0.11299,0.29,2e-07,0.17,0.5
230818A,2.42,0.9921114877869497,-11.0883,3.9564,1.39195,1.02,2.00403,-5.721246399,1.36,21.31377445,0.826074803,1.249953617,0.2044,0.12794,0.19715,0.29,1e-07,0.1,0.5
231210B,3.13,0.8733206018153987,-10.048,3.24045,1.60174,0.84,1.66432281,-5.853871964,1.08,21.82763844,0.591064607,0.647,0.05243,0.04808,0.060675,0.362,2e-07,0.19,0.7
970508A,0.83,1.1205739312058498,-11.29371346635573,4.649731757008019,1.466261125013295,0.8648869082826491,,,,,,,0.8220796015055036,0.6412709191325092,0.29067790311341224,0.21334387380809322,,,
