GRB,Redshift_crosscheck,log10T90,log10Fa,log10Ta,Alpha,Beta,Gamma,log10Fluence,PhotonIndex,log10NH,log10PeakFlux,T90Err,log10FaErr,log10TaErr,AlphaErr,BetaErr,FluenceErr,PhotonIndexErr,PeakFluxErr
000301C,2.03,0.2928916198186878,-11.315646681447696,4.470733599425001,2.5853593034262463,0.7746389225081682,,,,,,,0.8593547291101425,0.6901458017872589,0.6267772592302129,0.30655058659433065,,,
000926A,2.07,1.3866497356247125,-10.874116399544082,4.206776712378813,2.0868105823061702,0.9309479164031924,,,,,,,0.8576199860817123,0.6899622557491657,0.6196569037377176,0.3090704322358218,,,
010222A,1.47688,0.2928916198186878,-10.741140630600555,4.039924701713209,1.4682029029648112,0.8379068486085351,,,,,,,0.8575625755529067,0.6899634013698828,0.6191629428311062,0.3141376680096698,,,
011211A,2.14,2.417104017403878,-11.170035631032675,4.2449809986618146,1.9744615747298147,0.707649353696015,,,,,,,0.8579672152886907,0.6900671451774764,0.6238203213911063,0.3083750358309469,,,
020124A,3.198,1.6498585274683768,-10.819969079777776,3.9755308958092046,1.961521784804021,1.0463188404685675,,,,,,,0.8578922841765333,0.6903000318333967,0.6210861681373542,0.31723085050703154,,,
021004A,2.34,1.986979748030413,-10.88820779151973,4.304023986553725,1.518043731450872,0.8044120642024586,,,,,,,0.8575556689478993,0.6899622557491657,0.6193783474967213,0.3077230810550067,,,
030226A,1.99,1.333059873437464,-10.991896058352374,4.152955725981132,2.0740419631152314,0.7671956370845956,,,,,,,0.858033229270356,0.690019292621726,0.6259376402483359,0.30655058659433065,,,
030328A,1.52,2.2854090943310164,-10.784870917031647,3.949766059202262,1.4618692276626941,0.6890411401370835,,,,,,,0.8575556689478993,0.6899622557491657,0.6196569037377176,0.34644810113101127,,,
030329A,0.17,1.7862089573138509,-10.343340635128033,4.338755155901907,1.6093273001066604,0.707649353696015,,,,,,,0.8585456185604159,0.6901458017872589,0.6193783474967213,0.30980897774287636,,,
030429A,2.658,1.0026535186258623,-11.431383980874347,4.324466752832064,2.7147081202114984,0.6369381421720754,,,,,,,0.9401695176283358,0.6969651138977423,1.2227724455073283,0.31615934576440907,,,
040924A,0.86,0.3700372136266973,-10.550014384104191,3.644131768938256,1.4969782925303052,0.7895254933553134,,,,,,,0.8577100219664924,0.6900671451774764,0.6191793020285752,0.3519809810282126,,,
041006A,0.72,1.2297112270074475,-10.66744265056792,3.845572551157715,1.454847414689172,0.6890411401370835,,,,,,,0.8576199860817123,0.6900059616153267,0.6190598440282556,0.31949315713913273,,,
050315,1.949,1.9804578922761,-11.3757179,4.86356,1.10818,0.856,1.99544,-5.492144128,2.11,21.91683806,0.285557309,14.0200616236825,0.0324500000000008,0.04512,0.049165,0.001,8.84848484848485e-08,0.0545454545454545,0.133333333333333
050318,1.44,1.505149978319906,-11.15490196,4.132084541,1.874408221,0.95,1.98053,-5.966576245,1.9,20.92661714,0.499687083,10.9664574115296,0.0618196900000001,0.043780336,0.0859065194999999,0.037,4.66666666666667e-08,0.0606060606060606,0.121212121212121
050319,3.24,2.1832698436828046,-10.70553377,3.73997,0.863159,0.971,2.01045,-5.882728704,2.02,20.93735437,0.181843588,10.9553911899328,0.0416499999999997,0.06193,0.034558,0.0089999999999999,8.96969696969697e-08,0.115151515151515,0.127272727272727
050319A,3.24,2.1698365492250433,-10.845933615592786,3.970604760811172,1.1178003919601065,0.8304635631849626,,,,,,,0.8575556689478993,0.6900059616153267,0.6193783474967213,0.3411909638157483,,,
050401,2.9,1.5224442335063197,-9.653647026,3.12435,0.984108,0.9995,1.78711,-5.085128182,1.4,22.12570242,1.029383778,0.62535750013415,0.0194550000000007,0.02833,0.0260615,0.0174145,1.85454545454545e-07,0.0424242424242424,0.557575757575758
050401A,2.8992,1.4947678785682907,-11.207706618914237,3.8668974891374988,1.1986565683502146,0.7002060682724424,,,,,,,0.8593841127725808,0.6921950405525243,0.6199316456975935,0.3038503543340033,,,
050408A,1.24,1.5198049289165159,-11.043213103251848,3.942819825332626,1.166953082774762,0.6592679984427932,,,,,,,0.8576199860817123,0.6901458017872589,0.6200148635853266,0.31949315713913273,,,
050416A,0.6528,0.3979400086720376,-10.5559552,2.99481,0.842217,0.9,2.06183,-6.435333936,3.08,21.75162856,0.688419822,0.444072089685655,0.0484,0.070765,0.0149485,0.005,2.24242424242424e-08,0.133333333333333,0.290909090909091
050502A,3.79,1.2900181870259755,-10.737899610446156,3.7205403415042575,1.5882618611860937,0.8379068486085351,,,,,,,0.8577100219664924,0.6900059616153267,0.6191793020285752,0.3090704322358218,,,
050502B,5.2,1.2321928760104477,-10.665237347723732,3.670567790949838,1.5381909278888908,0.8900098465735433,,,,,,,0.8594434440955487,0.6916381534458952,0.6345124463020971,0.30410096135677617,,,
050505,4.27,1.7701152947871017,-11.04817696,4.270583544,1.462094791,0.973,2.01835,-5.603800653,1.41,22.23063027,0.267171728,6.83897067866905,0.0327217700000002,0.030067592,0.035926291,0.0005,1.08484848484848e-07,0.0727272727272727,0.187878787878788
050525A,0.61,0.9359691626871292,-10.313842654592344,3.548329311408229,1.3103595691330057,0.7485874235256642,,,,,,,0.8580610253642749,0.6908422623923082,0.619489562824782,0.3047379401771182,,,
050603A,2.82,1.3111466000691114,-10.399706203030622,3.97407787774599,1.8831780060740262,0.9086180601324747,,,,,,,0.8596755936715625,0.6904865435568259,0.6222375423285693,0.3047379401771182,,,
050730,3.967,2.194514341882467,-10.09854168,4.05018,2.38763,0.5615,1.6177,-5.623423043,1.53,21.73850309,-0.259637311,18.0332990692667,0.0266000000000002,0.017795,0.0538000000000001,0.0002104915,9.21212121212121e-08,0.0666666666666667,0.0848484848484849
050730A,3.97,2.180935166024262,-10.627892810422937,3.937312156497391,1.6896168161898053,0.7485874235256642,,,,,,,0.857758423401598,0.6901913731626704,0.6209435380002695,0.3038503543340033,,,
050801A,1.38,1.2768279318247704,-9.976964443761203,3.3454437125438856,1.419738349821561,0.8118553496260311,,,,,,,0.8575556689478993,0.6899622557491657,0.6190598440282556,0.3286184628246115,,,
050802,1.7102,1.2787536009528289,-10.28650946,3.63973,1.44729,0.8585,1.8557,-5.698970004,1.54,21.25883595,0.439332694,10.1980390271856,0.0274999999999999,0.0326,0.03274,0.0023696055,9.51515151515152e-08,0.0787878787878788,0.266666666666667
050802A,1.71,1.465603459683376,-10.272883675249796,3.4392178697839784,1.2231275865629394,0.82302027776139,,,,,,,0.8583271564677935,0.6906350194090813,0.6190598440282556,0.30348546561130785,,,
050803,3.5,1.943988875073772,-10.86012091,4.21721,1.52234,1.218,2.11696,-5.66756154,1.38,21.34755638,-0.017728767,10.4381272282503,0.0489000000000006,0.04766,0.0486949999999999,0.2248562595,8.18181818181818e-08,0.0666666666666667,0.0666666666666667
050820A,2.6147,1.414973347970818,-10.01818139,3.750945731,1.136499703,0.9,1.96878,-5.463441557,1.25,21.61964524,0.389166084,22.6761161724926,0.266741013,0.238477529,0.0125257010000001,0.0405,1.46666666666667e-07,0.0727272727272727,0.139393939393939
050824,0.8278,1.354108439147401,-12.23882419,5.08558,0.954481,0.86,1.94709,-6.575118363,2.76,20.9708274,-0.301029996,4.07092717497179,0.0685500000000001,0.12722,0.0899785,0.01,3.15151515151515e-08,0.23030303030303,0.0909090909090909
050824A,0.83,1.342560716450239,-10.690928303860666,3.6962285229605296,1.0405604492513625,0.7225359245431602,,,,,,,0.8576199860817123,0.6902419254712442,0.6190598440282556,0.310590364542564,,,
050826,0.297,1.550228353055094,-12.33348202,4.76235,1.801,1.11,2.45742,-6.384049948,1.16,21.96085591,-0.420216403,5.86506950125527,0.234050000000001,0.13858,0.23538,0.03,4.36363636363636e-08,0.187878787878788,0.0787878787878788
050904,6.29,2.241048150671644,-11.4544,4.6841,3.44235688,0.848,1.90813,-5.316052869,1.25,22.39388568,-0.207608311,10.7562158769084,0.29485,0.098475,0.624745,0.0,1.09090909090909e-07,0.0424242424242424,0.103030303030303
050904A,6.295,2.2452794958124076,-11.480046254496916,4.352464243067022,2.2219074551915474,0.9272262736914061,,,,,,,0.859612006086759,0.6903441129732286,0.6328905091389795,0.30512402855143045,,,
050908A,3.34,1.2289639506082115,-10.742596741104705,3.5607769625026178,1.1599312698012398,1.2249576906343096,,,,,,,0.8583271564677935,0.6914030905799881,0.6215636407534638,0.30512402855143045,,,
050922C,2.198,0.6532125137753437,-9.477555766,2.52429,1.22035,1.064,2.2119,-5.790484985,1.37,21.44930866,0.860936621,0.450457545832013,0.0319400000000005,0.034305,0.013275,0.013,3.27272727272727e-08,0.0363636363636364,0.193939393939394
051016B,0.9364,0.6020599913279624,-11.59006688,4.25742,1.14771,0.73,1.89482,-6.769551079,2.4,21.71466751,0.113943352,0.469570015426604,0.04535,0.058175,0.04854,0.005,1.33333333333333e-08,0.139393939393939,0.096969696969697
051028A,3.6,1.1933866384272387,-10.959322349690162,3.831975298357901,1.3061464813488923,0.9644427008092691,,,,,,,0.8642067202784934,0.6952343904540702,0.6260671194642273,0.310590364542564,,,
051109A,2.346,1.5705429398818975,-10.51999306,3.91123,1.22299,1.06,2.06584,-5.657577319,1.51,21.97057233,0.595496222,7.08958896788783,0.0481500000000006,0.04637,0.019155,0.0547943805,1.64848484848485e-07,0.121212121212121,0.418181818181818
051109B,0.08,1.1553360374650619,-11.57511836,3.65548,1.251,1.06,2.12549,-6.591760035,1.97,21.36742302,-0.259637311,3.7781688614362,0.0922000000000001,0.126645,0.12217,0.0099999999999999,2.48484848484848e-08,0.145454545454545,0.0787878787878788
051111A,1.55,1.7641777103071978,-9.944084529151358,3.390594232696523,1.2863239033246394,0.8379068486085351,,,,,,,0.8576199860817123,0.6900671451774764,0.6196569037377176,0.30439686729051596,,,
051221A,0.5465,0.146128035678238,-11.69464863,4.20075,1.09586,0.89,2.0589,-5.93930216,1.39,21.27394758,1.079181246,0.204978044855436,0.0630000000000006,0.085085,0.05576,0.005,2.12121212121212e-08,0.0363636363636364,0.236363636363636
060115,3.53,2.144885418287142,-11.29499204,3.69688,0.889919,1.0,2.10553,-5.76700389,1.0,21.43355223,-0.060480747,15.0870791029542,0.0811999999999999,0.123015,0.053884,0.085,9.09090909090909e-08,0.303030303,0.0727272727272727
060124,2.296,2.8750612633917,-10.6893,4.47599,1.3641,0.99,2.00895,-6.336299075,1.84,21.9172644,-0.050609993,1.30678232181628,0.0444500000000003,0.036665,0.01627,0.076380116,3.21212121212121e-08,0.115151515151515,0.109090909090909
060124A,2.3,1.1239625718551596,-10.296369328542541,3.689282289090893,1.202062147642373,0.8267419204731763,,,,,,,0.8576199860817123,0.6900671451774764,0.6190200195719465,0.3047379401771182,,,
060206,4.048,0.8808135922807914,-10.63078414,3.93814,1.17565,1.265,2.20424,-6.080398976,1.2,22.33966406,0.445604203,1.93356045365311,0.0705499999999999,0.07444,0.02867,0.0130418865,2.54545454545455e-08,0.1818181818,0.103030303030303
060206A,4.05,0.8704390739269445,-10.461081847921886,3.9198557741272726,1.46566210207122,0.8416284913203215,,,,,,,0.8575066498733606,0.6899287827505176,0.6190256499048621,0.30330285663263834,,,
060210,3.91,2.406540180433955,-10.66756154,4.15028,1.20511,0.979,2.08163,-5.11577123,1.53,22.3877421,0.434568904,121.976522977757,0.0292000000000003,0.030365,0.02297,0.083622271,2.47878787878788e-07,0.0545454545454545,0.16969696969697
060210A,3.91,2.392351762578354,-10.669509388057682,3.554932054013012,1.5162047186331065,0.9235046309796198,,,,,,,0.8577033477655552,0.6900390631275173,0.6201568008278376,0.30348546561130785,,,
060218,0.0331,3.322219294733919,-11.82390874,5.07614,1.3185,3.17,3.52495,-5.804100348,2.26,21.59972155,-0.602059991,,0.160200000000001,0.14064,0.108235,0.02,9.21212121212121e-08,0.103030303030303,0.0666666666666667
060223A,4.41,1.0530784434834197,-10.9636,2.78682,1.1892,0.81,2.01015,-6.171984936,1.74,22.49782636,0.130333768,1.09553641512797,0.1982,0.23477,0.18005,0.045,2.90909090909091e-08,0.0727272727272727,0.109090909090909
060306,1.559,1.7867514221455612,-10.70553377,3.61496,1.03794,0.76,2.28823,-5.671620397,1.8,21.61973178,0.775974331,3.5188407189561,0.0349500000000003,0.04452,0.02498,0.01,7.15151515151515e-08,0.0606060606060606,0.193939393939394
060313A,1.1,0.2928916198186878,-10.87505582567579,3.671378371291905,0.8911313539057286,0.8714016330146117,,,,,,,0.8597309913263432,0.7028426116086521,0.6226328271884057,0.30410096135677617,,,
060418,1.489,2.0132586652835167,-9.792961075,3.11887,1.47655,0.98,1.94118,-5.079354999,1.7,21.65363309,0.814247596,45.254833995939,0.0490400000000006,0.057245,0.044705,0.005,1.53333333333333e-07,0.0363636363636364,0.212121212121212
060418A,1.49,2.1448871961477405,-9.719326827139785,3.3240652885633053,1.4126547448938718,0.8118553496260311,,,,,,,0.857561387029585,0.6899674720674072,0.6190358262052925,0.30603055040048177,,,
060502A,1.5026,1.4533183400470377,-10.55284197,3.3865,0.897152,0.87,2.02719,-5.63638802,1.46,21.45692297,0.227886705,9.82783800045578,0.0567500000000001,0.075085,0.0205255,0.015,6.18181818181818e-08,0.0484848484848485,0.127272727272727
060510B,4.9,2.4396484295634737,-12.2656,4.43617,1.00735,1.38,2.1317,-5.390405591,1.78,22.00215742,-0.244125144,21.2895454410942,0.2206,0.31628,0.2313695,0.03,1.06666666666667e-07,0.0484848484848485,0.0666666666666667
060512A,2.1,0.9189651500412406,-10.662745519909372,3.6927554060257113,1.103756766013062,0.8081337069142449,,,,,,,0.8576199860817123,0.6901458017872589,0.6191793020285752,0.3038503543340033,,,
060526,3.221,2.474507639116976,-11.3053948,3.8752,1.05873,0.93,1.90677,-5.899629455,2.01,16.11154478,0.222716471,23.0482186783306,0.06785,0.09216,0.0623145,0.0305,1e-07,0.145454545454545,0.109090909090909
060526A,3.21,2.4600658293699524,-10.550014384104191,3.8837768374407156,1.3705856590069057,0.796968778778886,,,,,,,0.857517076352074,0.6899360309005093,0.6190598440282556,0.30410096135677617,,,
060604,2.1357,1.9777236052888478,-11.76955108,4.45991,1.21596,1.02,2.1711,-6.395773947,2.01,21.99003057,-0.468521083,17.0,0.0419499999999999,0.04994,0.0469499999999999,0.0,6.42424242424242e-08,0.254545454545455,0.0787878787878788
060605,3.78,1.8981764834976764,-11.26121944,4.04162,1.9179,0.835,2.02128,-6.156767222,1.55,21.77333803,-0.337242168,35.0141649091828,0.0531499999999996,0.037375,0.085,0.10149311,5.45454545454545e-08,0.121212121212121,0.0727272727272727
060605A,3.78,2.046711673636224,-10.158602486327297,3.546524332537204,1.3014615277329584,0.9048964174206884,,,,,,,0.857723020764303,0.6901876207107907,0.6211261513649651,0.3558164321704727,,,
060607A,3.0749,2.009450895798694,-11.02273379,4.37412,3.43151,0.564,1.61002,-5.59345982,1.47,21.79614607,0.146128036,31.0697613299411,0.0760999999999994,0.02584,0.163115,0.0120771535,6.78787878787879e-08,0.0484848484848485,0.0787878787878788
060614,0.125,2.0362295440862948,-11.78251606,5.03344,1.9453,0.783,1.89544,-4.690369833,2.02,20.51216256,1.06069784,3.31042292001389,0.0429000000000004,0.0289,0.0598299999999999,0.006,2.2e-07,0.0242424242424242,0.448484848484848
060614A,0.13,2.023105188956665,-10.949270490080867,4.196357361574359,2.093832395279692,0.7299792099667327,,,,,,,0.8577100219664924,0.6899622557491657,0.6191793020285752,0.3036451583816736,,,
060707,3.425,1.8208579894397,-10.9132,3.5545,0.861995,1.12,2.09345,-5.795880017,0.6,21.20847898,0.004321374,6.31420049148106,0.0769500000000001,0.127895,0.0364485,0.035,9.15151515151515e-08,0.3636363636,0.139393939393939
060708,1.92,1.0086001717619175,-10.86966623,3.50569,1.12969,1.485,2.20484,-6.306273051,1.68,20.79066861,0.28780173,3.60124423553101,0.0611499999999996,0.062725,0.028525,0.3341015195,2.24242424242424e-08,0.0727272727272727,0.0848484848484849
060708A,1.92,0.9984286405694791,-10.268515343737345,3.524868406513532,1.1606208118352397,0.8825665611499707,,,,,,,0.8576334779179863,0.6905307062309617,0.6194699144240462,0.3038503543340033,,,
060714,2.711,2.060697840353612,-10.86012091,3.73449,1.20488,0.87,2.04425,-5.548213564,1.93,22.0125926,0.10720997,9.12936538358046,0.0352000000000006,0.046765,0.0353049999999999,0.0049999999999999,1.01212121212121e-07,0.0666666666666667,0.0787878787878788
060714A,2.71,2.047465519358662,-10.83621055512959,3.8937773303428314,1.3733719143947993,0.7188142818313739,,,,,,,0.8577825964197234,0.6904078870919017,0.6201920005287314,0.3036451583816736,,,
060729,0.54,2.061829307294699,-11.15058059,5.1057,1.35481,1.317,1.92492,-5.583359493,1.75,20.86562801,0.068185862,33.90346061055,0.0116000000000005,0.012825,0.0134249999999999,0.077392286,1.27878787878788e-07,0.0848484848484849,0.0787878787878788
060729A,0.54,2.048819143485244,-10.526528730811448,4.189411127704722,1.4688910406362163,0.8044120642024586,,,,,,,0.8576199860817123,0.6900059616153267,0.6204520896076646,0.30439686729051596,,,
060814,1.9229,2.1622656142980214,-10.91009489,4.22387,1.29504,0.97,2.11591,-4.835647144,1.53,22.00679538,0.861534411,4.89845852373387,0.0352999999999994,0.034855,0.0245650000000001,0.0,1.44848484848485e-07,0.0181818181818182,0.175757575757576
060904B,0.703,2.2342641243787895,-11.11633856,3.87074,1.36265,1.58,2.18877,-5.790484985,1.64,21.59122827,0.387389826,11.3430592104484,0.0866499999999997,0.081295,0.04215,0.136141492,8.66666666666667e-08,0.0848484848484849,0.127272727272727
060906,3.686,1.6384892569546374,-11.8827287,4.33479,1.71887,1.06,2.07859,-5.655607726,2.03,22.41960057,0.294466226,8.16698720444148,0.0884499999999999,0.072145,0.169635,0.0049999999999999,8.24242424242424e-08,0.0666666666666667,0.16969696969697
060908,1.8836,1.2855573090077739,-9.627087997,2.81918,1.38309,1.185,2.13395,-5.552841969,1.0,21.80952201,0.481442629,1.33033529343473,0.045185,0.05993,0.04964,0.0034749535,6.72727272727273e-08,0.1818181818,0.151515151515152
060912A,0.937,0.6989700043360189,-10.1079054,2.455171016,1.045731532,0.63,1.8948,-5.869666232,1.74,21.36738202,0.933487288,0.579999999547827,0.147419953,0.156564864,0.0289377854999999,0.0785,3.75757575757576e-08,0.0545454545454545,0.266666666666667
060926,3.2,0.9030899869919435,-10.84771166,3.351,1.45111,1.357,2.00443,-6.659555885,2.54,22.50004427,0.037426498,1.21267967741496,0.0824499999999997,0.09927,0.11561,0.009157091,1.51515151515152e-08,0.139393939393939,0.0848484848484849
060927,5.47,1.3521825181113625,-10.77728353,3.15198,1.39098,0.83,1.94856,-5.946921557,0.9,22.10710478,0.431363764,1.29427663430184,0.0811500000000001,0.108435,0.118785,0.178498106,4.12121212121212e-08,0.2424242424,0.103030303030303
060927A,5.46,1.341792903188989,-10.545317253445644,3.553830728632981,1.4688910406362163,0.875123275726398,,,,,,,0.8661570791844045,0.6945363550679049,0.6204520896076646,0.30348546561130785,,,
061007A,1.26,1.8641862512724743,-8.934201437563301,3.1822072166074276,1.8129598763388042,0.9532777726739102,,,,,,,0.8581343496118401,0.6900059616153267,0.6190598440282556,0.3114142701486685,,,
061021,0.3463,1.6646419755561255,-10.04095861,3.23849,1.01707,0.785,1.99282,-5.528708289,1.3,20.87141063,0.78604121,5.39883246764966,0.0263999999999998,0.03399,0.010415,0.0168000365,6.12121212121212e-08,0.0363636363636364,0.163636363636364
061021A,0.3463,1.6525853523312748,-10.653116402059347,4.103858880184425,1.8033758024068811,0.8825665611499707,,,,,,,0.8580936348330984,0.6903254000000167,0.6236846598118639,0.3035817589093639,,,
061110A,0.7578,1.6095944092252201,-8.33235,2.24983,4.46435,1.98,1.82722,-5.974694135,1.67,16.57386563,-0.27572413,4.02450144817196,0.2103,0.03335,0.11946,0.0015,4.60606060606061e-08,0.0727272727272727,0.0727272727272727
061121,1.314,1.9100905455940682,-10.03011836,3.78753,1.35185,0.9485,1.90181,-4.863279433,1.41,21.75351565,1.324282455,46.1274845779442,0.0126499999999998,0.01703,0.0158499999999999,0.0023582105,1.20606060606061e-07,0.0181818181818182,0.278787878787879
061121A,1.31,1.8970622341681063,-10.582894298714036,3.7656908616568945,1.2863239033246394,0.8565150621674666,,,,,,,0.8577100219664924,0.6901458017872589,0.6190598440282556,0.3035807643950429,,,
061126A,1.1588,2.2672055847848447,-10.599475169938716,3.6719514355861502,1.2317538838009114,0.860236704879253,,,,,,,0.8583614358837497,0.6908224464776404,0.619288334990306,0.30512402855143045,,,
061201,0.111,-0.11918640771920865,-10.4134127,3.49343,1.98937,0.145,1.65934,-6.476253533,0.81,21.16656331,0.586587305,0.0989545476206747,0.0936499999999993,0.093885,0.169505,0.061048094,1.63636363636364e-08,0.0909090909090909,0.187878787878788
061222A,2.088,1.8536982117761744,-9.954677021,3.92091,1.35061,0.86,1.92748,-5.097453221,1.35,22.56660835,0.930949031,16.0,0.02311,0.024435,0.018075,0.005,9.57575757575758e-08,0.0242424242424242,0.157575757575758
070110,2.352,1.9464522650130731,-11.04866248,4.26825,1.42725,1.186,2.08596,-5.790484985,1.58,21.3989672,-0.22184875,14.4780330174947,0.0547500000000003,0.053995,0.046555,0.1216678795,6.54545454545455e-08,0.0727272727272727,0.0727272727272727
070110A,2.35,1.9336838421159506,-10.878813530202631,3.970604760811172,1.2793020903511172,0.9272262736914061,,,,,,,0.8579672152886907,0.6908009252438778,0.6200148635853266,0.3077230810550067,,,
070125A,1.55,1.7657684658862265,-10.805914062381948,4.2520425400136865,1.8337416340152404,0.7746389225081682,,,,,,,0.8575991607506668,0.689953476380854,0.6201352306507175,0.3055549617735961,,,
070208,1.165,1.678518379040114,-10.86327943,3.44468,1.2125,1.14,2.20341,-6.351639989,1.94,21.8647258,-0.045757491,22.6274169979695,0.161899999999999,0.14114,0.06357,0.015,6.12121212121212e-08,0.218181818181818,0.133333333333333
070208A,1.17,1.7937166508329392,-10.795684275463307,3.4188785120892558,0.9368101712752452,0.938391201826765,,,,,,,0.8577464229891997,0.6908115783511822,0.6191489565267285,0.30603055040048177,,,
070223,1.6295,1.9469432706978254,-11.86327943,4.22335,0.991734,1.03,2.25837,-5.769551079,1.85,21.70173804,-0.161150909,8.08530616043297,0.16615,0.203105,0.079308,0.06,7.27272727272727e-08,0.0727272727272727,0.0909090909090909
070306,1.4959,2.3211840273023143,-11.2737,4.86926,1.89982,0.831,1.94468,-5.269217724,1.66,22.44245468,0.609594409,64.7675716279367,0.0335000000000001,0.02824,0.06188,0.0009999999999999,1.73333333333333e-07,0.0606060606060606,0.127272727272727
070318A,0.836,1.860084251929461,-10.062781020892894,3.474119221861967,1.2859482363305559,0.8714016330146117,,,,,,,0.8582236939819906,0.6908587757605273,0.6235339815783492,0.3713273014200802,,,
070411A,2.95,2.0757454515257785,-10.671998867306712,3.5812992631587655,1.5188793271947212,0.9607210580974828,,,,,,,0.8592093192654899,0.6908949071917866,0.6378723368203603,0.30603055040048177,,,
070419A,0.97,2.190513205634526,-10.770779525056,3.5642500794374357,1.567196422265527,0.7783605652199546,,,,,,,0.8593547291101425,0.6903555089331935,0.6200148635853266,0.3315556989942978,,,
070508,0.82,1.320146286111054,-9.161150909,3.02525,1.37377,0.764,1.82568,-4.707743929,1.1,21.89306622,1.382017043,0.735923905696808,0.0107949999999999,0.01189,0.013355,0.0005,1.65454545454545e-07,0.06060606061,0.36969696969697
070521,2.0865,1.5786392099680724,-10.01233374,3.55243,1.44502,0.98,2.00022,-5.096367484,1.1,22.27524914,0.814913181,2.81938432428048,0.04901,0.04844,0.0562,0.147518075,1.07272727272727e-07,0.1212121212,0.163636363636364
070529,2.4996,2.0382226383687185,-10.24641694,3.09323,1.21432,0.76,1.97999,-5.590066877,1.34,22.56252244,0.155336037,19.9827798950972,0.0552000000000001,0.068045,0.03501,0.015,1.48484848484848e-07,0.096969696969697,0.218181818181818
070612A,0.617,2.5478941225345157,-10.632683883694657,4.239597667412846,2.476015631802558,0.9644427008092691,,,,,,,0.8734546067989818,0.6917699167572635,0.7229049623946227,0.32766641146674286,,,
070714B,0.923,1.806179973983887,-10.74232143,3.22974,1.64623,0.93,2.07429,-6.142667504,1.36,21.64321572,0.431363764,8.40879728265565,0.0993500000000003,0.0946,0.108425,0.0049999999999999,5.45454545454545e-08,0.115151515151515,0.121212121212121
070721B,3.626,2.531478917042255,-10.50863831,3.94739,2.5054,0.52,1.52512,-5.443697499,1.34,21.89473409,0.176091259,21.3202068350191,0.3648,0.10084,0.0914400000000002,0.0,1.21212121212121e-07,0.0666666666666667,0.181818181818182
070802,2.45,1.2148438480476977,-11.6716204,3.92184,1.16348,0.78,1.99014,-6.552841969,1.79,21.91375294,-0.397940009,3.01981259231406,0.17395,0.236245,0.2088785,0.045,3.03030303030303e-08,0.163636363636364,0.0606060606060606
070809,0.2187,0.11394335230683679,-11.9625735,4.18985,1.17521,0.396,1.37246,-7.0,1.69,20.80619355,0.079181246,0.271528985262434,0.1917,0.206985,0.395643,0.0595,6.060606060606061e-09,0.133333333333333,0.121212121212121
070810A,2.17,1.0413926851582251,-10.77728353,3.36583,1.36994,1.02,2.17076,-6.161150909,2.04,21.93100401,0.278753601,4.9906412396737,0.06175,0.07187,0.077915,0.01,3.63636363636364e-08,0.0848484848484849,0.121212121212121
071003,1.60435,2.1760912590556813,-11.67760082,4.78411,1.97901,0.837,1.91015,-5.080921908,1.36,20.86974084,0.799340549,4.49440006564942,0.135899999999999,0.098505,0.183105,0.032,1.81818181818182e-07,0.0424242424242424,0.242424242424242
071003A,1.6,2.157132439608858,-11.000938927324906,4.342228272836725,2.1078760212267365,0.6853194974252972,,,,,,,0.8581343496118401,0.6902419254712442,0.6279168755127992,0.30603055040048177,,,
071010A,0.99,0.7828414188488144,-11.005870914516382,4.224982096727744,2.166709685587987,0.7820822079317408,,,,,,,0.857980141361925,0.6900241096593966,0.6249516662283192,0.30655058659433065,,,
071010B,0.947,1.5409333419596518,-10.371852218225426,3.5263965779648516,1.029060826144625,0.8081337069142449,,,,,,,0.8578614268652431,0.6931910394991169,0.6201593945861821,0.3077230810550067,,,
071020,2.145,0.6232492903979004,-9.169411331,2.311950854,1.119196934,0.844,1.59788,-5.638272164,1.11,20.99642367,0.924279286,0.581982801632249,0.0350998220000003,0.039262062,0.0111532090000001,0.001,6.06060606060606e-08,0.0303030303030303,0.181818181818182
071025A,5.0,2.3627292948914134,-10.728505349129058,3.5989812487856185,1.5742182352390492,0.9011747747089021,,,,,,,0.8576199860817123,0.6899622557491657,0.6190598440282556,0.3038503543340033,,,
071031A,2.69,2.2436546433581315,-10.611828623570698,3.6599862004340076,1.1345277548256312,0.681597854713511,,,,,,,0.8575101324149712,0.6899399550202885,0.6190439641406703,0.3231784866661415,,,
071112C,0.82,1.165438453480526,-10.329249243152386,3.31765877706534,1.2301493995364616,0.7188142818313739,,,,,,,0.857517076352074,0.6899622557491657,0.6190200195719465,0.30603055040048177,,,
071117,1.331,0.8195439355418687,-11.23542972,3.901990464,1.104952391,0.94,2.0457,-5.619788758,1.57,22.04291793,1.053078443,1.82485944742003,0.101024385,0.117162967,0.089387802,0.01,6.06060606060606e-08,0.0363636363636364,0.242424242424242
080310,2.42,2.5622928644564746,-11.3990271,4.32608056,1.59590648,0.878,2.09352,-5.638272164,2.32,10.56142698,0.113943352,17.3987512074303,0.0424734299999994,0.03798676,0.0652763515,0.0375,1.21212121212121e-07,0.096969696969697,0.121212121212121
080310A,2.43,2.5458259358441775,-10.351466671167323,3.656225162105293,1.3828878753365166,0.7113709964078012,,,,,,,0.8577095078241116,0.6900382582006925,0.6190509650790091,0.30655058659433065,,,
080319B,0.937,1.6989700043360187,-12.15181088,5.36799912,1.42250979,0.73,1.81426,-4.091514981,1.04,20.8771334,1.394451681,0.179108908319785,0.0977794549999995,0.087626454,0.075139905,0.0,6.06060606060606e-07,0.0121212121212121,0.303030303030303
080319C,1.95,1.5314789170422551,-8.91721463,3.19029,1.45203,1.94,1.61029,-5.443697499,1.37,21.75037415,0.716003344,8.88502944558435,0.0500400000000001,0.04713,0.02854,0.199995173,6.06060606060606e-08,0.0424242424242424,0.181818181818182
080330A,1.51,1.770791431830566,-10.446677509616112,3.651078002807892,1.3776074719804279,0.7113709964078012,,,,,,,0.857517076352074,0.6899360309005093,0.6190200195719465,0.3083750358309469,,,
080411,1.03,1.7481880270062005,-10.11350927,4.20932562,1.28909841,0.91,1.97674,-4.578396073,1.75,21.57289018,1.635483747,1.0009675337169,0.0604354300000001,0.049275581,0.010296793,0.0,6.06060606060606e-08,0.0181818181818182,0.545454545454546
080413A,2.43,1.6539890701435138,-9.676348081614059,3.0849599424325165,1.2512148384570283,0.7485874235256642,,,,,,,0.8577100219664924,0.6902419254712442,0.6196569037377176,0.33307698377734457,,,
080413B,1.1,0.8341572743953252,-11.179429892349773,4.380432559119726,2.1921377769090027,0.8304635631849626,,,,,,,0.8578257685040548,0.6899622557491657,0.6229898637813985,0.3036451583816736,,,
080430,0.767,1.209515014542631,-11.17198494,4.21762911,0.99269763,3.18,2.03541,-5.920818754,1.73,21.51787914,0.414973348,2.18311336401004,0.0281809649999998,0.038388523,0.020935069,0.0755,6.06060606060606e-08,0.0545454545454545,0.121212121212121
080516,3.2,0.7634279935629372,-11.12090412,3.77452827,0.94016916,1.48,2.3315,-6.585026652,1.82,22.03528962,0.255272505,0.213016433189357,0.0778036650000002,0.111057696,0.084888358,0.03,2.42424242424242e-08,0.163636363636364,0.181818181818182
080603A,1.69,1.7657684658862265,-10.643956997275176,3.7483252769828033,1.272280277377595,0.8714016330146117,,,,,,,0.8576199860817123,0.6900059616153267,0.6191793020285752,0.32448300777813177,,,
080603B,2.6893,1.7657684658862265,-10.574016721769379,3.887149233984424,1.4731532811111445,0.7862318395553825,,,,,,,0.857533738596774,0.6899464758723446,0.6193077073733515,0.3043455498088834,,,
080605A,1.6403,1.2900181870259755,-10.709904711721205,3.6545268079241664,1.0616932975764748,0.7689708606581177,,,,,,,0.8575233593450372,0.6899745022022608,0.619065546228312,0.3305604046710987,,,
080607,3.036,1.8976270912904414,-10.0540393,3.46298403,1.7256074,1.06,2.03418,-4.619788758,1.31,22.38386741,1.36361198,3.28506192878632,0.11042072,0.069659314,0.0376373875,0.02,0.0,0.0242424242424242,0.666666666666667
080607A,3.04,1.887251698217552,-10.101538408124474,3.1317322102260485,1.6677192503009983,0.9197829882678336,,,,,,,0.8576057807043385,0.6899845169283555,0.61941114926929,0.30411743950320413,,,
080710,0.845,2.0791812460476247,-11.23284413,4.09266933,1.52133785,1.3,2.00149,-5.853871964,1.47,20.89722339,0.0,17.4370466608647,0.0626949799999998,0.054210787,0.0640164304999999,0.1505178435,1.21212121212121e-07,0.139393939393939,0.121212121212121
080710A,0.85,2.0647047653279746,-10.315157851176737,3.821260732613987,1.6514581779477937,0.8527934194556803,,,,,,,0.857517076352074,0.6899360309005093,0.6190598440282556,0.30512402855143045,,,
080721,2.591,1.209515014542631,-8.714442691,2.87876286,1.33437559,0.735,1.9433,-4.920818754,1.11,21.79728278,1.320146286,144.0,0.0070192985000003,0.007554816,0.0064356729999999,0.0,6.06060606060606e-07,0.0484848484848485,1.09090909090909
080810,3.35,2.0253058652647704,-9.931814138,3.2687548,1.44529526,1.079,2.11482,-5.337242168,1.34,21.45079548,0.301029996,4.33719033229347,0.031830706,0.039738688,0.036139295,0.0015,1.21212121212121e-07,0.0363636363636364,0.121212121212121
080810A,3.35,2.023543192968524,-9.715877818039825,3.3838685000748443,1.3989589093434058,0.7448657808138779,,,,,,,0.8575527507261242,0.6899838145372008,0.6190462268727931,0.3071148445666263,,,
080905B,2.374,2.1072099696478683,-10.11125904,3.67820615,1.36946226,0.375,1.86248,-5.744727495,1.78,22.33533151,-0.301029996,28.0583333245587,0.0323645699999995,0.038825489,0.0333017515,0.00558525,1.21212121212121e-07,0.0909090909090909,0.0606060606060606
080913A,6.73,0.8872259263466478,-11.635051566229036,4.352647623641181,1.3354765941392948,0.9867725570799868,,,,,,,0.8600219929385454,0.6918914192076404,0.6363408424419598,0.30980897774287636,,,
080916A,0.6887,1.7781512503836436,-10.75269955,3.60698,0.998947,0.83,1.88453,-5.397940009,1.17,21.7431239,0.431363764,6.3258975691903,0.0591999999999997,0.073495,0.0260505,0.01,6.06060606060606e-08,0.127272727272727,0.121212121212121
080928,1.692,2.4471580313422194,-11.1260984,4.08450503,1.76031774,0.99,2.13864,-5.602059991,1.77,21.51035195,0.322219295,20.8004346174656,0.0644840350000004,0.047916769,0.075970735,0.0,1.21212121212121e-07,0.0727272727272727,0.0606060606060606
080928A,1.69,2.3545050179654843,-10.770779525056,3.97407787774599,2.164050525014914,0.9569994153856964,,,,,,,0.8587897163108867,0.6903555089331935,0.6363408424419598,0.3077230810550067,,,
081007,0.5295,1.0,-10.58502665,3.58176278,1.00469263,0.92,2.102,-6.148741651,2.51,21.69605744,0.414973348,2.93713330647929,0.053161115,0.084284398,0.039134851,0.0049999999999999,4.84848484848485e-08,0.121212121212121,0.242424242424242
081007A,0.53,0.9485361279418453,-10.892904922178278,4.106056321269084,1.4688910406362163,0.655546355731007,,,,,,,0.8585456185604159,0.6903555089331935,0.6222375423285693,0.30603055040048177,,,
081008,1.9685,2.268343913951065,-10.79317412,3.85550833,1.47398467,0.84,1.98207,-5.366531544,1.69,21.1376737,0.113943352,40.3441495698351,0.0605298899999998,0.056285684,0.063988679,0.025,1.21212121212121e-07,0.0424242424242424,0.0606060606060606
081008A,1.97,2.2545059016055617,-10.089695579566381,3.647604885873074,1.489956479556783,0.6964844255606562,,,,,,,0.857517076352074,0.6899360309005093,0.6190598440282556,0.3151281526044478,,,
081028A,3.038,2.4149733479708178,-11.3994,4.75426,2.20023,0.945,2.51,-5.431798276,1.25,20.90308999,-0.301029996,32.5884964277169,0.0572000000000008,0.03025,0.0547150000000001,0.0005,1.21212121212121e-07,0.23030303030303,0.0606060606060606
081029,3.8479,2.4313637641589874,-11.86327943,4.48156171,2.51960373,0.87,1.95818,-5.677780705,1.43,21.49704581,-0.301029996,45.6827768024956,0.0832508050000005,0.04285341,0.169198521,0.001,1.21212121212121e-07,0.109090909090909,0.121212121212121
081029A,0.98,2.417023816169109,-10.74837421181472,4.026013131830795,2.165669755086608,0.8900098465735433,,,,,,,0.8586719946842323,0.6903764787333404,0.6306572230796871,0.30439686729051596,,,
081109A,2.1,2.2694669296931904,-10.860025007568433,3.9671316438763533,2.269377719617747,0.9086180601324747,,,,,,,0.8831710604161211,0.698277714328585,0.9466593502342275,0.30410096135677617,,,
081203A,2.1,2.4683473304121573,-10.9243983,4.02089,1.86904,0.82,2.03508,-5.113509275,1.54,21.66176916,0.462397998,82.9698740507662,0.0569499999999996,0.03932,0.064395,0.0325,1.81818181818182e-07,0.0363636363636364,0.121212121212121
081221,2.26,1.5314789170422551,-9.354577731,2.93195749,1.23586126,0.991,2.4947,-4.742321425,1.21,21.57331844,1.260071388,0.801917699762502,0.0249854999999997,0.031176651,0.0128618564999999,0.0005,1.81818181818182e-07,0.0787878787878788,0.303030303030303
081228A,3.44,0.4684768924760884,-10.91996039477152,3.4014373037670254,1.4151531059498512,1.0165456987742771,,,,,,,0.8578155628594449,0.6901252893593238,0.6195375231143542,0.3212926110980566,,,
081230,2.1,1.7831886910752577,-11.32975415,3.66959365,0.99376498,1.02,2.08621,-6.086186148,1.97,20.67248024,-0.15490196,13.7743084089789,0.0701443999999993,0.08735027,0.0403814179999999,0.02,4.84848484848485e-08,0.096969696969697,0.0606060606060606
090102,1.547,1.4313637641589874,-9.457174573,3.15380077,1.42487631,0.667,1.76997,-7.167491087,1.36,21.72376179,0.740362689,2.24000000357628,0.0362399829999998,0.041590346,0.0217865955,0.0026734575,1.81818181818182e-09,0.0484848484848485,0.484848484848485
090102A,1.55,1.420618525910852,-10.854937592323466,3.7483252769828033,1.3941265748949707,0.8304635631849626,,,,,,,0.8581685963103314,0.6902812321461583,0.6191553992200163,0.3141376680096698,,,
090205,4.6497,0.9444826721501687,-11.3419886,3.70655,1.29089,1.01,2.03416,-6.721246399,2.15,21.81792086,-0.301029996,1.7940791274129,0.13445,0.114585,0.084185,0.025,1.81818181818182e-08,0.139393939393939,0.0606060606060606
090313A,3.38,1.8811573765504475,-10.2085952222089,3.6397491017211965,1.242849064524,0.9272262736914061,,,,,,,0.8590817711413272,0.6918512113380998,0.6196692208048821,0.3056929586488894,,,
090418A,1.608,1.7481880270062005,-10.04720756,3.52813657,1.52909667,0.98,2.03408,-5.337242168,1.48,22.02365981,0.278753601,4.12921107301137,0.028659405,0.030759021,0.0421545135,0.003531332,1.21212121212121e-07,0.0424242424242424,0.181818181818182
090423,8.26,1.0128372247051722,-11.2798407,3.91521772,1.43267533,0.77,1.8158,-6.229147988,0.8,22.7516324,0.230448921,1.06172876136085,0.08569564,0.077643595,0.064053366,0.005,2.42424242424242e-08,0.303030303030303,0.121212121212121
090423A,8.23,0.9797767818338934,-11.108972932471536,4.060905801116446,1.3705856590069057,0.7225359245431602,,,,,,,0.8583271564677935,0.6906350194090813,0.6229898637813985,0.3071148445666263,,,
090424,0.544,1.6812412373755872,-9.050609993,2.99599056,1.1284106,0.924,1.96315,-4.677780705,1.19,21.63012977,1.851258349,2.27250697020751,0.0112570984999998,0.013394814,0.0055468865,0.0,0.0,0.0909090909090909,1.21212121212121
090426,2.609,0.07918124604762482,-10.66550001,2.64657,1.00429,0.64,2.03664,-6.744727495,1.93,21.31103934,0.380211242,0.257899207291378,0.08725,0.104665,0.042666,0.0165,1.81818181818182e-08,0.133333333333333,0.181818181818182
090426A,2.61,0.08935816221457438,-10.324552112493837,3.3211318940001577,1.4056947238745168,0.8379068486085351,,,,,,,0.857517076352074,0.6899622557491657,0.6191793020285752,0.3077230810550067,,,
090429B,9.4,0.7403626894942439,-10.92811799,3.19881,1.4371,0.74,2.00127,-6.508638306,0.47,21.03292483,0.204119983,1.01801767977434,0.169750000000001,0.148545,0.09107,0.005,1.81818181818182e-08,0.466666666666667,0.121212121212121
090510,0.903,-0.5228787452803376,-10.11463878,3.17793555,2.00074629,0.6405,1.75106,-6.468521083,0.98,20.64281656,0.986771734,1.68030471172121,0.0422299950000005,0.035002467,0.071440408,0.0084862475,2.42424242424242e-08,0.121212121212121,0.666666666666667
090510A,0.903,-0.5286496747311994,-11.261770592794138,3.6862155268374486,1.138732416434176,0.8714016330146117,,,,,,,0.8584103845513185,0.6930490343506622,0.6228156645815879,0.3038503543340033,,,
090516A,4.109,2.322219294733919,-11.27490548,4.33113504,1.76098314,0.502,2.09,-5.045757491,1.84,21.19589965,0.204119983,64.0,0.0377960499999999,0.029715315,0.0533515885,0.4790870845,3.63636363636364e-07,0.0666666666666667,0.121212121212121
090519,3.85,1.806179973983887,-11.76000021,3.44619,1.42452,0.63,1.46604,-5.920818754,1.02,22.13069392,-0.22184875,8.24011648989424,0.21145,0.24029,0.3065,0.03,6.06060606060606e-08,0.121212121212121,0.121212121212121
090529,2.625,2.0,-12.1873998,4.472757799,0.8815438,0.64,2.22623,-6.167491087,2.0,13.51385525,-0.397940009,10.5274431981955,0.11547934,0.21900534,0.113675222,0.125,1.03030303030303e-07,0.181818181818182,0.0606060606060606
090529A,2.63,1.8250978032143355,-10.968059012715063,3.8073682648747136,0.9492768805955738,0.5997217150542126,,,,,,,0.8576199860817123,0.6903555089331935,0.6191793020285752,0.30491765472539223,,,
090530,1.266,1.6812412373755872,-11.16052195,3.6839464,0.88610581,1.09,2.03975,-5.958607315,1.61,20.90942658,0.397940009,35.7770876399966,0.0891756250000002,0.115365029,0.0385142015,0.035,6.06060606060606e-08,0.103030303030303,0.181818181818182
090530A,1.266,1.6691369172874895,-10.310743346869913,4.215072092414248,2.8875603826634446,0.8900098465735433,,,,,,,0.8614497851462084,0.6901529340494025,0.6225049868137256,0.3047379401771182,,,
090618,0.54,2.0538464268522527,-9.640164518,3.67275453,1.30942861,0.8945,1.82831,-3.978810701,1.42,21.39200012,1.589949601,0.593538562159812,0.0096952545000004,0.014245613,0.010591616,0.0024826615,6.06060606060606e-07,0.0484848484848485,0.484848484848485
090618A,0.54,2.0407097041013564,-10.380917680396426,3.8420994342228965,1.314411155218728,0.8192986350496037,,,,,,,0.857517076352074,0.6899360309005093,0.6190200195719465,0.30337134788068126,,,
090726A,2.71,1.7606865534809149,-10.56248512508872,3.593490018212836,1.3472395984288559,1.0388755550449948,,,,,,,0.8587597691005511,0.6907578104509957,0.6340575674235494,0.30603055040048177,,,
090809,2.737,0.7323937598229685,-11.8559,4.56066,1.6367,0.96,1.94644,-6.468521083,1.34,21.91952315,0.041392685,1.2162532625235,0.338,0.237865,0.319405,0.01,3.03030303030303e-08,0.145454545454545,0.121212121212121
090812,2.452,1.824125833916549,-10.16730017,3.52924,1.37252,0.53,1.88559,-5.236572006,1.24,21.77771022,0.556302501,14.6583733159175,0.10615,0.13258,0.08412,0.015,1.21212121212121e-07,0.0303030303030303,0.121212121212121
090927,1.37,0.3424226808222063,-11.6716204,4.20121889,1.13087741,0.92,2.06549,-6.698970004,1.8,21.01785522,0.301029996,0.400898977948906,0.076268475,0.093241949,0.074843971,0.01,1.81818181818182e-08,0.121212121212121,0.121212121212121
090927A,1.37,0.32621933439056566,-10.906996314153925,3.925454240658534,1.3705856590069057,0.707649353696015,,,,,,,0.8581343496118401,0.69098424850636,0.6238203213911063,0.3090704322358218,,,
091018,0.971,0.6434526764861874,-9.627087997,2.89655535,1.18074867,0.91,1.98015,-5.853871964,1.77,21.19187281,1.012837225,0.601065703889731,0.0242886034999996,0.034497878,0.016335114,0.002061639,6.06060606060606e-08,0.145454545454545,0.242424242424242
091018A,0.971,0.6303755814356627,-10.741986114119095,3.950181443987667,1.477961116454115,0.7809843233317638,,,,,,,0.8575155958603526,0.6899349788822354,0.619083665858717,0.30335326041104055,,,
091020,1.71,1.5390760987927767,-9.71219827,2.95265011,1.17417264,0.895,2.08587,-5.431798276,1.53,21.70587483,0.62324929,4.87503886377992,0.0344806870000003,0.045271255,0.018244861,0.0021828874999999,6.06060606060606e-08,0.0424242424242424,0.181818181818182
091020A,1.71,1.578218910336568,-9.925530863050088,3.327894052672249,1.348642493464649,0.9495561299621239,,,,,,,0.8578174638885745,0.6900809653473062,0.6190398698348998,0.30512402855143045,,,
091024A,1.09,1.9821898427608438,-10.084998448907832,3.8073682648747136,1.7286981206565377,0.7932471360670996,,,,,,,0.8577100219664924,0.6900059616153267,0.6196569037377176,0.3219117074600426,,,
091029,2.752,1.5932860670204574,-11.34678749,4.30368998,1.12123368,1.064,2.11535,-5.619788758,1.46,21.45058625,0.255272505,4.82961031431318,0.0256335199999995,0.034224003,0.0267820245,0.002,6.06060606060606e-08,0.163636363636364,0.0606060606060606
091029A,2.75,1.5814344802031468,-10.817750831641492,3.97407787774599,1.3565420330598612,0.7150926391195875,,,,,,,0.857517076352074,0.6899622557491657,0.6190598440282556,0.30348546561130785,,,
091109A,3.076,1.6812412373755872,-11.14630179,3.37933883,1.06152816,0.89,1.96352,-5.795880017,1.31,21.89596701,0.113943352,16.7081067781536,0.0594103399999995,0.074268877,0.0337195714999999,0.03,1.21212121212121e-07,0.151515151515152,0.242424242424242
091127,0.49,0.8512583487190752,-9.844663963,3.98466812,1.39581701,0.758,1.80187,-5.045757491,2.05,20.87872913,1.667452953,0.150359555029189,0.0185625155000002,0.021935207,0.0135873089999999,0.00244132,1.81818181818182e-07,0.0424242424242424,1.63636363636364
091127A,0.49,0.8329146722058602,-10.465466032250308,3.9636585269415354,1.419738349821561,0.7150926391195875,,,,,,,0.857517076352074,0.6899360309005093,0.6190598440282556,0.3055549617735961,,,
091208B,1.063,1.173186268412274,-10.18045606,3.31388094,1.1606541,0.86,2.03333,-5.48148606,1.74,21.91211094,1.181843588,2.89772326829494,0.036806415,0.052928177,0.030502454,0.034663611,1.21212121212121e-07,0.0666666666666667,0.606060606060606
100219A,4.6667,1.2741578492636798,-12.13548892,4.7218991,3.69298474,0.46,1.58721,-6.431798276,1.34,18.42501386,-0.397940009,6.64771150189809,0.326395625,0.103773463,0.7308534025,0.005,3.63636363636364e-08,0.151515151515152,0.0606060606060606
100316B,1.18,0.5797835966168101,-11.1481304,3.5543767,1.36246063,1.08,2.23535,-6.698970004,2.23,21.41315218,0.113943352,0.445223531811273,0.10431242,0.207348761,0.13322096,0.02,1.21212121212121e-08,0.109090909090909,0.0606060606060606
100316D,0.06,2.702488510695907,-10.898711609040989,4.654808796970368,2.072766956359126,0.9048964174206884,,,,,,,0.8589363412514768,0.6902419254712442,0.6317918030805982,0.3038503543340033,,,
100418A,0.6235,0.8450980400142568,-12.48811664,5.54363,1.81145,0.84,2.26662,-6.468521083,2.16,15.61943666,0.0,0.963279857831632,0.10745,0.075475,0.16786,0.01,3.03030303030303e-08,0.151515151515152,0.121212121212121
100425A,1.755,1.568201724066995,-11.50168945,3.60199415,0.86819371,1.46,2.17077,-6.327902142,2.42,20.53466438,0.146128036,3.77353995290746,0.0708590650000005,0.115125536,0.0550768945,0.035,5.45454545454545e-08,0.193939393939394,0.121212121212121
100508A,0.5201,1.7037991369706327,-10.86797840996463,3.8248947406488756,1.1988243819562876,0.7039277109842287,,,,,,,0.8606960193484622,0.7029637519092135,0.6521816767198084,0.30439686729051596,,,
100513A,4.772,1.9242792860618816,-11.57186521,3.74522911,0.96306136,1.36,2.25722,-5.853871964,1.62,22.05240534,-0.22184875,14.8708607591715,0.0981768900000004,0.128616618,0.0615694365,0.025,6.06060606060606e-08,0.0848484848484849,0.0606060606060606
100621A,0.542,1.8034571156484138,-9.804100348,3.64164386,0.94079321,0.27,2.3024,-4.677780705,1.9,22.28454803,1.10720997,1.68360084354133,0.0412824764999993,0.060455075,0.024177265,0.1506797915,0.0,0.0181818181818182,0.181818181818182
100625A,0.452,-0.4814860601221125,-10.87942607,2.43862257,1.84657968,1.08,2.40449,-6.638272164,0.9,20.33244048,0.414973348,213.358852640335,0.36164147,0.239414064,0.242981501,0.175,1.21212121212121e-08,0.0606060606060606,0.121212121212121
100704A,3.6,2.295567099962479,-10.35163999,3.62503495,1.01294211,1.29,2.11575,-5.22184875,1.73,21.52730245,0.633468456,23.2593145938513,0.0476344600000003,0.053639373,0.0181399595,0.01,1.21212121212121e-07,0.0363636363636364,0.121212121212121
100724A,1.288,0.146128035678238,-10.67778071,2.86502502,1.11237691,0.83,1.94442,-6.795880017,1.92,21.01720452,0.278753601,0.15579471580594,0.14742817,0.168928757,0.0650028685,0.05,1.21212121212121e-08,0.127272727272727,0.121212121212121
100728A,1.567,2.297760511099134,-10.17587417,4.03148606,1.5588143,0.96,1.90402,-4.420216403,1.18,21.52592288,0.707570176,12.646583703569,0.0760750999999997,0.053762484,0.034265796,0.005,0.0,0.0121212121212121,0.121212121212121
100814A,1.44,2.241795431295199,-11.49349497,5.22729477,1.76532941,1.1425,1.89414,-5.045757491,1.47,20.89608288,0.397940009,9.46817490453253,0.0436263599999993,0.035347138,0.0840151685,0.01745135,1.21212121212121e-07,0.0242424242424242,0.121212121212121
100816A,0.804,0.4623979978989561,-11.5559552,3.97801299,1.04455013,1.09,1.91138,-5.698970004,0.73,21.34783526,1.037426498,0.621173085986678,0.0867492200000006,0.112014005,0.0471751539999999,0.015,6.06060606060606e-08,0.145454545454545,0.242424242424242
100901A,1.408,2.6424645202421213,-11.34103516,4.91124,1.50754,1.075,1.98285,-5.677780705,1.52,21.53188109,-0.096910013,22.5629902448915,0.0282999999999998,0.02425,0.036255,0.0005,1.81818181818182e-07,0.127272727272727,0.121212121212121
100906A,1.727,2.0584260244570056,-10.4698003,3.94074768,1.71220056,0.87,2.02817,-4.920818754,1.78,21.96198081,1.004321374,1.59114548550629,0.0487430849999999,0.039933316,0.0593400839999999,0.0,0.0,0.0181818181818182,0.242424242424242
101219B,0.55,1.5314789170422551,-11.99567863,4.42003952,0.66918137,0.94,1.85684,-5.677780705,1.56,20.49692965,-0.22184875,5.42062428630735,0.0894462749999994,0.166829365,0.0393906275,0.105,2.42424242424242e-07,0.096969696969697,0.181818181818182
101225A,0.847,3.0206299599307673,-11.442469209228523,4.297077752684088,1.0756695141189734,0.8155769923378173,,,,,,,0.8579672152886907,0.6924490873795053,0.6215636407534638,0.30348959358646826,,,
110106B,0.618,1.3944516808262162,-10.81530857,3.87203946,1.22519883,1.03,2.05121,-5.698970004,1.76,21.29748256,0.322219295,16.6266176856008,0.0455435550000001,0.058714404,0.049891228,0.005,6.06060606060606e-08,0.0666666666666667,0.181818181818182
110205A,2.21,2.4119409569488774,-10.944573359422318,4.092163853529811,1.953396135809248,0.8304635631849626,,,,,,,0.8579672152886907,0.6900059616153267,0.6238203213911063,0.3036451583816736,,,
110213A,1.46,1.6812412373755872,-9.896196279,3.84089,1.8412,1.1905,1.96436,-5.229147988,1.83,21.56708403,0.204119983,16.0,0.0358799999999997,0.023515,0.02785,0.2263626645,2.42424242424242e-07,0.0727272727272727,0.363636363636364
110422A,1.77,1.413299764081252,-9.681936665,3.50066971,1.42239886,0.778,1.89199,-4.387216143,0.86,22.02088312,1.487138375,0.566646277192499,0.0241374065000004,0.029472713,0.0227797160000001,0.005,6.06060606060606e-07,0.0606060606060606,0.606060606060606
110503A,1.613,1.0,-9.08249449,2.54166555,1.14649063,0.687,1.90907,-5.0,0.88,21.13638759,0.130333768,3.40544507260987,0.0289980710000002,0.028887961,0.006289914,0.001,2.42424242424242e-07,0.151515151515152,0.0363636363636364
110715A,0.82,1.1139433523068367,-9.075720714,2.61109719,0.95853538,0.755,1.85342,-4.928117993,1.25,22.0746007,1.731588765,4.0,0.0237765295000001,0.035600881,0.0095540759999999,0.0015,1.21212121212121e-07,0.0727272727272727,0.666666666666667
110726A,1.036,0.7066725697633448,-10.69683593206123,3.5495509247201804,1.0722086731587135,0.7411441381020916,,,,,,,0.8576370867864546,0.6902442434501164,0.6192360871495942,0.3114142701486685,,,
110731A,2.83,1.5888317255942073,-12.08512818,5.08952072,1.42351927,0.39,1.85145,-5.22184875,1.15,21.95954126,1.041392685,11.6624637198907,0.0974184950000003,0.090702815,0.110855301,0.13,6.06060606060606e-08,0.0303030303030303,0.181818181818182
110801A,1.858,2.5707581954798986,-10.372464850885828,3.830446348581076,1.703988395911778,0.9272262736914061,,,,,,,0.857661167691505,0.6900112706193918,0.6198189315635972,0.30410096135677617,,,
110808A,1.348,1.6812412373755872,-12.08440021,4.50711,0.807091,1.4,2.33721,-6.48148606,2.32,14.56450155,-0.397940009,22.6274169979695,0.0837000000000003,0.155655,0.0776,0.025,4.84848484848485e-08,0.260606060606061,0.121212121212121
110818A,3.36,2.012837224705172,-11.28316228,3.84627415,1.37167718,0.83,1.95985,-5.397940009,1.58,22.06812647,0.204119983,18.0548005975559,0.0551490499999998,0.059648416,0.0673381894999999,0.01,1.21212121212121e-07,0.0666666666666667,0.181818181818182
111008A,4.9898,1.8025000677643934,-10.66756154,3.98993393,1.21584288,0.829,1.94053,-5.27572413,1.86,22.17059025,0.806179974,2.36485690984517,0.0285110849999999,0.035676696,0.0273512905000001,0.001,1.81818181818182e-07,0.0545454545454545,0.424242424242424
111107A,2.893,1.4135139486264754,-10.703082401873239,3.536615420866296,1.0994588870285682,0.9272262736914061,,,,,,,0.8647694316171812,0.7024495088528881,0.6217094016399896,0.30512402855143045,,,
111117A,2.211,-0.3279021420642826,-11.56224944,3.040958613,1.320391508,0.79,2.19593,-6.853871964,0.65,21.35810434,0.130333768,0.0536656069364681,0.1607292,0.16895411,0.11777667,0.045,1.09090909090909e-08,0.133333333333333,0.121212121212121
111123A,3.1516,2.462397997898956,-11.60730305,4.42202873,1.46723371,1.25,2.55463,-5.13667714,1.68,21.35034301,-0.045757491,88.090862182181,0.0730882700000004,0.070655771,0.1058841465,0.0049999999999999,1.81818181818182e-07,0.0424242424242424,0.0606060606060606
111209A,0.677,3.146128035678238,-9.057000407,4.13326,2.77382,0.2529,1.81212,-4.443697499,1.48,21.14009932,-0.301029996,29.551808977086,0.0209899999999994,0.010455,0.0443499999999999,4.99999999999997e-05,6.06060606060606e-07,0.0181818181818182,0.0606060606060606
111228A,0.714,2.0051805125037805,-10.65757732,4.10627835,1.15297662,0.99,2.03824,-5.070581074,2.27,21.41342718,1.093421685,5.41590248878418,0.030118345,0.037264425,0.0232992715,0.0,1.21212121212121e-07,0.0363636363636364,0.303030303030303
120118B,2.943,1.3666097103924297,-10.95467702,3.68307,1.0241,1.01,2.20884,-5.744727495,2.08,21.451745,0.342422681,19.6469605838771,0.1172,0.131765,0.077156,0.005,6.06060606060606e-08,0.0666666666666667,0.181818181818182
120119A,1.728,2.3903090863102543,-10.45607177093321,3.623293067329346,1.6444363649742715,0.886288203861757,,,,,,,0.8579672152886907,0.6901458017872589,0.6215636407534638,0.30330285663263834,,,
120327A,2.813,1.7986506454452689,-10.15181088,3.48517215,1.44859414,0.63,1.75797,-5.443697499,1.52,22.16619025,0.591064607,7.52171254966162,0.0436249200000001,0.051679097,0.058002882,0.02,6.06060606060606e-08,0.0363636363636364,0.121212121212121
120404A,2.876,1.5877109650189114,-11.02687215,3.79948,1.90651,0.69,1.89579,-5.795880017,1.85,21.70983536,0.079181246,16.0,0.11705,0.068285,0.121385,0.005,6.06060606060606e-08,0.0787878787878788,0.121212121212121
120422A,0.283,0.7283537820212285,-12.73992861,5.23266697,0.86153199,1.1,2.32199,-6.638272164,1.19,16.83373789,-0.22184875,2.23606797749979,0.11830242,0.217818621,0.2144519325,0.035,2.42424242424242e-08,0.145454545454545,0.121212121212121
120711A,1.405,2.047503177219106,-10.890509385542417,3.9546346745214906,1.3614671326794898,0.7523090662374505,,,,,,,0.8590139691198997,0.6911104253032151,0.6344136811370202,0.30337134788068126,,,
120729A,0.8,1.8543060418010806,-10.29756946,3.52138487,2.26312734,0.645,1.8831,-5.619788758,1.62,21.34792103,0.462397998,36.7435331717259,0.0690683199999995,0.047294772,0.130088482,0.013331067,6.06060606060606e-08,0.0484848484848485,0.121212121212121
120802A,3.796,1.6989700043360187,-11.17198494,3.53838419,0.54215516,0.91,2.03526,-5.721246399,1.21,22.12127744,0.477121255,31.0246002714191,0.0780322099999999,0.220557212,0.11816229,0.055,1.81818181818182e-07,0.284848484848485,0.121212121212121
120804A,1.3,-0.09151498112135022,-9.76498948,2.56606,1.09546,0.86,2.05668,-6.055517328,1.34,21.60814292,1.033423755,0.0832345620352619,0.16554,0.17802,0.0370849999999999,0.015,3.03030303030303e-08,0.0484848484848485,0.363636363636364
120811C,2.671,1.4281347940287887,-10.14327111,3.15909591,1.01613299,0.65,1.92121,-5.522878745,1.4,21.91722026,0.612783857,3.69357928575403,0.0529468600000005,0.084200302,0.03800099,0.090734018,1.81818181818182e-07,0.181818181818182,0.121212121212121
120815A,2.36,0.9766629256219201,-10.611781652264114,3.5629660681066335,1.0444224463867995,0.8453501340321077,,,,,,,0.8575360345365411,0.6900232563071612,0.6191898386315675,0.30330285663263834,,,
120907A,0.97,1.2278867046136734,-10.37675071,3.2113827,1.05329104,0.78,1.82021,-6.173925197,1.73,21.0438101,0.462397998,1.37043061304617,0.0413034100000003,0.062296694,0.0286472705,0.005,6.66666666666667e-08,0.151515151515152,0.242424242424242
120922A,3.1,2.2380461031287955,-10.59516628,3.59799,1.06622,1.17,2.06954,-5.207608311,1.58,21.0163605,0.301029996,30.2400963128712,0.16365,0.133375,0.0356299999999999,0.0049999999999999,4.24242424242424e-07,0.218181818181818,0.121212121212121
120923A,7.8,1.423173380317779,-11.89036908213297,4.3147275355707215,2.207350239799994,0.7560307089492367,,,,,,,0.8645388380922404,0.6919196366825209,0.7204859908820336,0.3519809810282126,,,
121024A,2.298,1.8388490907372552,-11.31158018,4.17178823,1.30353551,0.87,2.00683,-5.958607315,1.41,21.94617755,0.113943352,32.0624390837628,0.0633058950000001,0.065435085,0.06666149,0.0,6.06060606060606e-08,0.133333333333333,0.121212121212121
121027A,1.773,1.7965743332104296,-11.92081875,5.40919042,1.50995764,1.16,2.37144,-5.698970004,1.82,22.07736427,0.113943352,4.82005846681452,0.0415841549999998,0.037953731,0.0589396935000001,0.0,6.06060606060606e-08,0.0545454545454545,0.121212121212121
121128A,2.2,1.3673559210260189,-9.617982957,3.23392922,1.54546584,0.9455,1.98504,-5.161150909,1.32,22.04029767,1.11058971,1.630612160051,0.0286900235000003,0.029795568,0.0324450009999999,0.0103377205,2.42424242424242e-07,0.109090909090909,0.242424242424242
121211A,1.023,2.2600713879850747,-11.2823295,4.20933518,1.15615612,0.95,2.0682,-5.886056648,2.36,21.66138196,0.0,39.28730733208,0.0542507750000008,0.063247159,0.0746028285,0.0049999999999999,1.61818181818182e-07,0.157575757575758,0.181818181818182
121217A,3.1,2.875399175028474,-10.563870919546913,3.635650417383429,1.1284588018726158,0.8788449184381844,,,,,,,0.8592097925349548,0.6907852802790057,0.6193454307198901,0.3036451583816736,,,
121229A,2.707,2.0,-12.35951856,4.70907,0.900754,0.99,2.18362,-6.337242168,2.43,6.538102238,-1.0,39.5546314794679,0.2624,0.38724,0.4243565,0.12,7.87878787878788e-08,0.278787878787879,0.0
130215A,0.6,1.8004306855693692,-11.235795460252362,4.498518534903547,2.051701517438559,0.9048964174206884,,,,,,,0.8648825250743079,0.6914030905799881,0.7259212525554523,0.3038503543340033,,,
130408A,3.757,1.4471580313422192,-10.32975415,3.58393,1.39277,0.945,2.03183,-5.638272164,1.28,20.06405721,0.69019608,13.0660353517987,0.077,0.070305,0.0643,0.117120218,2.42424242424242e-07,0.157575757575758,0.606060606060606
130418A,1.218,2.4771212547196626,-9.247183569,2.59006,1.28449,0.198,1.68684,-5.744727495,2.07,21.12149747,-0.22184875,46.0880984824801,0.0604700000000005,0.06867,0.031625,0.003,1.21212121212121e-07,0.103030303030303,0.121212121212121
130420A,1.297,2.0916669575956846,-10.8728952,3.56731,0.914676,1.17,2.29559,-5.148741651,1.52,20.79265849,0.531478917,11.7367307263019,0.0550499999999996,0.08535,0.0286905,0.0049999999999999,1.81818181818182e-07,0.151515151515152,0.121212121212121
130427A,0.34,2.368024853204554,-10.111505813324529,3.9639146033262564,1.4768561499209758,0.82302027776139,,,,,,,0.8575090341592028,0.689931292874024,0.6190414362280616,0.30330285663263834,,,
130505A,2.27,1.9444826721501687,-8.91721463,3.24559,1.3304,0.724,1.92439,-4.677780705,1.18,20.71960885,1.477121255,116.258229523501,0.0149749999999997,0.024355,0.0156499999999999,0.0,6.06060606060606e-07,0.0424242424242424,1.87878787878788
130511A,1.3033,0.7347998295888469,-10.51570016,2.65954,1.16497,0.65,2.06879,-6.657577319,1.35,21.01365445,0.113943352,2.21218447342499,0.0838000000000001,0.089385,0.04916,0.01,2.42424242424242e-08,0.187878787878788,0.121212121212121
130514A,3.6,2.3096301674258988,-10.7212464,3.68772,1.17745,0.65,2.0604,-5.040958608,1.8,21.19799139,0.447158031,12.8126975867004,0.0780000000000003,0.078365,0.04188,0.08,1.21212121212121e-07,0.0303030303030303,0.181818181818182
130603B,0.356,-0.744727494896694,-10.51286162,3.52927,1.50729,0.84,2.20112,-6.200659451,0.82,21.35365854,0.806179974,0.0240000486373901,0.0433500000000002,0.045125,0.07082,0.0291441835,1.81818181818182e-08,0.0424242424242424,0.181818181818182
130604A,1.06,1.5763413502057928,-8.316052869,2.071571247,1.742079764,0.98,2.08823,-5.853871964,1.51,21.35024026,-0.096910013,4.55927186783047,0.166441725,0.100184013,0.041653571,0.015,6.06060606060606e-08,0.0727272727272727,0.121212121212121
130606A,5.913,2.4418207722892835,-10.18045606,3.30222,1.37571,0.44,1.86465,-5.537602002,1.52,20.24962877,0.414973348,19.3109676637375,0.0681500000000002,0.07782,0.05186,0.045,1.21212121212121e-07,0.0727272727272727,0.121212121212121
130702A,0.15,1.7584902010166887,-10.51713446949435,4.189411127704722,1.518043731450872,0.7188142818313739,,,,,,,0.8575556689478993,0.6899360309005093,0.6191793020285752,0.30512402855143045,,,
130831A,0.4791,1.5118833609788744,-9.89279003,3.31959,1.28481,1.01,1.79449,-5.187086643,1.93,19.84752454,1.133538908,1.86433148597529,0.0548150000000005,0.089045,0.0672699999999999,0.009011148,1.21212121212121e-08,0.0303030303030303,0.363636363636364
130925A,0.347,2.2528530309798933,-10.62525165,5.84588,1.38344,1.5915,2.69002,-4.387216143,1.85,21.99154725,0.86332286,3.54089256630188,0.0623499999999995,0.06424,0.12684,0.206936072,6.06060606060606e-07,0.0848484848484849,0.363636363636364
131004A,0.717,0.18752072083646307,-9.847711656,3.06764,2.37965,1.09,2.21436,-6.552841969,1.81,21.41915412,0.531478917,0.326337243913619,0.339855,0.2446,0.27747,0.0099999999999999,1.21212121212121e-08,0.0666666666666667,0.121212121212121
131030A,1.295,1.6138418218760693,-9.294136288,2.84594,1.11188,0.693,2.09466,-4.537602002,1.3,20.84178667,1.44870632,4.04266247219712,0.0251749999999999,0.027575,0.0081499999999999,0.0075,0.0,0.0181818181818182,0.424242424242424
131105A,1.686,2.050379756261458,-10.91009489,3.9488,1.19347,0.94,2.24976,-5.148741651,1.45,21.32749584,0.544068044,4.08680221617042,0.0333499999999995,0.047885,0.0454399999999999,0.005,3.03030303030303e-07,0.0666666666666667,0.363636363636364
131117A,4.042,1.0413926851582251,-10.838632,2.87134,0.951056,0.86,2.15896,-6.602059991,-0.4,22.01669496,-0.15490196,3.16227766016838,0.0823,0.12461,0.0362555000000001,0.025,2.42424242424242e-08,0.854545454545454,0.0606060606060606
140206A,2.73,1.9712758487381052,-9.730487056,3.59073,1.22509,0.672,1.88134,-4.795880017,1.04,22.00531353,1.28780173,13.7528238777123,0.0129950000000001,0.021325,0.0155449999999999,0.0219023355,1.81818181818182e-07,0.0909090909090909,0.303030303030303
140213A,1.2076,1.7781512503836436,-10.12551818,3.829176603,1.108879519,0.83,1.96657,-4.920818754,1.8,20.99187128,1.371067862,2.62312485984891,0.0630358199999996,0.068643889,0.021746292,0.005,0.0,0.0242424242424242,0.484848484848485
140419A,3.956,1.9763499790032735,-10.00568285,3.68383,1.36898,0.678,1.87322,-4.795880017,1.21,22.04094236,0.69019608,3.81721576852457,0.0239850000000006,0.02442,0.017885,0.001,0.0,0.0242424242424242,0.121212121212121
140423A,3.26,2.1271047983648077,-10.85078089,3.90552,1.18974,0.77,2.06486,-5.026872146,1.33,21.81946365,0.322219295,23.0119829578041,0.0503499999999999,0.05495,0.045115,0.149849463,1.81818181818182e-07,0.0363636363636364,0.121212121212121
140430A,1.6,2.239549720840473,-11.36251027,4.14388,0.875171,1.03,2.15785,-5.958607315,2.0,21.67796993,0.397940009,3.69174647045451,0.0861000000000001,0.13071,0.0833725,0.035,1.21212121212121e-07,0.133333333333333,0.121212121212121
140506A,0.889,2.0457140589408676,-9.903089987,3.30686,0.948932,0.9,1.74751,-5.552841969,1.68,21.81764402,1.037426498,9.55670993835752,0.0551599999999999,0.06882,0.01557,0.047966029,1.81818181818182e-07,0.096969696969697,0.545454545454546
140509A,2.4,1.3654879848908996,-11.09770006,3.58709,1.40649,0.86,1.93407,-5.920818754,1.59,20.90144742,0.204119983,5.17115694874123,0.0839500000000006,0.088715,0.10418,0.22,1.21212121212121e-07,0.121212121212121,0.242424242424242
140512A,0.725,2.189770956346874,-9.504455662,3.53686,1.25134,0.871,1.84304,-4.853871964,1.45,21.32824297,0.832508913,4.78706592379787,0.0150399999999999,0.022285,0.0200600000000001,0.002482817,1.81818181818182e-07,0.0242424242424242,0.181818181818182
140518A,4.707,1.7817553746524688,-11.31158018,3.77824,1.64981,0.94,1.93772,-6.0,0.92,22.46148952,0.0,2.42918916112475,0.0904500000000006,0.070125,0.18819,0.0,6.06060606060606e-08,0.36969696969697,0.0606060606060606
140614A,4.233,2.8573324964312685,-10.9589,3.70006,1.35595,0.83,1.77015,-5.886056648,1.5,12.04338193,,160.05867252182,0.1129,0.098945,0.093145,0.05,2.42424242424242e-07,0.278787878787879,
140629A,2.275,1.6232492903979006,-9.847711656,2.85608,1.16056,0.815,1.95996,-5.619788758,1.86,21.74269921,0.62324929,11.5414884203924,0.0427850000000003,0.06161,0.03501,0.0016785515,1.21212121212121e-07,0.0666666666666667,0.242424242424242
140801A,1.32,0.8353963212088604,-10.829102997930994,3.888946589016465,1.1893942114189369,0.8044120642024586,,,,,,,0.8576731437090601,0.6901253162722696,0.6191271001686163,0.3090704322358218,,,
140903A,0.351,-0.5228787452803376,-11.30980392,4.29222,1.22723,0.57,1.63218,-6.853871964,1.99,21.07864529,0.397940009,0.0341760284313824,0.0639500000000002,0.074155,0.110285,0.0,6.060606060606061e-09,0.0727272727272727,0.121212121212121
140907A,1.21,1.8859959360042031,-10.658556717427821,3.8878448829828187,1.2758149976408744,0.9272262736914061,,,,,,,0.8578592266963797,0.6904004222836636,0.6195383132560448,0.30439686729051596,,,
141004A,0.573,0.5932860670204573,-10.61083392,3.30337,1.54959,1.08,1.79496,-6.173925197,1.86,21.49730845,0.785329835,1.07337229135984,0.0852999999999993,0.081935,0.0977399999999999,0.0049999999999999,1.81818181818182e-08,0.0484848484848485,0.181818181818182
141121A,1.47,2.7402837196818792,-12.65757732,5.76634,2.33322,0.82,1.93447,-5.27572413,1.73,21.59590717,-0.045757491,37.8222135391303,0.1675,0.090095,0.2969,0.01,2.42424242424242e-07,0.0787878787878788,0.181818181818182
141220A,1.3195,0.857935264719429,-9.872830386,2.77561,1.42066,1.1,1.80565,-5.585026652,0.62,21.48574413,0.949390007,0.473776347689343,0.0424549999999995,0.057375,0.050735,0.07,6.06060606060606e-08,0.23030303030303,0.424242424242424
141221A,1.45,1.509102325228087,-10.170204399053912,3.4055838580755053,1.4608749389456435,0.6518247130192206,,,,,,,0.8575542433478494,0.689963355190538,0.6194697940274307,0.30512402855143045,,,
150120B,3.5,1.3856062735983121,-10.79048499,3.39431,1.17705,0.92,2.01678,-6.26760624,2.2,21.52664292,0.079181246,3.38828572567676,0.0710999999999995,0.090535,0.057705,0.005,4.84848484848485e-08,0.151515151515152,0.121212121212121
150314A,1.758,1.1699681739968923,-8.609064893,2.49217,1.19079,0.73,1.84772,-4.657577319,1.08,22.01715025,1.58546073,2.63134115747024,0.0150249999999996,0.015855,0.0099249999999999,0.0,1.81818181818182e-07,0.0181818181818182,0.545454545454546
150323A,0.593,2.1614086873815292,-10.960308343175221,3.7051406938324183,0.9786510426231214,0.9644427008092691,,,,,,,0.8579248430594427,0.6912733821485612,0.6203031027459479,0.31318827821322315,,,
150403A,2.06,1.6117233080073419,-8.821023053,3.19694,1.24471,0.679,1.70996,-4.769551079,1.23,21.79039707,1.245512668,12.0135891154935,0.0051050000000003,0.006975,0.00458,0.0,1.81818181818182e-07,0.0242424242424242,-0.363636363636364
150413A,3.139,2.4067155956190676,-10.4745987667266,3.99243863614874,2.2496829758052206,1.0388755550449948,,,,,,,0.8576563493356212,0.6899597239322914,0.6198719181400848,0.5245505513182062,,,
150821A,0.755,2.2357808703275603,-8.853871964,2.95174,1.82628,0.848,2.21622,-6.102372909,2.1,22.340573,,99.043754395434,0.0211049999999995,0.015485,0.027365,0.0005,1.15151515151515e-07,0.224242424242424,
150910A,1.359,2.0499928569201424,-9.970616222,3.85419,2.03808,0.6645,1.78547,-5.318758763,1.42,20.842422,0.041392685,38.5494757277456,0.703965,0.02868,0.06663,0.0024587915,2.42424242424242e-07,0.0727272727272727,0.242424242424242
151021A,2.33,2.042181594515766,-9.642065153,3.15765,1.33346,1.27,1.96079,-4.552841969,1.57,22.33647975,0.986771734,3.64878062317384,0.0628200000000003,0.05208,0.02141,0.04,6.06060606060606e-07,0.0242424242424242,0.484848484848485
151027A,0.81,2.112906490253314,-9.935542011,3.99907,1.74508,0.9235,2.00612,-5.107905397,1.72,21.65076489,0.832508913,5.47526252023579,0.0222100000000003,0.01731,0.0249900000000001,0.0024409705,1.21212121212121e-07,0.0303030303030303,0.363636363636364
151029A,1.423,0.951823035315912,-10.76639985,2.7098,1.23481,1.25,2.307153,-6.408935393,0.49,21.55195354,0.255272505,80.3451669908966,0.0973500000000005,0.12415,0.0730099999999999,0.33,3.63636363636364e-08,0.654545454545455,0.181818181818182
151031A,1.167,0.6989700043360189,-11.5214335,3.69323,0.897942,1.24,2.12551,-6.494850022,2.41,21.98623592,0.230448921,2.23606797749979,1.01707,0.166825,0.1244685,0.01,1.81818181818182e-08,0.109090909090909,0.121212121212121
151112A,4.1,1.2860071220794747,-11.6171,4.43227,1.1526,1.24,2.17922,-6.026872146,1.77,21.0151543,0.278753601,24.1810874847648,0.0472000000000001,0.063015,0.0685399999999999,0.0049999999999999,7.27272727272727e-08,0.127272727272727,0.121212121212121
151215A,2.59,1.250420002308894,-10.72815839,3.06337,1.07478,1.015,2.20942,-6.508638306,1.99,11.58323846,0.204119983,1.00345011433835,0.093,0.11588,0.071395,0.3543597095,4.24242424242424e-08,0.2,0.121212121212121
160117B,0.87,1.7781512503836436,-11.74958,4.10299,0.973333,0.64,1.83834,-6.4710833,1.73,20.95374423,,2.4614955105327,0.12265,0.162075,0.093958,0.015,,,
160121A,1.96,1.0791812460476249,-11.17263073,3.8244,0.798663,1.02,2.2054,-6.214670165,1.77,16.38465801,0.079181246,2.38388672767792,0.0694000000000008,0.120385,0.106048,0.03,3.03030303030303e-08,0.0787878787878788,0.121212121212121
160131A,0.972,2.4973922465738068,-10.067759979390956,3.8184148605975965,1.4881666194298322,0.9160613455560472,,,,,,,0.8577229889381268,0.6901520240032112,0.6196221259348687,0.3036451583816736,,,
160203A,3.52,1.3053513694466237,-11.36754271,3.66139836,1.146279559,0.61,1.75592,-5.920818754,1.93,22.0158332,0.113943352,3.23612604894565,0.0845867900000004,0.087010427,0.0601908999999999,0.25,6.06060606060606e-08,0.121212121212121,0.242424242424242
160227A,2.38,2.500373714353374,-10.99567863,4.47751,1.10229,0.679,1.72551,-5.508638306,0.75,21.4198963,-0.22184875,75.3682152632844,0.0305500000000007,0.03885,0.03434,0.001,1.21212121212121e-07,0.309090909090909,0.0606060606060606
160314A,0.726,0.9310369161351343,-10.731573035767894,3.40338955773049,1.0106884638559748,0.8900098465735433,,,,,,,0.8606404268224228,0.702700065587569,0.6201420788543658,0.30512402855143045,,,
160327A,4.99,1.4471580313422192,-11.22402567,3.76407,1.49693,0.78,1.93554,-5.853871964,1.84,20.72655851,0.255272505,9.22542076482328,0.0673000000000004,0.06033,0.1004,0.02,6.06060606060606e-08,0.0666666666666667,0.121212121212121
160425A,0.555,2.469291246955978,-10.680628412266946,3.68695493467804,1.187572244754346,1.1133084092807208,,,,,,,0.8659868762959918,0.7060323315165697,0.6354298593549634,0.30512402855143045,,,
160804A,0.736,2.15896526038341,-11.5214335,4.38419,0.948229,0.92,1.87827,-4.943095149,1.4,21.30214687,0.462397998,19.2297524738119,0.0587499999999999,0.095375,0.070062,0.0049999999999999,1.81818181818182e-07,0.139393939393939,0.181818181818182
161014A,2.823,1.2515501349858402,-10.776047530883398,3.815588951015413,1.539653787100934,0.8527934194556803,,,,,,,0.860045936666593,0.6922262576331167,0.6268030475824571,0.30410096135677617,,,
161023A,2.71,1.6314569392881388,-10.413797595006269,4.008809047094172,1.5391091703714386,0.8006904214906723,,,,,,,0.8578257685040548,0.6900671451774764,0.6191793020285752,0.3047379401771182,,,
161108A,1.159,2.021602716028242,-11.81247928,4.69106,0.883711,0.84,2.00325,-5.958607315,1.85,21.16074757,-0.22184875,11.8942948022011,0.133550000000001,0.18179,0.0812555,0.0049999999999999,6.06060606060606e-08,0.103030303030303,0.0606060606060606
161117A,1.549,2.0993352776859577,-10.74958,4.08464,1.141,1.375,1.92624,-4.698970004,1.19,21.87736847,0.832508913,1.09562770301324,0.0383499999999994,0.04019,0.0236499999999999,0.674290141,0.0,0.0727272727272727,0.181818181818182
161129A,0.645,1.5505952074893279,-10.43651891,3.70506,2.32574,0.71,1.74506,-5.443697499,1.57,21.51361441,0.531478917,2.09357115934511,0.106249999999999,0.050725,0.10628,0.005,6.06060606060606e-08,0.0363636363636364,0.121212121212121
161219B,0.1475,0.8413594704548549,-10.13667714,4.0135,0.871656,0.73,1.86204,-5.823908741,1.29,21.16590877,0.72427587,0.791979781306962,0.0276999999999994,0.03841,0.008668,0.0,6.06060606060606e-08,0.212121212121212,0.242424242424242
170113A,1.968,1.3040779922193537,-10.691914701298963,3.774200345458893,1.3535022902236236,0.8527934194556803,,,,,,,0.8590598799161732,0.6929491480148154,0.6278257046551114,0.3036451583816736,,,
170202A,3.645,1.6646419755561255,-10.65364703,3.77629,1.1958,1.04,1.99768,-5.48148606,1.68,21.7153121,0.672097858,11.4483053739976,0.0448500000000003,0.068655,0.059155,0.0,6.06060606060606e-08,0.0424242424242424,0.181818181818182
170405A,3.51,2.2166935991697545,-10.31069114,3.6300738,1.81152426,0.612,1.8473,-5.431798276,1.59,13.21022485,,35.3909366653105,0.0482553450000003,0.035670699,0.072401387,0.0475,1.81818181818182e-07,0.0727272727272727,
170519A,0.818,2.3352572564345317,-11.06348626,4.1513,1.37345,0.975,1.97351,-5.958607315,1.94,21.33992622,-0.15490196,49.4043300783148,0.0529999999999999,0.052235,0.0667449999999999,0.2244236125,1.21212121212121e-07,0.157575757575758,0.0606060606060606
170531B,2.366,2.2151879694971317,-11.39577395,3.80257,1.02082,0.99,2.06685,-5.698970004,1.95,9.634585075,-0.096910013,8.82050386393155,0.0841500000000002,0.11435,0.107427,0.035,1.21212121212121e-07,0.0848484848484849,0.121212121212121
170604A,1.329,1.4151388907428344,-10.559691041613615,3.7395218080720523,1.038886199061933,0.8527934194556803,,,,,,,0.8644595902355725,0.7062545960307184,0.620527400582498,0.3038503543340033,,,
170607A,0.557,1.3505416162146684,-10.41302750513193,3.8825991535010025,1.2719788737797009,0.8900098465735433,,,,,,,0.8575752475871905,0.6900373665555432,0.6192542901004876,0.3036451583816736,,,
170705A,2.01,2.3370597263205246,-10.18641901,3.63746,0.774169,0.66,1.89159,-5.022276395,1.65,21.08891889,1.1430148,18.0780517612736,0.0405499999999996,0.06603,0.027333,0.0049999999999999,1.81818181818182e-07,0.0303030303030303,0.242424242424242
170714A,0.793,3.0,-10.075204,4.28080232,3.42119695,0.6815,1.84715,-5.552841969,1.76,21.06857915,-0.397940009,92.5864471189302,0.066395795,0.023936409,0.1495769815,0.0,1.81818181818182e-07,0.103030303030303,0.121212121212121
170903A,0.886,1.4653828514484182,-11.26042766,4.41384,0.971187,1.14,2.20256,-5.619788758,1.94,21.73970839,0.591064607,3.59505880999471,0.0409499999999996,0.065935,0.051271,0.005,1.21212121212121e-07,0.0727272727272727,0.303030303030303
171205A,0.0368,2.2773799746672547,-12.42945706,5.48376,1.13263,0.67,1.66173,-5.443697499,1.41,19.67443398,0.0,35.1681973037813,0.0719000000000003,0.109545,0.115455,0.01,1.81818181818182e-07,0.0848484848484849,0.181818181818182
171222A,2.409,2.2425414282983844,-12.10957898,4.78231,0.718496,1.34,1.99001,-5.721246399,2.07,20.02880298,-0.15490196,22.6645693378338,0.209750000000001,0.378455,0.126956,0.015,1.21212121212121e-07,0.103030303030303,0.121212121212121
180115A,2.487,1.5998187430171724,-10.272179105651013,3.491787315021081,1.265637642304643,0.8900098465735433,,,,,,,0.857930391747442,0.6905844281260232,0.6195427586448994,0.30410096135677617,,,
180205A,1.409,1.1903316981702914,-10.30627305,3.21372,1.09633,1.03,1.88733,-6.0,2.04,21.4933967,0.531478917,3.12326232779722,0.0645499999999997,0.088815,0.042095,0.0049999999999999,6.06060606060606e-08,0.0787878787878788,0.181818181818182
180325A,2.248,1.960645259899782,-10.792862211180868,3.7884160572332246,1.5858447881480027,0.9782239437710136,,,,,,,0.858173833930527,0.6901105090418531,0.6199989045288401,0.30574456344328715,,,
180329B,1.998,2.322219294733919,-11.14935376,4.02296,1.50063,0.77,1.86768,-5.48148606,0.97,21.41988474,0.146128036,44.0459433119658,0.0482499999999995,0.04314,0.069665,0.0,1.81818181818182e-07,0.339393939393939,0.242424242424242
180404A,1.0,1.546542663478131,-11.62342304,4.20449,1.17089,0.72,1.62007,-5.886056648,1.95,20.48730103,0.113943352,87.9465810827809,0.0661000000000005,0.1242,0.10229,0.065,6.06060606060606e-08,0.0727272727272727,0.121212121212121
180620B,1.1175,2.2984163800612945,-10.98296666,4.6659,1.09835,0.9,1.99236,-5.0,1.3,21.21643247,0.556302501,27.4443117973296,0.0437000000000003,0.067125,0.0594450000000001,0.005,1.81818181818182e-07,0.121212121212121,0.121212121212121
180624A,2.855,2.6869935662646784,-11.54363397,4.171185481,1.243849338,0.95,2.06008,-5.236572006,1.91,21.1034582,0.146128036,38.5043168772254,0.0881499349999997,0.099379055,0.1233664435,0.0,1.81818181818182e-07,0.0606060606060606,0.121212121212121
180720B,0.654,1.6892822144730457,-8.847711656,3.62033,1.34127,0.729,1.8461,-4.065501549,1.36,21.24271531,1.831869774,3.6884533781446,0.0049749999999999,0.00614,0.0053749999999999,0.0,6.06060606060606e-07,0.0181818181818182,1.57575757575758
180728A,0.117,0.9385197251764918,-9.42365865,3.8695,1.1986,0.8595,1.70111,-4.528708289,1.97,21.58733599,2.120573931,0.297321378474679,0.0098849999999997,0.014745,0.0091,0.0424864935,3.63636363636364e-07,0.0181818181818182,1.75757575757576
181010A,1.39,1.2148438480476977,-9.928117993,3.15711,1.07011,1.115,1.76613,-6.161150909,1.52,22.27837171,0.146128036,2.19279277929316,0.0346150000000005,0.057805,0.033375,0.007041969,4.24242424242424e-08,0.0909090909090909,0.121212121212121
181020A,2.938,2.376576957056512,-10.42365865,4.29043,2.64643,1.228,1.93674,-5.091514981,1.25,20.65703194,0.886490725,11.58881809789,0.1418,0.047555,0.091985,0.029531206,1.81818181818182e-07,0.0363636363636364,0.181818181818182
181110A,1.505,2.141136090120739,-10.39577395,3.7664,1.92336,1.7505,1.76057,-5.004364805,2.02,20.88432911,0.568201724,10.9277832336458,0.0907,0.05473,0.07443,0.141485526,1.81818181818182e-07,0.0303030303030303,0.181818181818182
181201A,0.45,1.2723403624859024,-10.313059577151733,4.078053122619133,1.3925021873016474,0.7701022400425007,,,,,,,0.8575943880684752,0.6899781605716208,0.6190348309340951,0.30347908092196413,,,
190106A,1.859,1.885361220031512,-10.43297363,4.19124,1.26841,1.9365,1.94587,-5.22184875,1.43,14.74289944,0.740362689,2.25272455297137,0.0285500000000001,0.031095,0.0270050000000001,0.225510462,1.21212121212121e-07,0.127272727272727,0.181818181818182
190114A,3.3765,1.823474229170301,-10.75202673,3.74534,1.18375,0.86,1.83214,-6.096910013,2.06,21.6447605,-0.301029996,10.1838122893615,0.0336500000000006,0.042215,0.04616,0.0,7.27272727272727e-08,0.133333333333333,0.121212121212121
190627A,1.942,0.2041199826559248,-11.39794001,4.71457,1.55937,0.964,1.95997,-7.004364805,2.38,21.25707831,0.041392685,0.284871976186096,0.0615500000000004,0.06135,0.11984,0.023,1.33333333333333e-08,0.23030303030303,0.181818181818182
191011A,1.722,0.8577014919486631,-10.84050778147813,3.575853508884504,1.1540986001526021,0.8900098465735433,,,,,,,0.8585335911880267,0.6947809750120635,0.6268067080287306,0.30512402855143045,,,
200613A,1.2255,2.5662354748308207,-10.824796527629315,4.234389033945699,1.2323423117280927,0.8900098465735433,,,,,,,0.8591721963986605,0.6923521280504401,0.6259701649332319,0.30512402855143045,,,
200829A,1.25,1.1047995298076447,-9.922145453099247,3.5806518356105173,1.4981000489204457,0.8900098465735433,,,,,,,0.8575947968447581,0.6900435077775813,0.6192206551082623,0.3036451583816736,,,
201014A,4.56,1.5469563398281516,-11.280015488314437,4.176068644355727,1.3132156922621672,0.8900098465735433,,,,,,,0.858598874827823,0.6909876954911085,0.6304846998723206,0.3083750358309469,,,
201015A,0.426,0.9802197962621951,-10.866807931975828,3.913451390608053,0.9219385675492466,0.9644427008092691,,,,,,,0.8586503402091313,0.6945285054250656,0.6193133781764979,0.31615934576440907,,,
201020A,2.903,1.1407880799790566,-10.49881781590898,3.7461172963774936,1.0959216080166414,0.9644427008092691,,,,,,,0.8596277455969599,0.6931512473664505,0.6202691424150579,0.30603055040048177,,,
201021C,1.07,1.3757747667763387,-10.065781162792861,3.4289443357101623,1.3108149681112224,0.7783605652199546,,,,,,,0.8588441858145013,0.6915730705043669,0.6195184800932682,0.30512402855143045,,,
210204A,0.876,2.2871447542332635,-10.459519657418943,3.9878456446109656,1.3339525658078955,0.8267419204731763,,,,,,,0.857542331641355,0.6900660385538314,0.6193503374206382,0.3090704322358218,,,
210210A,0.715,0.8099156447382517,-10.337518917447213,3.7745795594679796,1.5998971829350883,0.8565150621674666,,,,,,,0.8576449395260886,0.6900071180847988,0.6194180246613806,0.30439686729051596,,,
970508A,0.83,1.1100806509411019,-11.339038392127271,4.598288333908217,1.6286843319307691,0.6741545692899383,,,,,,,0.8581735815546468,0.6903237564891263,0.6285743903596445,0.3083750358309469,,,
980326A,1.0,0.689688174620275,-11.64945983603317,4.274371134462931,1.648070898904607,0.8006904214906723,,,,,,,1.0065398504321557,0.7207543380295508,0.7915795836477391,0.39980849433270604,,,
990510A,1.62,1.8172869414702268,-10.596985690689685,4.106056321269084,1.6935890557889268,0.618329928613144,,,,,,,0.8575556689478993,0.6899360309005093,0.6190598440282556,0.3083750358309469,,,
