"","log10PeakFlux","Alpha","log10Ta","PhotonIndex","log10Fa","Beta","Gamma","log10Fluence","log10T90","log10NH","log10PeakFluxSqr","AlphaSqr","log10TaSqr","PhotonIndexSqr","log10FaSqr","BetaSqr","GammaSqr","log10FluenceSqr","log10T90Sqr","log10NHSqr","log10T90Err","log10FaErr","log10TaErr","AlphaErr","BetaErr","log10FluenceErr","PhotonIndexErr","log10PeakFluxErr","GRB","Redshift_crosscheck","log10z"
"060707A",0.004321374,0.861995,3.5545,0.6,-10.9132,1.12,2.09345,-5.795880017,1.8208579894397,21.20847898,1.8674273247876e-05,0.743035380025,12.63447025,0.36,119.09793424,1.2544,4.3825329025,33.5922251714599,3.31552381770639,449.799580645102,0.0414232995600016,0.07695,0.127895,0.0364485,0.035,0.0248403283013014,0.363636364,0.0599386321664952,"060707A",3.425,0.645913275033844
"100816A",1.037426498,1.04455013,3.97801299,0.73,-11.5559552,1.09,1.91138,-5.698970004,0.462397997898956,21.34783526,1.07625373875254,1.09108497408302,15.8245873486087,0.5329,133.540100584407,1.1881,3.6533735044,32.4782591064918,0.213811908460963,455.730070288099,0.093024842605729,0.08674922,0.112014005,0.047175154,0.015,0.0131604388353707,0.145454545,0.00965903766658571,"100816A",0.804,0.256236533205923
"070521A",0.814913181,1.44502,3.55243,1.1,-10.01233374,0.98,2.00022,-5.096367484,1.57863920996807,22.27524914,0.664083492567539,2.0880828004,12.6197589049,1.21,100.246826921142,0.9604,4.0008800484,25.9729615319725,2.49210175524862,496.186724249071,0.032307204598357,0.04901,0.04844,0.0562,0.147518075,0.00581622391039878,0.121212121,0.0108830581881966,"070521A",2.0865,0.489466281303128
"141221A",0.84509804,1.35305948188261,3.4056147166378,1.59,-10.2498942226753,0.861318583763983,1.72551,-5.698970004,1.59328606702046,20.90308999,0.714190697211842,1.83076996151243,11.5982115981799,2.5281,105.060331576032,0.741869702737194,2.9773847601,32.4782591064918,2.53856049136152,436.939171130038,0.093024842605729,0.787218718173173,0.604803704452244,0.283040300524705,0.214775568252201,0.0169812114071368,0.58,0.0337447149872822,"141221A",1.45,0.389166084364532
"100513A",-0.22184875,0.96306136,3.74522911,1.62,-11.57186521,1.36,2.25722,-5.853871964,1.92427928606188,22.05240534,0.0492168678765625,0.92748718312505,14.0267410863914,2.6244,133.908064438408,1.8496,5.0950421284,34.2678169709052,3.70285077076682,486.30858127966,0.0768849139192809,0.09817689,0.128616618,0.061569437,0.025,0.0188006269082896,0.084848485,0.0438681298090717,"100513A",4.772,0.761326322421457
"970508A",-0.22184875,1.4662611250133,4.64973175700802,1.94,-11.2937134663557,0.864886908282649,2.05121,-5.869666232,2.21669359916975,21.99532933,0.0492168678765625,2.14992168672525,21.6200054121289,3.7636,127.547963860145,0.74802936411872,4.2074624641,34.4529816750811,4.91373051260016,483.794512335158,0.00919722887858148,0.822079601505504,0.641270919132509,0.290677903113412,0.213343873808093,0.0142275014568467,0.58,0.0363046589885454,"970508A",0.83,0.262451089730429
"090618A",1.589949601,1.30942861,3.67275453,1.42,-9.640164518,0.8945,1.82831,-3.978810701,2.05384642685225,21.39200012,2.52793973372006,1.71460328468653,13.4891258376355,2.0164,92.9327719341062,0.80013025,3.3427174561,15.8309345943921,4.21828514509377,457.61766913408,0.00227712475506529,0.009695255,0.014245613,0.010591616,0.002482662,0.00250675025669951,0.048484848,0.00541303397821518,"090618A",0.54,0.187520720836463
"210610B",1.130333768,1.05139,2.89514,0.98,-9.19036,0.78,1.91684,-4.443697499,1.84123429550604,21.03780485,1.27765442708108,1.1054209321,8.3818356196,0.9604,84.4627169296,0.6084,3.6742755856,19.7464474626189,3.39014373094763,442.589232906684,0.0158369132201676,0.0225999999999997,0.0283100000000001,0.01291,0.029,0.0120637356019594,0.11,0.0225189731613911,"210610B",1.13,0.328379603438738
"050904A",-0.207608311,1.97901,4.6841,1.25,-11.4544,0.848,1.90813,-5.316052869,2.24104815067164,22.39388568,0.0431012107962727,3.9164805801,21.94079281,1.5625,131.20327936,0.719104,3.6409600969,28.2604181060031,5.0222968136288,501.486115848909,0.0268161033458331,0.29485,0.098475,0.624745,0,0.00980902273641476,0.042424242,0.072170148569444,"050904A",6.29,0.862727528317975
"080310A",0.113943352,1.59590648,4.32608056,2.32,-11.3990271,0.878,2.09352,-5.638272164,2.56229286445647,21.59590717,0.0129830874649959,2.54691749290599,18.7149730116099,5.3824,129.937818826534,0.770884,4.3828259904,31.7901129953372,6.56534472324456,466.383206495257,0.0207018675137275,0.04247343,0.03798676,0.065276352,0.0375,0.0228877197323238,0.096969697,0.0404936579440628,"080310A",2.42,0.534026106056135
"110731A",1.041392685,1.42351927,5.08952072,1.15,-12.08512818,0.39,1.85145,-5.22184875,1.58883172559421,21.95954126,1.08449872437151,2.02640711206133,25.9032211593093,1.3225,146.05032312703,0.1521,3.4278671025,27.2677043678766,2.52438625225467,482.221452349642,0.130539784510126,0.097418495,0.090702815,0.110855301,0.13,0.00438681295239289,0.03030303,0.00717842119827721,"110731A",2.83,0.583198773968623
"081029A",-0.301029996,2.51960373,4.48156171,1.43,-11.86327943,0.87,1.95818,-5.677780705,2.43136376415899,21.49704581,0.09061905849176,6.34840295622991,20.0843953605381,2.0449,140.737398834261,0.7569,3.8344689124,32.2371937340703,5.91152975366536,462.122978557239,0.0734806588231774,0.083250805,0.04285341,0.169198521,0.001,0.0250675025476,0.109090909,0.105283510661638,"081029A",3.8479,0.685553652846326
"050803A",-0.017728767,1.52234,4.21721,1.38,-10.86012091,1.218,2.11696,-5.66756154,1.94398887507377,21.34755638,0.000314309179340289,2.3175190756,17.7848601841,1.9044,117.942226179819,1.483524,4.4815196416,32.1212538096872,3.77909274641059,455.718163397279,0.0515724807439485,0.0489,0.04766,0.048695,0.22485626,0.0165270627330643,0.066666667,0.0301593391746037,"050803A",3.5,0.653212513775344
"210204A",0.255272505,1.2725689335351,4.01128505385513,1.53,-10.5121322479456,0.884015763818689,2.02179,-5.193820026,2.23954972084047,21.95954126,0.065164051808975,1.61943169059865,16.0904077832816,2.3409,110.504924398297,0.78148387067994,4.0876348041,26.9757664624786,5.01558295211664,482.221452349642,0.0886038540634792,0.792053054742452,0.603763742625933,0.277158225947058,0.20674925520347,0.0169812114071368,0.58,0.0337447149872822,"210204A",0.876,0.273232834043046
"220117A",0.278753601,1.68612083,3.43803362,1.84,-10.1070569,1.2,1.78537,-5.795880017,1.69731654173238,21.99532933,0.0777035700704672,2.84300345335989,11.8200751722503,3.3856,102.152599179838,1.44,3.1875460369,33.5922251714599,2.88088344283838,483.794512335158,0.0299157959458657,0.05084186,0.04500955,0.06200239,0.55,0.0542868101948971,0.18,0.0914304172328591,"220117A",4.961,0.775319121829478
"081028A",-0.301029996,2.20023,4.75426,1.25,-11.3994,0.945,2.51,-5.431798276,2.41497334797082,20.90308999,0.09061905849176,4.8410120529,22.6029881476,1.5625,129.94632036,0.893025,6.3001,29.5044325111566,5.83209627140938,436.939171130038,0.0544346314348955,0.0572,0.03025,0.054715,5e-04,0.0142275014568467,0.23030303,0.0526417557651133,"081028A",3.038,0.60616631460762
"030226A",1.041392685,1.75250278081724,4.18811005594613,1.53,-10.9827775234375,0.868538013137742,1.95818,-5.795880017,1.13417710757677,21.85427081,1.08449872437151,3.07126599677215,17.5402658407171,2.3409,120.621402129324,0.754358280265257,3.8344689124,33.5922251714599,1.2863577113512,477.609152636818,0.00919722887858148,0.824662080037556,0.607878219976453,0.289700961220609,0.207493700362316,0.0169812114071368,0.58,0.0167116683635139,"030226A",1.99,0.47567118832443
"140213A",1.371067862,1.108879519,3.829176603,1.8,-10.12551818,0.83,1.96657,-4.920818754,1.77815125038364,20.99187128,1.87982708220925,1.22961378765767,14.6625934569626,3.24,102.526118413511,0.6889,3.8673975649,24.2144572097181,3.16182186924092,440.658659836089,0.018986810867354,0.06303582,0.068643889,0.021746292,0.005,0,0.024242424,0.00896029879686819,"140213A",1.2076,0.343920385393226
"170519A",-0.15490196,1.37345,4.1513,1.94,-11.06348626,0.975,1.97351,-5.958607315,2.33525725643453,21.33992622,0.0239946172118416,1.8863649025,17.23329169,3.7636,122.400728225209,0.950625,3.8947417201,35.5050011343715,5.45342645373014,455.392451075043,0.0991498518293477,0.053,0.052235,0.066745,0.224423613,0.0478561412739919,0.157575758,0.0376012540900799,"170519A",0.818,0.259593878885949
"210210A",0.84509804,1.5451851,3.72413045,1.53,-10.1403778,0.965,1.85188,-6.008773924,0.819543935541869,21.12319546,0.714190697211842,2.38759699326201,13.8691476086172,2.3409,102.827261926733,0.931225,3.4294595344,36.1053640697424,0.671652262283455,446.189386441365,0.0387784332904449,0.05799791,0.08857348,0.10645081,0.15,0.0354526107425099,0.58,0.0310210344226792,"210210A",0.715,0.234264124378789
"220521A",0.672097858,1.71067512,3.30131796,1.97,-10.6276115,1.1,2.02179,-6.091514981,1.13193929521042,21.85427081,0.451715530728188,2.92640936618701,10.8987002730186,3.8809,112.946126194932,1.21,4.0876348041,37.1065547637474,1.28128656804147,477.609152636818,0.0862659940924207,0.16334814,0.13206168,0.12291833,0.4,0.042893282151299,0.18,0.0369612324969336,"220521A",5.57,0.817565369559781
"110106B",0.322219295,1.22519883,3.87203946,1.76,-10.81530857,1.03,2.05121,-5.698970004,1.39445168082622,21.29748256,0.103825274070297,1.50111217303337,14.9926895797971,3.0976,116.970899464315,1.0609,4.2074624641,32.4782591064918,1.94449549015906,453.582763393504,0.2911632385275,0.045543555,0.058714404,0.049891228,0.005,0.0131604388353707,0.066666667,0.0376012538590013,"110106B",0.618,0.208978517276253
"091029A",0.255272505,1.12123368,4.30368998,1.46,-11.34678749,1.064,2.11535,-5.619788758,1.59328606702046,21.45058625,0.065164051808975,1.25716496516634,18.5217474439524,2.1316,128.74958634322,1.132096,4.4747056225,31.5820256845432,2.53856049136152,460.127650468689,0.0535069670692151,0.02563352,0.034224003,0.026782025,0.002,0.0109670323640116,0.163636364,0.0146227099269182,"091029A",2.752,0.574262829707027
"201015A",-0.060480747,1.00289648058488,3.94558933139601,1.42,-10.9024366751031,0.893838780739246,1.78537,-5.958607315,2.10720996964787,22.33533151,0.00365792075767801,1.00580135076954,15.567675172026,2.0164,118.863125454633,0.798947765953423,3.1875460369,35.5050011343715,4.44033385618337,498.867033661599,0.0503781599007772,0.792650306326744,0.600805602788199,0.296979692713115,0.206065891225627,0.0169812114071368,0.58,0.0363046589885454,"201015A",0.426,0.154119525515847
"230414B",-0.22184875,2.06160972,4.8792574,1.6,-11.9505263,0.37,2.02038,-6.327902142,1.41463914673701,21.69224395,0.0492168678765625,4.25023463759848,23.8071527754548,2.56,142.815078846992,0.1369,4.0819353444,40.0423455187282,2.00120391548081,470.553447586312,0.148027729903839,0.11074106,0.069549,0.21988187,2.19,0.0924030812423339,0.3,0.144764827428965,"230414B",3.568,0.659726095237792
"220611A",-0.045757491,2.26249671,5.53,1.87,-12.4941008,0.32,1.90103,-6.173925197,1.75587485567249,20.42473959,0.00209374798261508,5.11889136276082,30.5809,3.4969,156.102554800561,0.1024,3.6139150609,38.1173523381515,3.08309650878289,417.169987319313,0.0942443169455569,0.22640221,0.81046481,0.50304248,0.35,0.0842660934455674,0.29,0.144764827428965,"220611A",2.3608,0.526442668529935
"130427A",1.037426498,1.36724751813773,4.00187858366462,0.98,-10.2190202134316,0.882797687387776,1.91015,-4.443697499,2.29556709996248,21.85427081,1.07625373875254,1.86936577585378,16.0150321983935,0.9604,104.428374122524,0.779331756857206,3.6486730225,19.7464474626189,5.26962831043015,477.609152636818,0.0352171865714314,0.800209833289482,0.593750092235234,0.27821644439571,0.203869550972458,0.0142275014568467,0.58,0.0167116683635139,"130427A",0.34,0.127104798364808
"021004A",-0.301029996,1.38042366840006,4.34876045948434,1.94,-10.8821151665748,0.874453048844571,1.83562,-5.958607315,2.74028371968188,20.87872913,0.09061905849176,1.90556950427908,18.9117175339745,3.7636,118.420430498598,0.764668134633566,3.3695007844,35.5050011343715,7.50915486435356,435.921330083911,0.0414232995600016,0.801493294569613,0.604160238291539,0.282992347811121,0.205179875229975,0.0924030812423339,0.58,0.072170148569444,"021004A",2.34,0.523746466811564
"141121A",-0.045757491,2.33322,5.76634,1.73,-12.65757732,0.82,1.93447,-5.27572413,2.74028371968188,21.59590717,0.00209374798261508,5.4439155684,33.2506769956,2.9929,160.214263611778,0.6724,3.7421741809,27.8332650958643,7.50915486435356,466.383206495257,0.0298708467608446,0.1675,0.090095,0.2969,0.01,0.0198648133335181,0.078787879,0.0877362591468426,"141121A",1.47,0.392696953259666
"140430A",0.397940009,0.875171,4.14388,2,-11.36251027,1.03,2.15785,-5.958607315,2.23954972084047,21.67796993,0.15835625076292,0.765924279241,17.1717414544,4,129.106639635855,1.0609,4.6563166225,35.5050011343715,5.01558295211664,469.934380285984,0.00923562857434798,0.0861,0.13071,0.0833725,0.035,0.0478561412739919,0.133333333,0.0210567021001345,"140430A",1.6,0.414973347970818
"160227A",-0.22184875,1.10229,4.47751,0.75,-10.99567863,0.679,1.72551,-5.508638306,2.50037371435337,21.4198963,0.0492168678765625,1.2150432441,20.0480958001,0.5625,120.904948534239,0.461041,2.9773847601,30.3450959863305,6.25186871142929,458.811957502754,0.10341864138488,0.03055,0.03885,0.03434,0.001,0.0169812114071368,0.309090909,0.0438681298090717,"160227A",2.38,0.528916700277655
"081228A",-0.301029996,1.31860701254099,3.40557852842782,2.25,-10.9094598298686,0.903443707562994,1.91138,-6.080398976,2.50037371435337,20.87872913,0.09061905849176,1.73872445352227,11.5979651132886,5.0625,119.016313779516,0.816210532735169,3.6533735044,36.9712517073418,6.25186871142929,435.921330083911,0.0207018675137275,0.810123861422879,0.594215247239936,0.28247724006834,0.212135852060068,0.0169812114071368,0.048484848,0.0438681298090717,"081228A",3.44,0.64738297011462
"170607A",0.041392685,1.21421089008294,3.90179079171089,1.87,-10.4593996920456,0.893382325199956,1.8473,-6.008773924,1.69731654173238,22.27524914,0.00171335437150922,1.47430808559601,15.2239713822799,3.4969,109.399041917964,0.798131978979681,3.41251729,36.1053640697424,2.88088344283838,496.186724249071,0.0148638654800828,0.811183549253754,0.602189810265504,0.284403601331187,0.207895866668234,0.0169812114071368,0.58,0.0167116683635139,"170607A",0.557,0.19228861256812
"090809A",0.041392685,1.6367,4.56066,1.34,-11.8559,0.96,1.94644,-6.468521083,0.732393759822969,21.91952315,0.00171335437150922,2.67878689,20.7996196356,1.7956,140.56236481,0.9216,3.7886286736,41.8417650012155,0.536400619427624,480.465495123386,0.0978170519847638,0.338,0.237865,0.319405,0.01,0.0387071730789222,0.145454545,0.0478561411902437,"090809A",2.737,0.572523097849638
"020124A",0.255272505,1.67742731448473,4.0031773974993,1.73,-10.8612354636977,0.913953368684594,1.95818,-5.22184875,2.14488541828714,22.33966406,0.065164051808975,2.81376239537947,16.0254292758493,2.9929,117.966435797886,0.835310760129917,3.8344689124,27.2677043678766,4.60053345758081,499.060590313656,0.032307204598357,0.795057747814627,0.607557132488903,0.294807201093904,0.218614018289814,0.0169812114071368,0.58,0.0363046589885454,"020124A",3.198,0.623042434246382
"170405A",0.278753601,1.81152426,3.6300738,1.59,-10.31069114,0.612,1.8473,-5.431798276,2.21669359916975,22.33533151,0.0777035700704672,3.28162014456855,13.1774357934464,2.5281,106.310351784474,0.374544,3.41251729,29.5044325111566,4.91373051260016,498.867033661599,0.0933217274145018,0.048255345,0.035670699,0.072401387,0.0475,0.0213412521852701,0.072727273,0.025067502542057,"170405A",3.51,0.65417654187796
"120907A",0.462397998,1.05329104,3.2113827,1.73,-10.37675071,0.78,1.82021,-6.173925197,1.22788670461367,21.0438101,0.213811908554408,1.10942201494428,10.3129788458593,2.9929,107.676955297485,0.6084,3.3131644441,38.1173523381515,1.50770575936703,442.841943524862,0.0352171865714314,0.04130341,0.062296694,0.028647271,0.005,0.0432133812541372,0.151515152,0.0363046588123045,"120907A",0.97,0.294466226161593
"091127A",1.667452953,1.39581701,3.98466812,2.05,-9.844663963,0.758,1.80187,-5.045757491,0.851258348719075,20.87872913,2.78039935046842,1.94830512540534,15.8775800265443,4.2025,96.9174085443909,0.574564,3.2467354969,25.4596686579826,0.724640776263927,435.921330083911,0.00919722887858148,0.018562516,0.021935207,0.013587309,0.00244132,0.00877362590591064,0.042424242,0.0152830902649864,"091127A",0.49,0.173186268412274
"060418A",0.814247596,1.47655,3.11887,1.7,-9.792961075,0.98,1.94118,-5.079354999,2.01325866528352,21.65363309,0.662999147591779,2.1801999025,9.7273500769,2.89,95.9020866164651,0.9604,3.7681797924,25.7998472058663,4.05321045333917,468.879825996343,0.190629725370006,0.04904,0.057245,0.044705,0.005,0.0079942161609691,0.036363636,0.0141293054922338,"060418A",1.489,0.396024896608593
"210610A",0.380211242,1.0816785,3.15453451,1.41,-10.4044334,0.88,1.83562,-6,1.13417710757677,21.35337952,0.144560588543183,1.17002837736225,9.95108797478094,1.9881,108.252234375036,0.7744,3.3695007844,36,1.2863577113512,455.966816925155,0.100484314152503,0.85146569,1.28215864,0.07850685,0.195,0.0434294481903252,0.19,0.0723824136024763,"210610A",3.54,0.657055852857104
"060115A",-0.060480747,0.889919,3.69688,1,-11.29499204,1,2.10553,-5.76700389,2.14488541828714,21.43355223,0.00365792075767801,0.791955826561,13.6669217344,1,127.576845183663,1,4.4332565809,33.2583338672751,4.60053345758081,459.397161196138,0.0469357822433229,0.0812,0.123015,0.053884,0.085,0.0230884892235729,0.303030303,0.0363046589885454,"060115A",3.53,0.656098202012832
"080905B",-0.301029996,1.36946226,3.67820615,1.78,-10.11125904,0.375,1.86248,-5.744727495,2.10720996964787,22.33533151,0.09061905849176,1.87542688156431,13.5292004818978,3.1684,102.237559373982,0.140625,3.4688317504,33.001893991809,4.44033385618337,498.867033661599,0.095199838533423,0.03236457,0.038825489,0.033301752,0.00558525,0.0292454196637412,0.090909091,0.0526417557651133,"080905B",2.374,0.528145078253106
"230506C",0.380211242,1.14181,4.25859,1.89,-11.4531,1.11,2.08995,-5.769551079,1.49136169383427,20.96124782,0.144560588543183,1.3037300761,18.1355887881,3.5721,131.17349961,1.2321,4.3678910025,33.2877196531901,2.22415970183623,439.373910171455,0.0886038540634792,0.1023,0.11841,0.11299,0.29,0.0510934685037089,0.17,0.0904780170030954,"230506C",3.7,0.672097857935718
"201020A",0.322219295,1.55158826,3.96908872,2.25,-11.0900559,0.99,2.0761,-6.036212173,1.15136985024746,20.93258486,0.103825274070297,2.40742612856983,15.7536652672312,5.0625,122.989339865125,0.9801,4.31019121,36.4358573974734,1.32565253205886,438.173108921101,0.145589617977987,0.04915322,0.04826492,0.08306159,1.04,0.0330441453884962,0.14,0.0413613792035401,"201020A",2.903,0.591398551281249
"101225A",0.041392685,1.09845202556265,4.33965836266045,1.2,-11.3830409423648,0.879270276665013,2.11696,-5.958607315,1.39445168082622,21.85427081,0.00171335437150922,1.20659685246269,18.8326347046088,1.44,129.573621095554,0.773116219426568,4.4815196416,35.5050011343715,1.94449549015906,477.609152636818,0.0148638654800828,0.803047579016434,0.626875395809749,0.289416731147948,0.21009989795125,0.0169812114071368,0.58,0.0363046589885454,"101225A",0.33,0.123851640967086
"070612A",-0.017728767,1.99851301652256,4.27312134517268,2.56,-10.6663754958367,0.892623434318423,1.94644,-5.869666232,2.33525725643453,21.12319546,0.000314309179340289,3.99405427721011,18.2595660305704,6.5536,113.771566218186,0.796776595494417,3.7886286736,34.4529816750811,5.45342645373014,446.189386441365,0.0148638654800828,0.803214113356137,0.617499792550398,0.392925159057942,0.207522072241368,0.0142275014568467,0.58,0.105283510661638,"070612A",0.671,0.222976449893391
"170903A",0.591064607,0.971187,4.41384,1.94,-11.26042766,1.14,2.20256,-5.619788758,1.46538285144842,21.73970839,0.349357369648064,0.943204188969,19.4819835456,3.7636,126.797231086093,1.2996,4.8512705536,31.5820256845432,2.1473469013191,472.614920882236,0.0534696644965983,0.04095,0.065935,0.051271,0.005,0.0219340647280231,0.072727273,0.0337447149872822,"170903A",0.886,0.27554168840131
"060206A",0.445604203,1.17565,3.93814,1.2,-10.63078414,1.265,2.20424,-6.080398976,0.880813592280791,22.33966406,0.198563105731265,1.3821529225,15.5089466596,1.44,113.013571431276,1.600225,4.8586739776,36.9712517073418,0.775832584346592,499.060590313656,0.110491399420861,0.07055,0.07444,0.02867,0.013041887,0.0133029706675924,0.181818182,0.0160378107849136,"060206A",4.048,0.703119346236078
"140629A",0.62324929,1.16056,2.85608,1.86,-9.847711656,0.815,1.95996,-5.619788758,1.6232492903979,21.74269921,0.388439677485504,1.3468995136,8.1571929664,3.4596,96.9774248597183,0.664225,3.8414432016,31.5820256845432,2.63493825877729,472.744968936535,0.11934296985134,0.042785,0.06161,0.03501,0.001678552,0.0219340647280231,0.066666667,0.025067502542057,"140629A",2.275,0.515211304327802
"050603A",-0.15490196,1.62836806861954,4.00295939274777,1.53,-10.4465321368292,0.894407944184106,1.83562,-6.173925197,1.94398887507377,20.99187128,0.0239946172118416,2.65158256689974,16.0236838999876,2.3409,109.130033685806,0.799965570619639,3.3695007844,38.1173523381515,3.77909274641059,440.658659836089,0.0148638654800828,0.77639928355529,0.588269106710906,0.286431881008206,0.207291014516553,0.0169812114071368,0.58,0.0167116683635139,"050603A",2.82,0.582063362911709
"140614A",-0.301029996,1.35595,3.70006,1.5,-10.9589,0.83,1.77015,-5.886056648,2.85733249643127,21.12319546,0.09061905849176,1.8386004025,13.6904440036,2.25,120.09748921,0.6889,3.1334310225,34.645662863465,8.16434899516215,446.189386441365,0.0965452753437635,0.1129,0.098945,0.093145,0.05,0.0809873160298533,0.278787879,0.072170148569444,"140614A",4.233,0.718750734739665
"160425A",1.255272505,1.17507550516593,3.708892723604,2.25,-10.7262145696738,0.916263742546815,1.78537,-5.619788758,1.6232492903979,21.73970839,1.57570906180898,1.38080244284096,13.7558852352027,5.0625,115.051678994682,0.839539245905896,3.1875460369,31.5820256845432,2.63493825877729,472.614920882236,0.0534696644965983,0.803348619258497,0.622853017172009,0.29976878649983,0.21671209594259,0.0169812114071368,0.58,0.0337447149872822,"160425A",0.555,0.191730393362856
"090313A",0.933487288,1.21290174467775,3.64480008799828,1.15,-10.2983452978499,0.892512606184269,1.91015,-5.431798276,0.880813592280791,21.52730245,0.871398516857595,1.47113064224233,13.2845676814723,1.3225,106.055915873746,0.796578752197835,3.6486730225,29.5044325111566,0.775832584346592,463.424750773776,0.0207018675137275,0.788630571238245,0.599848985167073,0.279380519941551,0.211886031836454,0.0169812114071368,0.58,0.0167116683635139,"090313A",3.38,0.6414741105041
"190829A",1.255272505,1.03996,4.0838,2.56,-9.56068,1.16,2.0913,-5.193820026,1.76492298464989,22.04910001,1.57570906180898,1.0815168016,16.67742244,6.5536,91.4066020624,1.3456,4.37353569,26.9757664624786,3.11495314174547,486.162811250982,0.0660733688053005,0.013585,0.0191599999999998,0.0096749999999999,0.075,0.0475009589564058,0.21,0.0651441723009837,"190829A",0.0785,0.0328201494385639
"071003A",0.799340549,1.97901,4.78411,1.36,-11.67760082,0.837,1.91015,-5.080921908,2.17609125905568,20.86974084,0.638945313275621,3.9164805801,22.8877084921,1.8496,136.366360911265,0.700569,3.6486730225,25.8157674351944,4.73537316773854,435.546082728764,0.0130126209875294,0.1359,0.098505,0.183105,0.032,0.00951357025803561,0.042424242,0.0167116683635139,"071003A",1.60435,0.415699348887829
"211024B",-0.045757491,1.92622006,3.43921565,1.63,-8.56429146,1.07,2.08,-5.167491087,2.78067727443337,20.98677173,0.00209374798261508,3.7103237195464,11.8282042872049,2.6569,73.3470882118289,1.1449,4.3264,26.7029641342244,7.73216610455018,440.444587647127,0.0148638654800828,0.01916437,0.01167528,0.00965772,0.055,0.0191600506592421,0.09,0.096509884965017,"211024B",1.1137,0.325043347403704
"100704A",0.633468456,1.01294211,3.62503495,1.73,-10.35163999,1.29,2.11575,-5.22184875,2.29556709996248,21.52730245,0.401282284747024,1.02605171821125,13.1408783887215,2.9929,107.156450482567,1.6641,4.4763980625,27.2677043678766,5.26962831043015,463.424750773776,0.0511462885027281,0.04763446,0.053639373,0.01813996,0.01,0.00877362590478576,0.036363636,0.0122422686602628,"100704A",3.6,0.662757831681574
"060912A",0.933487288,1.045731532,2.455171016,1.74,-10.1079054,0.63,1.8948,-5.869666232,0.698970004336019,21.36738202,0.871398516857595,1.09355443701907,6.02786471780647,3.0276,102.169751575349,0.3969,3.59026704,34.4529816750811,0.488559066961494,456.565014388619,0.0503781599007772,0.147419953,0.156564864,0.028937785,0.0785,0.0120881068052489,0.054545455,0.0134978860076092,"060912A",0.937,0.287129620719111
