GRB,InvZphot,InvZspec,Dlogz,Zphot,Zspec,Dz,normDz,SD,z_SD,pred_max,pred_min,linpred_max,linpred_min,InvZphot_corrected,Zphot_corrected,pred_max_corrected,pred_min_corrected,linpred_max_corrected,linpred_min_corrected
000926A,0.44,0.4829,0.0429,1.75422870333817,2.04018491662944,0.285956213291276,0.0940588224509404,0,0,0.459921959351739,0.413784281692398,1.88351330297315,1.59289112787784,0.5358317713117686,2.4342489276621144,0.5471125935844159,0.5209871039898252,2.5246223725704984,2.3188460237154467
011211A,0.4936,0.4969,0.0033,2.11601830310546,2.13978564827282,0.0237673451673577,0.0075697349532226,0,0,0.516084051923403,0.470167188593599,2.28158797740398,1.95234556048023,0.5661828057225036,2.6828396121690763,0.5789144145586969,0.5529139612199674,2.7924024158375547,2.572020652646205
030329A,0.2624,0.0682,-0.1942,0.829784734295414,0.170038089423047,-0.659746644872367,-0.563867664511411,0,0,0.295361274860721,0.233004400497292,0.974064210389945,0.710032641941538,0.2019937144339066,0.5921856831001577,0.2341713537201098,0.1732969786008212,0.7146336939693378,0.4903798786655964
050315A,0.4221,0.4697,0.0476,1.64301726447765,1.94917130750827,0.306154043030621,0.103810193138386,0,0,0.462932670380328,0.405549602014706,1.90357247240296,1.5441903557925,0.3578969377079058,1.279800988917955,0.3977588345593641,0.3417400160274122,1.4989572954793284,1.196544550195509
050318A,0.4512,0.3874,-0.0638,1.82618117981016,1.44005715942821,-0.38612402038195,-0.158243842317379,0,0,0.470019003203386,0.428060238999008,1.95133836405705,1.67953996576352,0.3863051017484404,1.4339132880265364,0.4046766938474486,0.3637154754125317,1.5390818079301871,1.3105505553280818
050319A,0.4323,0.6274,0.1951,1.70582683764883,3.24033335385019,1.53450651620136,0.36188346248958,0,0,0.465709542777193,0.408654832581434,1.92219735134247,1.56244665242506,0.5314716413684354,2.3999430407596485,0.5503898164146576,0.51808255013768,2.5513200754687104,2.296723699232401
050401A,0.418,0.5911,0.1731,1.61818300821899,2.90031784475066,1.28213483653167,0.328725731482952,0,0,0.445427800453837,0.402636049863284,1.78886698093807,1.52717926645979,0.5233742571879594,2.3371386982415547,0.5389052668033546,0.5146744105595212,2.4586392586796935,2.2709538038087453
050416A,0.2374,0.2182,-0.0192,0.727428179673534,0.65272272994873,-0.0747054497248039,-0.0452014414584359,0,0,0.279706440597884,0.203809284847894,0.904173165566027,0.598855756323508,0.1775880752238254,0.5051787391500933,0.2188887042436131,0.144795960231389,0.6553456970612934,0.3957124748531861
050502A,0.5262,0.6803,0.1541,2.35892262734495,3.78960832497788,1.43068569763293,0.298706199037588,0,0,0.556509090439508,0.500151467224954,2.6017128924495,2.16338074799853,0.6854159528787241,3.84636313991458,0.7032881054599116,0.6700560939875169,4.04996194548836,3.677955584114126
050502B,0.5262,0.6806,0.1544,2.35892262734495,3.79291801219085,1.4339953848459,0.299190468353207,0,0,0.547560308917901,0.511232752544895,2.52825778868255,2.24513488091706,0.6854159528787241,3.84636313991458,0.6980113391020073,0.6765903191708467,3.9889751312848896,3.748870417798994
050505A,0.6212,0.7218,0.1006,3.18022828954033,4.26987118996723,1.08964290042691,0.206768412575504,0,0,0.675541219979657,0.591436243667977,3.73741270014234,2.90333875578829,0.7414339484896926,4.513583403430698,0.7734769613561672,0.7238833593152378,4.935768590310355,4.295212085794915
050525A,0.2848,0.2068,-0.078,0.926637459524081,0.609904076215706,-0.316733383308375,-0.196740531307244,0,0,0.304199146544048,0.251757424975919,1.01464785861511,0.78549001149055,0.2238611671661395,0.6744075252181578,0.2427991100276407,0.1916041605817489,0.7490374557702093,0.5545480867054906
050603A,0.3335,0.5821,0.2486,1.15526164356616,2.82032226884411,1.66506062527795,0.435842975567016,0,0,0.349120027068704,0.314400012096777,1.23418960616711,1.06252875529596,0.4755260779396923,1.9890011211503764,0.4843709282952679,0.4647106975274658,2.050499290339699,1.9154842359385904
050730A,0.4858,0.6961,0.2103,2.06055367205366,3.96706679223423,1.90651312018056,0.383830779799721,0,0,0.523810012282657,0.446460664866802,2.34048874072903,1.79550752003356,0.6615935631662702,3.5876847092527813,0.6840066652844042,0.6383966083996397,3.8306621578583906,3.3490721083375634
050801A,0.4408,0.4082,-0.0326,1.75930685581751,1.559764430599,-0.199542425218512,-0.0779534330711118,0,0,0.466152600976612,0.41137402106943,1.92518003749263,1.57854087999356,0.3761523558370466,1.377674257658242,0.4009022131359405,0.3474259628297289,1.517110104953626,1.2254916175744848
050802A,0.467,0.433,-0.034,1.93089324525032,1.71019163189084,-0.220701613359478,-0.0814339512979381,0,0,0.480706612102205,0.451363120499913,2.02486928545766,1.82724288953478,0.4017294657292118,1.5219093147015603,0.4151102109195698,0.3864643441511862,1.6008194894420955,1.4348058926580096
050820A,0.4484,0.5581,0.1097,1.80801872811664,2.61493089917358,0.806912171056939,0.223216485615648,0,0,0.489419900162883,0.427571586451332,2.08617039013537,1.67652673916978,0.5405882767044957,2.4720684358394904,0.5638158215061483,0.5287941741609016,2.6628220630990485,2.3790465458862164
050824A,0.186,0.2619,0.0759,0.534616982799294,0.82767932897041,0.293062346171115,0.160346698420125,0,0,0.232465062997575,0.13300945955618,0.707910320968456,0.358343032922762,0.1274100810078983,0.3409422697529978,0.1727704635435988,0.0756793605431346,0.4885741178199363,0.1903628390743079
050904A,0.7451,0.863,0.1179,4.56032273693866,6.29457510254569,1.73425236560703,0.237745494593894,0,0,0.785548540377565,0.683770797676803,5.10307265868747,3.82803931224646,0.8144932080286292,5.523688384621277,0.8383442202111611,0.7783296397489972,5.891983359908117,5.002465046392964
050922C,0.345,0.5049,0.1599,1.21309470960564,2.19815862166661,0.985063912060969,0.308009710771518,0,0,0.380418076939355,0.295981583844088,1.40114328593571,0.976885808954171,0.4820379603225926,2.0341563787252253,0.5020934691276006,0.4542812507049095,2.1775578730380465,1.8463037875289925
051016B,0.3694,0.287,-0.0824,1.3409923796904,0.936421963946607,-0.404570415743789,-0.2089267852133,0,0,0.391296326095025,0.355085560764519,1.46204692529928,1.26509051125102,0.3064498502530545,1.025115744986239,0.3278256036411132,0.2924757286740233,1.127284636800982,0.960991578882384
051109A,0.5083,0.5245,0.0162,2.22329459545515,2.34580017853301,0.122505583077861,0.0366147338576491,0,0,0.532075762231041,0.489868769167521,2.40467578743802,2.0893617785209,0.5745066901597761,2.7541073750312735,0.5879697307869363,0.5640699938681946,2.8723065499619453,2.6649663699220034
051111A,0.5071,0.4065,-0.1006,2.21440059652438,1.54976408779928,-0.6646365087251,-0.260665883524445,0,0,0.526778005386876,0.493244716978795,2.3633960157673,2.11347022631185,0.4408761110221821,1.7597904725287643,0.4600862830160274,0.4273502294794184,1.884604542084558,1.6751628791252249
060115A,0.5853,0.6561,0.0708,2.84857540415743,3.5300187543224,0.681443350164975,0.150428372843879,0,0,0.602379469650524,0.575139736721466,3.00294358664899,2.75958351569157,0.7202650427798635,4.251278393628454,0.7303361760000815,0.7142739103194087,4.374476595721625,4.179333904903444
060124A,0.4659,0.518,0.0521,1.92347914438769,2.29609712177458,0.372617977386888,0.113048239666638,0,0,0.476172484732072,0.451670568290119,1.99345328276999,1.82924507321925,0.5504976629393439,2.5522020693741583,0.5563144640137258,0.5424402380984521,2.6000991683803463,2.486905986140719
060206A,0.5598,0.7031,0.1433,2.62910889640948,4.04777513500947,1.4186662386,0.281047828133361,0,0,0.608865603710735,0.518335172818303,3.06317571122297,2.29864191252197,0.7052286334316561,4.072576827522758,0.7341608099928926,0.6807783544098259,4.4220161894308,3.79488675380258
060210A,0.5511,0.6911,0.14,2.55713215134588,3.91020924883086,1.35307709748498,0.27556403992501,0,0,0.579263310424208,0.528445833201037,2.79545031353522,2.37633735099336,0.7000985643599148,4.013009923946677,0.7167054296202687,0.6867402378723941,4.208413184764033,3.861163606614901
060223A,0.7265,0.7332,0.0066999999999999,4.32721224322962,4.41003406863468,0.0828218254050563,0.015308928623061,0,0,0.778772473735696,0.689950194915104,5.00858865900792,3.89722654535547,0.8035254741511133,5.361001150861858,0.8343486236700679,0.7819734023529296,5.828866516506808,5.053038027887002
060306A,0.3736,0.4081,0.0345,1.36374160811629,1.55917509090989,0.1954334827936,0.0763658115803696,0,0,0.399799268731325,0.33886478479559,1.51072570378905,1.18205043664029,0.3105499976403482,1.044325272993185,0.3361263936493354,0.2766405924338138,1.1683350681794715,0.8907782262742163
060502A,0.5044,0.3984,-0.106,2.19447872420869,1.50264932573108,-0.691829398477612,-0.276438808811344,0,0,0.53127177179416,0.493954796061927,2.39837869018327,2.11856496851531,0.4382403019874933,1.7430915479187243,0.4644732126812497,0.4280434268359602,1.9138904002324089,1.6794362389313084
060510B,0.5514,0.7709,0.2195,2.55959018006083,4.90065196995666,2.34106178989583,0.396746292073387,0,0,0.596460082620632,0.516817533403337,2.94875403433769,2.28713494572438,0.7002754632934232,4.015052263367834,0.7268457318247119,0.679883458429967,4.331454802559381,3.785016706613402
060512A,0.394,0.1584,-0.2356,1.47742205763329,0.44012437117557,-1.03729768645772,-0.720283405530434,0,0,0.42027567772477,0.371785926303883,1.63193814086767,1.35388871222954,0.3304649992357745,1.1402524320875784,0.3561159876578187,0.3087790525152309,1.2704711489440652,1.0360059953409038
060526A,0.579,0.6254,0.0464,2.79314984973682,3.22085079179884,0.427700942062026,0.101330504952474,0,0,0.607910782379717,0.559697294280466,3.05425239914587,2.62825075478844,0.6145406105485628,3.1166183969034575,0.630911359631549,0.603610441042707,3.2747562862025177,3.0143056903689507
060707A,0.5336,0.6459,0.1123,2.41664612813823,3.42486474355665,1.00821861541842,0.227852979435487,0,0,0.565458321118956,0.506432663019991,2.67670106689984,2.20946514086433,0.5888328314021566,2.880009879334149,0.6068726261885313,0.5734493093960319,3.0445725142154823,2.744978333117448
060708A,0.4921,0.4654,-0.0267,2.10527452169776,1.92011530139416,-0.185159220303603,-0.0634081880996965,0,0,0.504612657485242,0.481939794030983,2.1960433219381,2.03347062693203,0.4262327274961334,1.6682881500223077,0.4384479036618989,0.4163140746489357,1.7444031154220871,1.6080389591839888
060714A,0.5838,0.5695,-0.0143,2.83530582456859,2.71107729492926,-0.124228529639334,-0.0334750585252097,0,0,0.602802764534299,0.568511978490562,3.00684704762819,2.70264417705042,0.6172586136301212,3.142462767163189,0.6280189412472781,0.6086017616356247,3.2463808363718325,3.060708005137503
060729A,0.347,0.1875,-0.1595,1.2233098906514,0.539926526059492,-0.683383364591911,-0.443776604290736,0,0,0.384763128871606,0.314390803934124,1.4252869441492,1.06248502483262,0.2845823975208216,0.9256723630453698,0.3214477294681905,0.2527484665562388,1.09627246331516,0.7895690762936418
060814A,0.4446,0.4658,0.0212,1.78355623757743,1.92280606593193,0.139249828354503,0.0476425138080804,0,0,0.470788741926404,0.421653156789367,1.95657392179223,1.64029927701029,0.3798620129969789,1.3980708665422394,0.4054281324698488,0.3574607179406185,1.543478860613742,1.2775122309116829
060906A,0.6785,0.6708,-0.0077,3.76979814119221,3.68597535308626,-0.0838227881059552,-0.0178880130154223,0,0,0.704631750624724,0.655225288231507,4.06561000119736,3.52090403339948,0.775221644789782,4.959662208585596,0.7906305741771789,0.761497405824582,5.1749091766168975,4.774274235508851
060908A,0.5478,0.4599,-0.0879,2.5302056037666,1.88336750678026,-0.646838096986343,-0.224334253426002,0,0,0.576136715567756,0.515539388494398,2.76822403716485,2.27747500634816,0.4806084916561944,2.0241859518901832,0.5082715179180084,0.4491148578521016,2.2230832109351795,1.8126445920968548
060912A,0.3467,0.2871,-0.0596,1.2217746129152,0.9368678929189,-0.2849067199963,-0.147096619773556,0,0,0.366603979730639,0.329369713371528,1.32596930785,1.13486153994544,0.2842895298503007,0.9243742183786134,0.3037203037763306,0.2673712609358293,1.0124277799247632,0.8508501604600889
060926A,0.6524,0.6232,-0.0292,3.49158890105932,3.19952334664066,-0.292065554418659,-0.0695473105661605,0,0,0.691462584915097,0.608117171561953,3.9143104089509,3.05617955394132,0.6561034076707262,3.5300542990357338,0.6782226214567405,0.6310282276384902,3.766752702439213,3.275906771627966
060927A,0.6751,0.8109,0.1358,3.73260218609004,5.46993622808681,1.73733404199677,0.268524136985275,0,0,0.709875630485455,0.638745997558315,4.12714536191352,3.35257233709315,0.7732167902100209,4.932213736863185,0.7937226966932092,0.751780176007711,5.219030642674745,4.646510967220064
061007A,0.436,0.3541,-0.0819,1.72897778280804,1.25995608443438,-0.469021698373666,-0.207535757709669,0,0,0.478479599435167,0.410703565234554,2.00939780199083,1.57456324708832,0.371466473108711,1.3521579032706272,0.4129361442128493,0.3467714467012377,1.5878323894263917,1.2221401518099313
061121A,0.3423,0.3644,0.0221,1.19937862509677,1.31419526151125,0.114816636414486,0.0496140659883239,0,0,0.360773184380089,0.315296298214671,1.29494976940982,1.06678974604039,0.2799941373493264,0.905434995842366,0.2980281322709968,0.2536324332249517,0.9862235746911868,0.793215289864664
061222A,0.5005,0.4897,-0.0107999999999999,2.16592046343224,2.08816146918451,-0.0777589942477253,-0.0251797048255573,0,0,0.539327333282577,0.472391439008048,2.46200215027198,1.96750486081721,0.5700899351522437,2.7161217582059054,0.5920759375503142,0.5541734444450985,2.9090924134213174,2.582394788507729
070110A,0.5103,0.5253,0.015,2.23817264731325,2.35196905022163,0.113796402908374,0.0339491210101866,0,0,0.523780202070157,0.499609320871872,2.34025945561074,2.15943424305051,0.5756391914437587,2.763909662970254,0.5832723645201578,0.569585587524133,2.8306490427697293,2.7118087184911817
070125A,0.4185,0.4065,-0.012,1.62119903863524,1.54976408779928,-0.0714349508359606,-0.0280162981264736,0,0,0.447874027855764,0.398097177392037,1.80462000744122,1.50090489960854,0.3543825256616541,1.2614267531694896,0.3830582027014403,0.3344647685641647,1.4157845681614036,1.1600547967230406
070223A,0.5183,0.4199,-0.0984,2.29837477158568,1.62966242003022,-0.668712351555458,-0.254295892302318,0,0,0.543910278366632,0.478873995893806,2.49872878730303,2.01213197195404,0.4518098373882985,1.8301524980451205,0.4768112459437293,0.4133211641198605,1.9978592993715745,1.5901276264560118
070306A,0.6029,0.3972,-0.2057,3.00774425280431,1.49574379483157,-1.51200045797274,-0.605831600625007,0,0,0.635456328840653,0.56796917350091,3.31972727742363,2.69801930072005,0.5343985204752135,2.422933962122852,0.5661808411028031,0.5002981545213441,2.6828229521303424,2.164449391885444
070411A,0.652,0.5966,-0.0554,3.48745389933132,2.95002641597884,-0.537427483352485,-0.136056680830907,0,0,0.714320350305491,0.594882865042471,4.17988777115094,2.93443944115937,0.6558769074139297,3.5276923280966264,0.6911658457835381,0.6235342930755237,3.910953769196517,3.202757124824097
070508A,0.4121,0.2601,-0.152,1.58285484647637,0.820119908460103,-0.762734938016268,-0.419057521689092,0,0,0.442902259367502,0.398337344720417,1.77269602220965,1.50228829677658,0.3481346820238734,1.2291263316615115,0.3782046351830173,0.3346992260508244,1.3889366606376274,1.161221235090545
070521A,0.5275,0.4895,-0.038,2.36899215741491,2.08673964568386,-0.282252511731047,-0.0914403364487565,0,0,0.541783633198232,0.513242704405787,2.48163815572836,2.26018844933615,0.5853787024860095,2.8492729030001316,0.593466818954477,0.5773054997027263,2.921631830656229,2.7783788339128916
070721B,0.5964,0.6652,0.0688,2.94820778037883,3.6259400476616,0.677732267282775,0.146506928386451,0,0,0.656602281012616,0.518015797976818,3.5352609546658,2.29621702339706,0.7268103033196713,4.331019895423655,0.7623093676726713,0.680590030846999,4.785079981690376,3.7928079928685423
070802A,0.6296,0.5378,-0.0918000000000001,3.2618680542416,2.44984831362751,-0.812019740614099,-0.235378389654548,0,0,0.661301667007368,0.607466316761707,3.58460229011756,3.05010531899925,0.6431928930333239,3.397368823602193,0.6611439823284413,0.6306596806900079,3.5829380039106615,3.272279730538745
070810A,0.5597,0.5011,-0.0586,2.62827335940335,2.17029736695272,-0.457975992450625,-0.144458370758712,0,0,0.58576871378988,0.529341114277142,2.85273123438509,2.38330471730126,0.6036119731581302,3.014319852166456,0.618373399077538,0.5864212346274207,3.1531096654470474,2.85852425519659
071003A,0.4406,0.4157,-0.0249,1.75803644059724,1.60435390455169,-0.153682536045546,-0.0590098510716811,0,0,0.463029542719711,0.413561810404442,1.90422020623857,1.59156323601814,0.3759571107233659,1.3766055704787363,0.3978534038139408,0.3495617387168475,1.4995015120665651,1.2364631086993954
071010B,0.3524,0.2894,-0.063,1.25112701591288,0.9471526498539,-0.303974366058979,-0.156112242192099,0,0,0.368735019707905,0.334761658330702,1.3374106565286,1.16153194515845,0.2898540155901992,0.9491892861644032,0.3058006794894271,0.2726350154683981,1.0220909221264844,0.8734194097475816
071020A,0.2775,0.4976,0.2201,0.894523514356592,2.14485046547696,1.25032695112037,0.397579142425374,0,0,0.325748026977652,0.250709563004037,1.11713244120319,0.781187189617792,0.4438160419881781,1.7785360889921198,0.4711365182390884,0.4286459398399859,1.958942448732771,1.6831561009563565
071112C,0.4464,0.2601,-0.1863,1.79511705399184,0.820119908460103,-0.974997145531741,-0.53567742487726,0,0,0.468792047975344,0.413765714602219,1.94301210202595,1.59278027817489,0.3816192190201048,1.407793396369394,0.4034789087825479,0.3497607952082222,1.532088663123382,1.2374884142400542
071117A,0.4439,0.3675,-0.0764,1.7790732888091,1.33077311528264,-0.448300173526464,-0.192339687885966,0,0,0.471238618861124,0.423879280778331,1.95963816417994,1.65386777368682,0.3791786550990967,1.3943004938119157,0.4058673138361573,0.359633917097081,1.5460522608461282,1.2889374092320058
080310A,0.4235,0.534,0.1105,1.65155109300921,2.41979442513709,0.768243332127879,0.224646056640402,0,0,0.455367557122026,0.374746889385939,1.85343219556098,1.36999205103075,0.5264886357189117,2.3611557372039575,0.5445336603979541,0.4988821555346255,2.503754434240016,2.154148638761005
080319B,0.3635,0.2871,-0.0764,1.30940445891927,0.9368678929189,-0.372536566000371,-0.192339687885966,0,0,0.411645596188705,0.291598875523964,1.58015380985846,0.957036274312355,0.3006901193994753,0.9984354242534366,0.3476910814049073,0.2304984032890242,1.2268506016715692,0.7001937027617924
080319C,0.5378,0.4698,-0.068,2.44984831362751,1.94985045748424,-0.499997856143266,-0.169499391019871,0,0,0.560254008791743,0.506899942733356,2.632904728349,2.21292022748133,0.4708462359721619,1.9569653535411489,0.4927664134678128,0.4406808100033395,2.1100431415598533,1.7585496814513513
080330A,0.4269,0.3997,-0.0272,1.6723909970469,1.51015188099533,-0.162239116051574,-0.0646331870513121,0,0,0.454169081142038,0.401017614490223,1.84556873921926,1.5177790439423,0.3625828204362414,1.304532411024259,0.3892035946739619,0.3373157739303273,1.4502116173029815,1.1742815164082856
080411A,0.1656,0.3075,0.1419,0.464198642935277,1.03001851985968,0.565819876924407,0.27872646056624,0,0,0.18216684164298,0.154778877644309,0.521131786255895,0.428166617987904,0.107495079412472,0.2808405824386999,0.1236680538120367,0.0969312230900264,0.3294378945045866,0.250061049013951
080413B,0.3618,0.3222,-0.0396,1.30038220828702,1.09990670376243,-0.200475504524594,-0.0954687673339963,0,0,0.380976504160067,0.331126011385137,1.40423272468313,1.14351245519039,0.2990305359331898,0.9908133113047796,0.3177511296068385,0.2690858039624503,1.0785052681814444,0.8581715394975047
080516A,0.4964,0.6232,0.1268,2.13617291651299,3.19952334664066,1.06335043012767,0.253207410069117,0,0,0.557186162147902,0.429208747416444,2.60733239698475,1.68663549005109,0.5677683075200793,2.69630932153921,0.6021885108605176,0.5297212176084394,3.0011838838023266,2.386267150352245
080603A,0.4733,0.4298,-0.0435,1.97371949506929,1.69029559170462,-0.283423903364675,-0.105350469382843,0,0,0.488722043898931,0.441745330673354,2.08121528711157,1.76531959256184,0.4078796868101523,1.5578771765563126,0.4229350803813261,0.3770752118109706,1.6481042625920606,1.3827320789707809
080603B,0.4422,0.5669,0.1247,1.76821616257459,2.68892648118996,0.92071031861537,0.2495876031442,0,0,0.458747320926555,0.416565483649149,1.8757247878997,1.60954916554395,0.5370775227241495,2.4441140363142027,0.5464474538220477,0.522561961383343,2.519228400842771,2.33090281361516
080810A,0.474,0.6385,0.1645,1.97851642942919,3.35010760630697,1.37159117687778,0.315300516908867,0,0,0.488934957029617,0.45196556084996,2.0827262250962,1.83116747793955,0.5550842931394736,2.589916053275565,0.5635412221456071,0.5426072778248447,2.660506835241781,2.48824738897395
080928A,0.5204,0.4301,-0.0903,2.31436245009259,1.69215462407529,-0.622207826017302,-0.23111890396378,0,0,0.534744936167984,0.503724090389983,2.42566536011637,2.18951089794715,0.4538599110819454,1.8435437271110051,0.4678638045462439,0.4375804617442653,1.9367285447050369,1.7389270283063305
081007A,0.3929,0.1845,-0.2084,1.47115507501822,0.529325746418779,-0.94182932859944,-0.615846120949001,0,0,0.414936126783342,0.370221368992387,1.59977717667496,1.34542402242491,0.3293911511105309,1.134966924047693,0.3509033815050051,0.3072516916645163,1.2433827777213025,1.0288581863378568
081008A,0.4986,0.4725,-0.0261,2.15210009451928,1.96824674346324,-0.183853351056037,-0.0619400497822237,0,0,0.522307804785319,0.46708577563023,2.32895408228859,1.93147217050437,0.4325781936907545,1.7075606499074492,0.4557223588928958,0.4018132020925882,1.8557642916336237,1.5223956111738235
081028A,0.4992,0.6062,0.107,2.15645789129907,3.03831321348852,0.881855322189445,0.21837219541167,0,0,0.51955231127874,0.463628691740476,2.30789953696873,1.90822960908371,0.569353809317655,2.7098282953600448,0.5808783186452489,0.5492115331792282,2.809590706894177,2.5416980567976313
081029A,0.6028,0.6856,0.0828,3.00682154182211,3.84841738708446,0.841595845262352,0.173581558284204,0,0,0.634413139997912,0.573252284415846,3.30936361016114,2.74327974617256,0.7305841472345155,4.377546163025394,0.7492252497361152,0.713160949319702,4.613390427909446,4.166077883902461
081203A,0.5262,0.4914,-0.0348,2.35892262734495,2.10027344199819,-0.258649185346763,-0.0834278621501392,0,0,0.548335341731691,0.512723581574456,2.53455986505563,2.25629379438329,0.5846425766514208,2.8427539411428904,0.5971767281176883,0.5770115460662129,2.9552753995093357,2.7758222911758463
081228A,0.5034,0.6474,0.144,2.1871316270228,3.44017410806895,1.25304248104615,0.282205708728638,0,0,0.538234594033252,0.485181222356168,2.45330226932883,2.05619613638167,0.5717320620140186,2.7301995212624948,0.5914571732488547,0.5614156674769015,2.9035268705724993,2.642635094883667
081230A,0.5088,0.4914,-0.0174,2.22700768751553,2.10027344199819,-0.126734245517342,-0.040878408917266,0,0,0.537008815398645,0.47127920318836,2.4435692051994,1.95991475193603,0.5747898154807718,2.75655555117116,0.5907630753100692,0.5535436401981545,2.8972931602937027,2.5772034439582594
090102A,0.4207,0.406,-0.0147,1.63451090146603,1.54683025258504,-0.0876806488809927,-0.0344273627156724,0,0,0.446524209928424,0.392565139828071,1.79591658278169,1.46925043999851,0.3565302219121413,1.2726377792777828,0.3817404759280819,0.3290642520488539,1.408465756615089,1.1333605115489287
090205A,0.5532,0.752,0.1988,2.57437406264481,4.64936974812302,2.07499568547822,0.367296845133499,0,0,0.566983535273674,0.54293892386238,2.68963610365655,2.4909121827962,0.7013368568944731,4.027323785130131,0.7094644991940973,0.6952862788098308,4.122293970646326,3.957768899807049
090418A,0.5953,0.4163,-0.179,2.93822024133837,1.6079544390266,-1.33026580231177,-0.510080154164149,0,0,0.6137541581669,0.578474638886272,3.1091704672785,2.78856409357197,0.5269792061553489,2.364954577229703,0.5449946272012345,0.5105538584385099,2.507475347135103,2.240066011806703
090423A,0.7533,0.9666,0.2133,4.66630568409604,8.25976574561247,3.59346006151643,0.388072458876091,0,0,0.800190186238346,0.707843081555441,5.31233713828205,4.1032057861284,0.8193284455445233,5.5967259975542705,0.8469778586697566,0.792524177566466,6.030364765557339,5.201891691845225
090424A,0.3439,0.1886,-0.1553,1.20749637966914,0.54383186282482,-0.663664516844317,-0.429881344481374,0,0,0.392702209348112,0.321226126595892,1.47002989358043,1.09520309328968,0.2815560982587716,0.912300322424177,0.3291980628189667,0.2594212833069429,1.1340179239892183,0.8172776412466378
090519A,0.8234,0.6857,-0.1377,5.65886177686128,3.84953390498341,-1.80932787187786,-0.373093148192775,0,0,0.848043332939357,0.769957663442996,6.0476338518523,4.88786255598175,0.8606638296743011,6.2554412476527,0.8751950940578435,0.8291508552038784,6.502311529864535,5.747623703899545
090726A,0.5225,0.5694,0.0469,2.33042762308746,2.71022288617465,0.379795263087189,0.102364541090621,0,0,0.54230459693094,0.49287847016337,2.48581710712794,2.11084569866344,0.582547449276053,2.8242603371281016,0.5937618150025772,0.5657742389892959,2.9242965177106353,2.679376574391707
090809A,0.5073,0.5725,0.0652,2.21588122360449,2.73680125382116,0.520920030216665,0.139402658807178,0,0,0.569862104697601,0.469789179094517,2.71417279567235,1.9497769597617,0.5739404395177847,2.7492158081973543,0.6093662714671298,0.5526999130984334,3.067862563588105,2.5702605659871836
090927A,0.3468,0.3747,0.0279,1.2222862543282,1.36973618438321,0.147449930055007,0.0622220865878303,0,0,0.381957922087872,0.30594079844846,1.40967194914484,1.02274342635699,0.2843871524071411,0.9248068360036878,0.3187092148812511,0.2444993551479859,1.0830956637770432,0.755898286992664
091018A,0.2876,0.2947,0.0071,0.93909907861485,0.971060705241034,0.031961626626184,0.0162154450855817,0,0,0.312408475396934,0.243473814325908,1.05309230564726,0.751756809297994,0.2265945987576686,0.6849794118657428,0.2508132667532585,0.1835174880665107,0.7816125642263119,0.5258698369327095
091020A,0.453,0.433,-0.02,1.83791902844156,1.71019163189084,-0.127727396550713,-0.0471285480508995,0,0,0.46902156360383,0.439736775618339,1.94456783394763,1.75255988064299,0.3880623077715663,1.4437811342481393,0.4037029678074241,0.3751144090107194,1.5333953426104228,1.3719984943020211
091029A,0.4807,0.5743,0.0936,2.02482323239124,2.7523211390275,0.727497906636253,0.193879436136109,0,0,0.505488725277357,0.467601303891789,2.20249695349988,1.93495403393303,0.5588781724408155,2.6214139686995126,0.5729148040432654,0.5514610273602918,2.7403720584428815,2.5600904112749014
091109A,0.637,0.6102,-0.0268,3.33510878387529,3.07567926559489,-0.259429518280395,-0.0636530750764385,0,0,0.651292732343257,0.61847510858364,3.48015183085717,3.15408241600576,0.6473831477840597,3.440001816399948,0.6554764166492392,0.6368934161267262,3.5235189774885542,3.334044998791634
091127A,0.1047,0.1732,0.0685,0.272623680022904,0.490047111787099,0.217423431764195,0.145917152581455,0,0,0.157672641264773,0.082345138185401,0.437714461757368,0.208774078395823,0.048042942296714,0.116973686771123,0.0997561891252385,0.0262195546151809,0.2582188553501785,0.0622324258448723
091208B,0.3559,0.3145,-0.0414,1.26934225635506,1.06300366731071,-0.20633858904435,-0.100018527506221,0,0,0.392057586214831,0.322813327932263,1.46636634872641,1.10287437052431,0.2932708050796106,0.9645849153248228,0.3285687652342736,0.2609707498337121,1.1309279472823164,0.8237728652625598
100316B,0.464,0.3385,-0.1255,1.91071711806661,1.18021839718595,-0.73049872088066,-0.335057589562371,0,0,0.502173529184402,0.441857078392628,2.1781436942357,1.76603122471546,0.398800789024002,1.5049599637669204,0.4360667642500029,0.3771843027917367,1.729397341812239,1.3833306756364356
100418A,0.1543,0.2105,0.0562,0.426592708647745,0.623678350482441,0.197085641834696,0.121382194802398,0,0,0.221856809489765,0.12288126638252,0.666697597860955,0.327031605310508,0.0964637304895152,0.2487161554114838,0.1624144152331712,0.0657919594052805,0.4534979220581925,0.1635685102992834
100425A,0.4716,0.4401,-0.0315,1.96210193605276,1.75486296095247,-0.207238975100294,-0.0752266003927261,0,0,0.501762327546133,0.448668219976911,2.17513596685404,1.80975349421505,0.4062201033438667,1.5481213303018415,0.4356653386969555,0.3838335133563283,1.7268756804155925,1.4201011239356285
100513A,0.6391,0.7613,0.1222,3.3561216554647,4.77165017190231,1.41552851643762,0.245255425099866,0,0,0.68071128443124,0.609644659148527,3.79414631584152,3.07047094547281,0.7519889181890224,4.649225596052106,0.7765255576483483,0.7346201902465235,4.977582209240165,4.427754427102047
100704A,0.4117,0.6628,0.2511,1.58047704443602,3.60044666393478,2.01996961949876,0.439081195166182,0,0,0.441344291971321,0.383339535894864,1.76276720393105,1.41735000497078,0.6178995265897148,3.148580547109395,0.6353796720375015,0.6011764070763829,3.3189648747801748,2.9918701612919003
100814A,0.3699,0.3874,0.0175,1.34368909882699,1.44005715942821,0.096368060601216,0.0394941816132695,0,0,0.398916840444996,0.334374913219471,1.50562942428193,1.15960792852885,0.3069379630372562,1.027393095087529,0.3352649445939388,0.2722574650023594,1.164038308854733,0.8717914751492009
100816A,0.3832,0.2562,-0.127,1.41657345143683,0.803848252431749,-0.612725199005078,-0.339676687425935,0,0,0.404908152280981,0.355633575411079,1.54043537919622,1.26795052059123,0.3199217630970193,1.0889197840595206,0.3411138163965044,0.2930107145838546,1.1933796832987218,0.9634087159682512
100906A,0.3963,0.4357,0.0394,1.4905771539521,1.7270933226839,0.236516168731803,0.0867283003351834,0,0,0.43206488118985,0.357347265382678,1.70436235068596,1.27691734460309,0.3327103180431019,1.1513462707372757,0.367624909511538,0.2946836625504458,1.331443576490304,0.9709865585491132
110205A,0.457,0.5065,0.0494999999999999,1.86417796990658,2.20996280421069,0.345784834304109,0.107722380412173,0,0,0.476960535238536,0.437385149910342,1.99888999455849,1.73769554917655,0.5454580322256211,2.511219924236962,0.5567606981189326,0.5343511107697887,2.6038001425051935,2.4225603183390545
110422A,0.3997,0.4425,0.0428,1.51015188099533,1.77012903916373,0.259977158168403,0.0938501977680024,0,0,0.418831590638989,0.362964764099277,1.62320112937184,1.30656004147062,0.336029484975673,1.167851278857467,0.3547062329216783,0.3001676084280622,1.2631129664979408,0.9960325004876048
110503A,0.4174,0.4171,-0.0002999999999999,1.61456835221056,1.6127628960311,-0.0018054561794587,-0.0006910141682589,0,0,0.430860609089684,0.381698643616514,1.69687370646737,1.40823377844829,0.3533086775364105,1.2558419963873977,0.3664492682960413,0.3184561006081749,1.3251408608525774,1.0818819536148236
110715A,0.38,0.2601,-0.1199,1.39883291901949,0.820119908460103,-0.578713010559387,-0.317953233668546,0,0,0.401394784021503,0.360525213600874,1.51996659653816,1.29363978719228,0.316797841278129,1.073947895578184,0.3376839764703855,0.2977860568561102,1.1761256923710923,0.9851167636732788
110731A,0.4089,0.5832,0.1743,1.56389361022429,2.83001081226449,1.26611720204019,0.330577970690271,0,0,0.431635770436083,0.379003707605264,1.70169158719699,1.39333618841257,0.5182213763458383,2.2977776956031724,0.5310955209514377,0.5012925815841587,2.3969997972678634,2.171703501044652
110801A,0.4631,0.4561,-0.007,1.90469140738191,1.85824860367274,-0.0464428037091729,-0.0162486928706956,0,0,0.471907049545257,0.450558892496168,1.96419690543916,1.82201223606885,0.3979221860124391,1.4998974066293655,0.4065198529607132,0.3856792362111044,1.549880648164191,1.430408280672836
110808A,0.3588,0.3707,0.0119,1.28454648855183,1.34801031245518,0.0634638239033558,0.0270287671083502,0,0,0.385775410777387,0.325681627559198,1.43094655448288,1.11680877690877,0.29610185922798,0.9774333720413206,0.3224359449470458,0.2637708572673675,1.1010478580005525,0.8355696033977131
111107A,0.5239,0.5903,0.0664,2.34118097633043,2.89313980701564,0.551958830685211,0.141777294945985,0,0,0.543332189307022,0.48721331563168,2.49407473022764,2.07052979288177,0.5833402001748408,2.8312474267968435,0.594343689845239,0.5625663415987465,2.92955787814425,2.652299144842233
111123A,0.5012,0.6182,0.117,2.17102743894789,3.15145180040569,0.980424361457794,0.236164216422309,0,0,0.534593218141672,0.478219115436144,2.42446883463339,2.00759334679413,0.5704863106016377,2.719514966923347,0.5893952418125159,0.5574733699638257,2.8850377385274864,2.6097187886144586
111228A,0.2478,0.234,-0.0138,0.769293980687279,0.713957307508425,-0.0553366731788536,-0.0322859110529984,0,0,0.266755258934607,0.218695168433116,0.84822678103488,0.654608185276758,0.1877408211352192,0.5407806692917534,0.2062454295628867,0.159327940395557,0.6078496282428627,0.4432047194536048
120118B,0.4669,0.5958,0.1289,1.93021845983128,2.94275689595591,1.01253843612463,0.256809755925655,0,0,0.495887659525902,0.451599201750924,2.13247533114579,1.82878018856433,0.5510639135813352,2.5568365942238453,0.5674781943977032,0.5423998267498162,2.6938409739241047,2.48658154264987
120119A,0.4809,0.6128,0.1319,2.02621653576335,3.10015240506613,1.07393586930279,0.261925841579897,0,0,0.509469602734462,0.456750060733536,2.23198698130761,1.86253009129862,0.5589914225692137,2.62235844092402,0.5751689784590399,0.545316503955527,2.75983666294608,2.5100758712034095
120404A,0.6097,0.5884,-0.0213,3.07098966650274,2.87614486700241,-0.194844799500327,-0.05026767734071,0,0,0.62882064500175,0.594993639400964,3.254226857277,2.93544311634214,0.6319245052576965,3.2847403096780514,0.6427515827652257,0.6235970191271364,3.3929026872535184,3.203364181579344
120802A,0.595,0.6809,0.0859,2.93550075455777,3.79622998644458,0.860729231886808,0.179459540997712,0,0,0.641658191415456,0.555041628676981,3.38185690890401,2.58956340243095,0.725984774963299,4.3208960550509365,0.75349738929937,0.7024227973907273,4.66888163743915,4.039910188845865
120811C,0.5172,0.5648,0.0476,2.29003107524706,2.67113199687964,0.381100921632584,0.103810193138386,0,0,0.554554651176316,0.494844051636475,2.58554065517019,2.12495704237825,0.5795463208734989,2.7979244461985218,0.6006984160834499,0.566887250760328,2.987479066269794,2.688818189881917
120815A,0.426,0.5263,0.1003,1.66685866452148,2.35969613691214,0.692837472390661,0.206220278309883,0,0,0.475145027051164,0.385651433832889,1.98637971548452,1.4302526973757,0.52790426232389,2.3721296384094694,0.5557326654422927,0.5050568608283339,2.595279557940583,2.19931395851646
120922A,0.4668,0.6128,0.146,1.92954382976943,3.10015240506613,1.1706085752967,0.285503673924487,0,0,0.484953737677273,0.454102295488372,2.05459571138501,1.84513118229745,0.5510072885171361,2.5563728697709984,0.561286854131434,0.5438172051856105,2.641554836088945,2.4979790588577404
121024A,0.6015,0.5183,-0.0832,2.99484561308285,2.29837477158568,-0.696470841497173,-0.211155762982733,0,0,0.623634670998689,0.577982456962914,3.20372861492019,2.78427298089039,0.6272812499933677,3.2391740695414377,0.6398150216566421,0.613964426150559,3.363299473503014,3.1111604446373207
121027A,0.4106,0.4429,0.0323,1.5739493699422,1.77268159761239,0.198732227670198,0.0716750988794856,0,0,0.452401889635059,0.376103351549632,1.8340133364033,1.37740598425354,0.3466703436712685,1.2216229015041509,0.3874784171405839,0.3129938334298008,1.4404977811466615,1.055861404492644
121211A,0.448,0.306,-0.142,1.80543363795171,1.02301917867827,-0.782414459273442,-0.386755828871889,0,0,0.46074555529396,0.42537302352478,1.88898678516364,1.66301138727377,0.38318117992955,1.416468731945613,0.3956237168910112,0.3610921469587814,1.48670184678496,1.296635887927029
130408A,0.4587,0.6773,0.2186,1.87541146467401,3.75663689318604,1.88122542851204,0.395494857134654,0,0,0.51650656604941,0.398564591677751,2.28478210490634,1.50359797539968,0.6456136928393519,3.421948627843741,0.679700092452415,0.6101540608450409,3.782996823560273,3.0752481678793107
130418A,0.4165,0.346,-0.0705,1.60915572301414,1.21819641980022,-0.390959303213916,-0.176250984684723,0,0,0.485268509441615,0.36362261752011,2.05681045057254,1.31005658193362,0.3524300745248476,1.251282909948813,0.4195636517427326,0.3008098217577409,1.6276266125431895,0.9989863186655452
130420A,0.4871,0.3612,-0.1259,2.06972873818367,1.29720630715835,-0.772522431025312,-0.336287789485013,0,0,0.507804751611495,0.468588229924104,2.21962100143794,1.9416312457552,0.4213515996541171,1.6384665926041162,0.4415641075646969,0.4032799363896253,1.7641659162196492,1.5309288502148664
130427A,0.0813,0.1271,0.0458,0.205868637279856,0.339985194899797,0.134116557619942,0.100088089129948,0,0,0.143219587699376,0.025976033895978,0.390655595878906,0.0616369702141637,0.0251992639960779,0.0597398459281031,0.0856467486931962,-0.0288094062601431,0.2179984866562265,-0.064183725213381
130511A,0.5481,0.3624,-0.1857,2.53264502585567,1.30356250011753,-1.22908252573814,-0.533557272995818,0,0,0.576239614375682,0.517904867854614,2.76911696055242,2.29537519123434,0.4809013593267154,2.026226007731316,0.508371970365264,0.4514240992850747,2.2238287972971604,1.827639887304454
130514A,0.4647,0.6628,0.1981,1.91541242271076,3.60044666393478,1.68503424122402,0.366276225835604,0,0,0.475940170784425,0.444865695636471,1.9918524450593,1.78525970159879,0.6491516715095182,3.4581191503188924,0.6557795855902389,0.6374561138802258,3.5266778231368345,3.339664084615121
130604A,0.3618,0.3139,-0.0479,1.30038220828702,1.06015549032001,-0.24022671796701,-0.116606110119239,0,0,0.417129725056008,0.331151763511582,1.61294173132506,1.14363956166468,0.2990305359331898,0.9908133113047796,0.3530448282255868,0.2691109438467267,1.2544719085456224,0.8582791060715871
130831A,0.2923,0.17,-0.1223,0.960198262928801,0.479108388168207,-0.481089874760594,-0.325256673959098,0,0,0.326666642845804,0.276289319466727,1.12161532052301,0.889249515291934,0.2311828589291639,0.7028753501485148,0.2647324543754203,0.2155528232250466,0.8396383494241701,0.6426794465770762
131030A,0.3072,0.3608,0.0536,1.02861671696629,1.29509147602423,0.266474759057933,0.116106378260594,0,0,0.326787756157721,0.297437478539702,1.12220706575864,0.983524086205273,0.2457286198983723,0.7608753741888972,0.2648506882871878,0.2361981968367439,0.8401392474497662,0.7226545550122976
131105A,0.4664,0.4291,-0.0373,1.92684686237879,1.6859628402601,-0.24088402211869,-0.0896825594561703,0,0,0.491343484035363,0.456270741871762,2.09987002092931,1.85937253842661,0.4011437303881698,1.518510294481096,0.4254941972685495,0.3912552896144274,1.6637545053515974,1.4618142975043154
140419A,0.508,0.6951,0.1871,2.22106879128343,3.95564285562297,1.73457406433954,0.350019990316975,0,0,0.549224485960566,0.469505583916611,2.54180368909672,1.94785137819437,0.674684084245886,3.728072030499252,0.6989926429153956,0.6519853470752957,4.000260643070243,3.487302496958989
140423A,0.5533,0.6294,0.0761,2.57519718745026,3.25990584332204,0.684708655871782,0.160733284033766,0,0,0.568287947203635,0.535118868110017,2.70073465652918,2.428616162797,0.5999879690493858,2.9809614222694294,0.6084749037755761,0.5896928914445538,3.059522041416562,2.8877013146549184
140430A,0.4287,0.415,-0.0137,1.68349011596799,1.60015956316527,-0.0833305528027188,-0.0320482458012221,0,0,0.463379281707902,0.394159105765205,1.90655992771732,1.47832983878373,0.3643400264593673,1.3138757066776248,0.3981948279564803,0.330620322351848,1.501467288132902,1.1410180189046146
140506A,0.3459,0.2762,-0.0697,1.21768571999801,0.88886100147301,-0.328824718524996,-0.174086244709677,0,0,0.368847388436246,0.324467089382019,1.33801551303967,1.11089722701448,0.2835085493955781,0.9209167759919614,0.3059103767151225,0.2625851940450036,1.0226017409142605,0.830565166723493
140509A,0.5551,0.5315,-0.0236000000000001,2.59004588990199,2.40016505804071,-0.189880831861284,-0.0558445924300803,0,0,0.570723105675197,0.53135174775146,2.72154355124682,2.39900456416281,0.6010072202049701,2.990315362606885,0.6098538138234488,0.5875597571230624,3.0724317418938387,2.8686528203251416
140512A,0.3277,0.2368,-0.0909,1.12666948723583,0.725043297245844,-0.401626189989984,-0.232820933034672,0,0,0.368602998826557,0.309481184913748,1.33670021665663,1.03930030840003,0.2657412440506389,0.8439164723988084,0.305671797329492,0.2479555709374288,1.021490931128426,0.7699278824291491
140518A,0.824,0.7564,-0.0676,5.66806769213622,4.70689654892806,-0.961171143208162,-0.168422738167332,0,0,0.854450973360727,0.806481742261159,6.15238647651057,5.40444856703347,0.8610176275413177,6.261354298854408,0.8789734432473275,0.8506877571715681,6.567866167228655,6.09067789249977
140614A,0.5062,0.7188,0.2126,2.20774620613407,4.23359365186758,2.02584744573351,0.387085352912448,0,0,0.592159078251987,0.396671339108257,2.90984083600299,1.49270760746217,0.673622690644836,3.7165309718175754,0.7243095882052855,0.6090376796436896,4.300411507741686,3.0647859395634853
140629A,0.4297,0.5152,0.0855,1.68967619956499,2.27491475555579,0.585238555990802,0.178703447165445,0,0,0.448963731642217,0.421491592445827,1.81166601560993,1.63931722704151,0.5299993896992579,2.3884367997221614,0.5409074901088119,0.525351373651981,2.474621399903927,2.352365585485475
140801A,0.3647,0.3655,0.0007999999999999,1.31579440322508,1.32006418556963,0.0042697823445569,0.0018403725082755,0,0,0.381093637855741,0.344504807521802,1.40488125847048,1.21057272660285,0.3018615900815593,1.0038333026838222,0.3178654785154771,0.2821465268255173,1.0790526067070978,0.9149018857188034
140907A,0.4579,0.3444,-0.1135,1.87011963646444,1.21003931734918,-0.660080319115253,-0.298673563829164,0,0,0.466984595844182,0.44898065918653,1.93078929012899,1.81177560836466,0.3928458130567422,1.4708467681155692,0.4017144277984426,0.3841385245013302,1.521821992290885,1.4218013921076182
141004A,0.3789,0.1967,-0.1822,1.39276473852775,0.572895971065016,-0.819868767462731,-0.521247929008041,0,0,0.404982250240507,0.354161505617167,1.54086885727438,1.26027616641267,0.3157239931528854,1.0688261313825045,0.3411861527191602,0.2915736424125636,1.1937450442258246,0.9569225710952404
141121A,0.435,0.3927,-0.0423,1.72270130807791,1.4700173280466,-0.252683980031307,-0.102300488811202,0,0,0.471683534432707,0.395547303434608,1.96267173676032,1.48626435385007,0.3704902475403078,1.3468765609437496,0.4063016517929174,0.331975516410717,1.5485998416839988,1.1477093924242308
141220A,0.4235,0.3654,-0.0581,1.65155109300921,1.31953003254778,-0.332021060461426,-0.143141522550899,0,0,0.463019953913632,0.407620197510439,1.90415608454672,1.55634931117269,0.3592636535036704,1.2869867765390164,0.397844042976276,0.3437613842921673,1.4994476380784798,1.2067919156281093
141221A,0.4931,0.3892,-0.1039,2.11243291876751,1.45019133688078,-0.662241581886724,-0.270281578388809,0,0,0.515979088471741,0.474430361061703,2.28079495517013,1.98146943221894,0.4272089530645366,1.674292787582517,0.4495441042124102,0.4089831741801142,1.8154259175405592,1.564384682939815
150120B,0.483,0.6532,0.1702,2.04088502567628,3.49987033872151,1.45898531304523,0.324228300644714,0,0,0.504652911200938,0.45581240883113,2.19633956927034,1.85635648902857,0.5601805489173955,2.632290283158445,0.572441523785908,0.5447855579638252,2.73629814063682,2.5057872558779675
150314A,0.4118,0.4406,0.0288,1.58107128964594,1.75803644059724,0.176965150951297,0.06416345641647,0,0,0.451701658846607,0.376871247523882,1.82944762230996,1.38161330319542,0.3478418143533524,1.227623620964455,0.3867948339411139,0.3137434731137376,1.4366594385160996,1.0594131101313795
150323A,0.4147,0.2022,-0.2125,1.59836405678774,0.592942135127628,-1.00542192166011,-0.631172909227838,0,0,0.433292983331581,0.39486051453458,1.71202059565727,1.48233570773318,0.3506728685017218,1.2421923603716176,0.3688238142229066,0.3313050555264141,1.337888605185889,1.1443963311865768
150910A,0.4879,0.3726,-0.1153,2.07538859881319,1.35830515327765,-0.717083445535535,-0.304067285159814,0,0,0.50215089420802,0.472425470618864,2.17797805701064,1.96773740562634,0.4221325801088397,1.64321554703413,0.4360446674073186,0.4070259488679674,1.7292584739888732,1.5528538297845622
151021A,0.4761,0.5224,0.0463,1.99295371033234,2.3296608520688,0.336707141736461,0.101123554829092,0,0,0.501347111284601,0.450586794036943,2.17210176284012,1.82219354396502,0.5562734194876554,2.5997589444354103,0.5705696124609871,0.5418265502318175,2.7202284741006704,2.4819822286352524
151027A,0.3467,0.2577,-0.089,1.2217746129152,0.810089295270756,-0.411685317644444,-0.227439231158407,0,0,0.365666103326915,0.326095991487749,1.32095170337396,1.11882940532694,0.2842895298503007,0.9243742183786134,0.3028047248510131,0.264175369929043,1.0081896519064255,0.8372800949672785
151215A,0.4983,0.5551,0.0568,2.14992345278447,2.59004588990199,0.440122437117521,0.122595212043247,0,0,0.51055072708997,0.486604289468518,2.24004265037841,2.06622690057422,0.5688441837398628,2.705477527346371,0.5757811658194188,0.5622214801428664,2.765140316599514,2.649400104437488
160117B,0.4521,0.2718,-0.1803,1.8320440229641,0.869820857736649,-0.962223165227446,-0.514607140703406,0,0,0.497379192390061,0.399768276846508,2.14325194086826,1.51054654115003,0.3871837047600033,1.4388422203322433,0.4313864100878308,0.3360961385789641,1.700140792951799,1.168184016651658
160121A,0.4578,0.4713,0.0135,1.869458843075,1.96005649507582,0.0905976520008149,0.0306067306997444,0,0,0.477745692218401,0.439136404584999,2.00431656390665,1.74875735594408,0.3927481904999019,1.470291423111203,0.4122196852230067,0.3745283114574442,1.5835667416785646,1.368799547703497
160131A,0.3751,0.2949,-0.0802,1.37191979750485,0.971968621279837,-0.39995117622501,-0.202818225355653,0,0,0.39190162429767,0.353600216794912,1.46548079714816,1.25735683786826,0.312014335992953,1.0512298884859606,0.3284165112230438,0.2910256979130193,1.1301810221505542,0.9544551006507936
160203A,0.6185,0.6551,0.0366,3.15432051241861,3.51960000030483,0.365279487886213,0.0808211983055087,0,0,0.637691914186697,0.602960609689298,3.3420209461756,3.00830360848315,0.7398418580881176,4.493408031053487,0.7511586219268174,0.7306788528436752,4.638435567156132,4.378718960147144
160227A,0.4468,0.5289,0.0821000000000001,1.79769263785465,2.37987002861989,0.58217739076524,0.172248455069428,0,0,0.499074915391469,0.407903418359209,2.15554890566066,1.55801695278826,0.5396822756773096,2.4648327494769307,0.5692829800777711,0.5176570613519437,2.7092233074930316,2.293495401135944
160327A,0.5331,0.7774,0.2443,2.41271483238687,4.98963006402951,2.57691523164264,0.430229447243864,0,0,0.56603414128966,0.516435960340568,2.68157914585784,2.28424812271922,0.6894846283494156,3.891979498947663,0.7089046765832596,0.679658458870436,4.115695386762588,3.782538324191714
160804A,0.4439,0.2395,-0.2044,1.7790732888091,0.73580126287145,-1.04327202593765,-0.601031954667332,0,0,0.469602776344487,0.413820704920937,1.94851116298614,1.59310859650906,0.3791786550990967,1.3943004938119157,0.4042703625455351,0.3498144781633693,1.5367073224818468,1.237765006320259
161014A,0.6268,0.5824,-0.0444,3.23447916169207,2.8229621656592,-0.411516996032879,-0.107643491669743,0,0,0.650942274276597,0.603012550442888,3.47653798799472,3.00878302226579,0.6416073912357482,3.3813443854681724,0.6552779695440019,0.6281377326526972,3.5214524668101577,3.247542496404342
161108A,0.3969,0.3343,-0.0626,1.49402039140518,1.15923544111087,-0.33478495029431,-0.15504791368285,0,0,0.434364942578309,0.378100610685211,1.7187228829018,1.38836451849173,0.3332960533841439,1.1542497607454285,0.3698702882478488,0.31494360886468,1.3435287635462614,1.0651119931339497
170202A,0.4623,0.667,0.2047,1.89934569317074,3.6451527522275,1.74580705905676,0.375834154909026,0,0,0.484077347118622,0.444752756854439,2.04843786295324,1.7845354857645,0.6477364800414517,3.4436155722077935,0.6605777783078675,0.6373895180465818,3.5769669698477005,3.338998680373644
170405A,0.5122,0.6542,0.142,2.25237040095297,3.51024361117194,1.25787321021896,0.2788925208171,0,0,0.54748264556631,0.464578488374065,2.52762689918858,1.91459683106898,0.6771606693150025,3.755111110095678,0.6979655438884436,0.6490800205860624,3.98844908468356,3.457383700022527
170519A,0.4822,0.2596,-0.2226,2.0352886644742,0.818025623774264,-1.21726304069993,-0.669552191554301,0,0,0.505115256791835,0.45492820817459,2.19974417255333,1.85054701378626,0.4165680943689412,1.6095648526466313,0.4389385539556568,0.3899446738928052,1.7475053954991413,1.4543962226989726
170531B,0.5289,0.5271,-0.0018,2.37987002861989,2.36589062949252,-0.0139793991273693,-0.0041532541208794,0,0,0.549154048906139,0.512428274941831,2.54122930005903,2.25408036930256,0.5861714533847975,2.85630569171266,0.5976403215808224,0.5768443284959046,2.959499765501942,2.7743687560294337
170607A,0.2788,0.1923,-0.0865,0.900203002577233,0.557040825901838,-0.343162176675395,-0.220393820744318,0,0,0.292979889117152,0.256030115369696,0.963269361579323,0.803142772216766,0.2180038137557199,0.6519763049903999,0.2318465840690067,0.195775270190025,0.7054798163154234,0.5695504153729962
170705A,0.2423,0.4786,0.2363,0.747028540763432,2.01023222066338,1.26320367989995,0.419636621795766,0,0,0.293521252902612,0.208349641944188,0.965718173823549,0.615658768461027,0.4238840193900834,1.653896730346768,0.4528880867297876,0.4046596073451446,1.837187819792654,1.5389819144810453
170903A,0.3844,0.2755,-0.1089,1.42325992409255,0.885818969490405,-0.537440954602145,-0.284990745822954,0,0,0.411345553740058,0.360299632970515,1.57837186617948,1.29244873738609,0.3210932337791033,1.094562065470436,0.3473981722949317,0.2975658392770173,1.225349212763828,0.984110426245188
171222A,0.4014,0.5326,0.1312,1.51999686210924,2.40878806010259,0.888791197993349,0.260735247343773,0,0,0.439847879459488,0.338578049200519,1.75326414724128,1.18061025018293,0.5139744965309034,2.2656865422171095,0.5357456329580436,0.4784015265595498,2.4335678432216707,2.008856852859059
180115A,0.5208,0.5425,0.0216999999999999,2.31741649694539,2.48738584135218,0.169969344406794,0.048738324962887,0,0,0.552257024667381,0.489290558541564,2.56662151188466,2.08525140344778,0.5815848231846676,2.8157931425004143,0.5993973835977091,0.5637425817300402,2.975551498532461,2.66220441387687
180329B,0.567,0.4768,-0.0902,2.6897759857015,1.99778167158238,-0.69199431411912,-0.230835460994012,0,0,0.589742016879042,0.540112697443025,2.88814109877903,2.46826838763652,0.4993520225695368,2.157562986698827,0.521553360923916,0.4731039503480238,2.3231761392592296,1.9723773985709545
180620B,0.3587,0.3258,-0.0329,1.28402051284046,1.1173858184864,-0.166634694354062,-0.0786983141660877,0,0,0.384679855018523,0.327507200901363,1.42482195176358,1.12572559091799,0.2960042366711397,0.9769889261295784,0.3213664354036313,0.2655530286409844,1.0958801061303145,0.8431175253336851
180624A,0.4516,0.586,0.1344,1.82878538797013,2.85478357665772,1.02599818868759,0.266162332666462,0,0,0.474955874509932,0.420009739601915,1.98507931140502,1.63032697963641,0.542400278758868,2.486585171448537,0.5556255576943858,0.5245122735277792,2.5943929825151733,2.3458947349996784
180720B,0.2867,0.2185,-0.0682,0.935084792937905,0.653864784771328,-0.281220008166576,-0.170038089423047,0,0,0.358724643489492,0.228210842387052,1.28415012036446,0.691261810441116,0.2257159957461056,0.6815740462425148,0.2960282942756765,0.1686173846099782,0.9770984438349486,0.4744070017197423
180728A,0.1133,0.0481,-0.0652,0.298075640238978,0.117120444656835,-0.180955195582143,-0.161983603869796,0,0,0.147382655627889,0.0875288828841615,0.404050264396023,0.223288471509682,0.0564384821849819,0.1387764627602568,0.0897108420480101,0.0312800587301857,0.2294499172214825,0.0746822074948321
181010A,0.6243,0.3784,-0.2459,3.21017356445622,1.39001155148473,-1.82016201297149,-0.761570383139263,0,0,0.648101808038939,0.59399553238609,3.44735510892593,2.92640896257899,0.555289747639043,2.5916147598598296,0.5785256812208814,0.5257057515174961,2.7890093870960615,2.3551021825155933
181201A,0.2561,0.1614,-0.0947,0.80343294883757,0.450106836421972,-0.353326112415598,-0.24365522838814,0,0,0.273195219424571,0.21750464376157,0.875837525063204,0.650078644949497,0.1958434933529662,0.56979699484658,0.2125322836526962,0.1581657197713789,0.6312941683715836,0.4393477053553165
190114A,0.5456,0.6411,0.0955,2.51236790465681,3.3762285994535,0.86386069479669,0.197398439127373,0,0,0.576064900669745,0.520746235911715,2.76760097547971,2.31700583818439,0.5956278391060525,2.941194237306391,0.6128786086684976,0.5815543792351602,3.1008946127287427,2.8155256655993077
190829A,0.2442,0.0328,-0.2114,0.754688379667914,0.0784499632938318,-0.676238416374082,-0.627046631174891,0,0,0.277461506246036,0.215644694221459,0.894355600433637,0.643026977036832,0.1842264090889675,0.5283626260538297,0.2166971419299522,0.1563499894743826,0.647013435468532,0.433342536827866
191011A,0.5457,0.4349,-0.1108,2.51317675037288,1.72207445510533,-0.791102295267543,-0.290624782060537,0,0,0.562132166809165,0.528356039397912,2.64864967681252,2.37563933882801,0.4785584179625476,2.0099440162260764,0.4945999193459218,0.4616268001654107,2.1232008871305337,1.894854899179748
191221B,0.3907,0.332,-0.0587,1.45866862928973,1.14783047413053,-0.3108381551592,-0.144721922378455,0,0,0.411734742688684,0.355803303701909,1.58068348568836,1.26883704024649,0.3272434548600437,1.1244350345648702,0.3477781084975204,0.2931764076810442,1.2272968789329235,0.9641579433973716
200613A,0.3516,0.3474,-0.0042,1.24698410364016,1.22535857804652,-0.0216255255936395,-0.0097177712423419,0,0,0.383256213433649,0.32301208540983,1.41688626380026,1.10383698386376,0.2890730351354766,0.9456872595870204,0.3199766400882353,0.2611647819652243,1.0891837544303518,0.8245878643318678
200829A,0.3052,0.3522,0.047,1.01929606979812,1.25009057227931,0.230794502481189,0.102571205499251,0,0,0.348796429403892,0.231505841329755,1.23252550660652,0.70414224014517,0.2437761687615658,0.7529768014396858,0.2863361178367324,0.1718340468257065,0.9334641231797016,0.4853679430917257
201014A,0.4972,0.7451,0.2479,2.14195528464107,4.56032273693866,2.41836745229758,0.434932928664688,0,0,0.52148215161524,0.472450181682333,2.32263129771525,1.96790627268975,0.6683157226395864,3.6592468754372582,0.6826340117196641,0.6537216677565196,3.815418220683819,3.5052787603784283
201015A,0.2765,0.1541,-0.1224,0.8901662311869,0.425935889676569,-0.464230341510331,-0.325561860719859,0,0,0.310581817698299,0.245452825318923,1.04447506290418,0.759757502017689,0.2157584949483925,0.643457565431842,0.2490300368031304,0.1854494491980431,0.7743121921501057,0.5326727966627745
201020A,0.368,0.5914,0.2234,1.333458062281,2.90301301964209,1.56955495736109,0.402139308647507,0,0,0.392838989055353,0.333206283774495,1.47080794439108,1.15380451867381,0.4950617250883931,2.1265236998203467,0.5091268185874023,0.4753597609384369,2.2294370138428135,1.9878566752790776
201021C,0.5089,0.316,-0.1929,2.22775081904805,1.07014134879104,-1.15760947025701,-0.559193443932248,0,0,0.525392005736876,0.501091403364585,2.35267924356988,2.17023461317155,0.442633317045308,1.7709795268474746,0.4587332347198995,0.4350103653564683,1.8756315161718593,1.7227662918794104
201104B,0.4296,0.4704,0.0408,1.68905695002925,1.95392864296028,0.264871692931029,0.0896676003200904,0,0,0.458946480875597,0.411358183250654,1.87704384804904,1.57844684767165,0.3652186294709302,1.318561550161918,0.393867414444345,0.347410501546092,1.476665842070788,1.2254123894330355
210204A,0.3653,0.2732,-0.0921,1.31899600250505,0.875858173799283,-0.443137828705771,-0.23623205362496,0,0,0.382003785617041,0.342642943768074,1.40992643521373,1.20111606618258,0.3024473254226012,1.0065377069219892,0.3187539880310831,0.2803289278242448,1.0833104294854308,0.9069044306580564
210210A,0.3465,0.2343,-0.1122,1.22075168345075,0.715141676291705,-0.505610007159049,-0.294791977915332,0,0,0.377431591285008,0.326593440947773,1.3846881372269,1.12125774476083,0.2840942847366201,0.923509274810701,0.314290495020444,0.2646609928109069,1.0620087080691984,0.8393356685826063
210411C,0.3904,0.5827,0.1923,1.45697082763684,2.82560388668038,1.36863305904355,0.357756082329569,0,0,0.426798029872008,0.376431618841163,1.67176360693584,1.37920365766956,0.5077457394689988,2.219183547513475,0.5283561472512428,0.4998361346702278,2.3756401771393514,2.1610847140320577
210517A,0.4699,0.5423,0.0724,1.95052976385827,2.48578021056035,0.535250446702078,0.1535525519023,0,0,0.486993334822387,0.453635266563257,2.06897488804672,1.8420732471563,0.5527626655073092,2.5707764800666904,0.5624417773242585,0.5435527497569357,2.6512517431951625,2.4958496789129745
210610B,0.336,0.3284,-0.0076,1.16770410481969,1.13010003741125,-0.0376040674084437,-0.0176536626205333,0,0,0.359190851539589,0.312842495576704,1.28660343486259,1.05514512680303,0.2738439162683859,0.8786415190750658,0.2964834184943766,0.251236968349953,0.979171454380366,0.7833515696003077
210619B,0.3417,0.4679,0.1262,1.19634216922754,1.93697331100145,0.740631141773901,0.252174964954435,0,0,0.414456817909494,0.266630415322343,1.59690951671414,0.847695560501563,0.2794084020082845,0.9028668574712152,0.3504354679271921,0.2061235540365428,1.2409670344304868,0.6073984826842587
211024B,0.2484,0.325,0.0766,0.771740039943123,1.11348903983665,0.341748999893524,0.161698969548448,0,0,0.332570976397895,0.186876126277423,1.15065613062253,0.537715975345708,0.1883265564762611,0.5428601305755527,0.2704964157533528,0.1282653778810686,0.8642167927464885,0.3435857153240789
220117A,0.5379,0.7753,0.2374,2.45064276201825,4.96073754509684,2.51009478307859,0.42110473143434,0,0,0.560745805292435,0.482874935521398,2.63702097180424,2.04000946321219,0.6923150112855487,3.923965612479273,0.7057863399234503,0.659868760543911,4.0790950458794635,3.5695008299617763
230116D,0.6093,0.6821,0.0728000000000001,3.0672418726426,3.809500785491,0.742258912848394,0.154331799900645,0,0,0.634331038863411,0.587314005488477,3.30854902416973,2.86646430802935,0.734416957460529,4.425215045099966,0.7491768377256716,0.7214526275231684,4.612764722584522,4.265657744093592
230506C,0.4196,0.6721,0.2525,1.62784654083849,3.70002318179801,2.07217664095952,0.44088647242944,0,0,0.433106259351157,0.406111287269077,1.7108548188522,1.54748295740341,0.6225578651721007,3.193318645233232,0.6305220080884555,0.6146040688504326,3.270925620199571,3.117219953474435
230818A,0.3866,0.534,0.1474,1.43556654531337,2.41979442513709,0.984227879823714,0.287803229512622,0,0,0.418798027491703,0.362714307339277,1.62299841096864,1.305230236388,0.5055939870294318,2.2032732500219443,0.5238261407674629,0.4920686982258899,2.340612799460096,2.1050507171068755
231210B,0.5375,0.616,0.0785,2.44746606573149,3.13047501990161,0.68300895417012,0.165358451722676,0,0,0.588992536582585,0.494888800933708,2.88143695624273,2.12527905161871,0.5910412089059227,2.8997898886218385,0.6201988908035734,0.5669125900786147,3.170603379452695,2.6890334237129303
