"row_id","GRB","y_true","z_true","y_pred_cv_mean","log10z_mc_mean","log10z_mc_sd","log10z_lower","log10z_upper","z_mc_mean","z_mc_sd","z_lower","z_upper","inside_cone"
"050318A","050318A",0.387389826338729,1.44,0.423702954272941,0.425253675110875,0.0173027135639321,0.409432844781244,0.441679529566737,1.66437325714659,0.10483079970361,1.56704123439774,1.76490065842989,FALSE
"050824A","050824A",0.261928672990642,0.8278,0.28515422010245,0.285223187646266,0.0391422942786187,0.246064259070157,0.326381350530246,0.936333642043925,0.174020331274204,0.762236861793313,1.1202220716679,TRUE
"051028A","051028A",0.662757831681574,3.6,0.420648923715454,0.413404257668772,0.0890329679737115,0.327800947649438,0.499229454999424,1.64356351217001,0.519381733637677,1.12716405967464,2.15667233669912,FALSE
"051109A","051109A",0.524525936626376,2.346,0.416433744367046,0.418813411971491,0.0148590100698254,0.40345727515111,0.433908847304346,1.62461847115542,0.0892068011570489,1.53196255685547,1.71586918420311,FALSE
"060605A","060605A",0.679427896612119,3.78,0.490464192922081,0.485378611131948,0.0295898169184018,0.456659274883847,0.514729190852866,2.06474879873051,0.211909611130853,1.86193176443549,2.27136642094,FALSE
"060707A","060707A",0.645913275033844,3.425,0.490299921105813,0.488045368074228,0.0204822899723422,0.46920300023189,0.506619313919407,2.0798565972568,0.146527771165233,1.94579826044215,2.21084485464271,FALSE
"070125A","070125A",0.406540180433955,1.55,0.389707643668146,0.387748273339644,0.099077859017347,0.280625216457949,0.483013858721371,1.5045670280867,0.554606564240294,0.908205830392731,2.04098231330024,TRUE
"070714B","070714B",0.28397928423848,0.923,0.536339879795835,0.532245420404447,0.0238808301427339,0.510101028030445,0.554856889911413,2.41118793837551,0.18958136484869,2.23668942004779,2.58803688273738,FALSE
"080607A","080607A",0.605951157564873,3.036,0.503373438806379,0.50348033517013,0.0243114885665664,0.474863363820793,0.526039172414631,2.1926482978283,0.175248078951362,1.98444367747212,2.3576790190041,FALSE
"081109A","081109A",0.296665190261531,0.98,0.54543020546046,0.539718208793498,0.10130872932133,0.44602431114662,0.641184580679557,2.55686643412212,0.794216415183506,1.79270017944929,3.37708125244436,FALSE
"081230A","081230A",0.491361693834273,2.1,0.515653347097444,0.515632286132721,0.0241962003323048,0.4892546862399,0.541258323714137,2.28326571083744,0.183160761923669,2.08499661424636,2.47742941745243,TRUE
"110715A","110715A",0.260071387985075,0.82,0.394508244145471,0.393945081909319,0.0207897295455929,0.369553904966643,0.417403890214558,1.47994708032255,0.118804636910689,1.34182216439428,1.61459177244478,FALSE
"120422A","120422A",0.108226656374928,0.283,0.349975693578143,0.34983886875908,0.048719405121258,0.301942659474782,0.396669574177194,1.25219855591988,0.258819130666995,1.00420739753204,1.49269747849744,FALSE
"120922A","120922A",0.612783856719735,3.1,0.477379682114918,0.472754530059613,0.0247329060196179,0.448247169190007,0.497285890366468,1.97478945926591,0.168891622610227,1.80703076952079,2.14257673175963,FALSE
"130215A","130215A",0.204119982655925,0.6,0.450720691010074,0.430284702229353,0.122233100731593,0.301994419567532,0.549935905092633,1.80269989527174,0.820592979161545,1.00444657268693,2.54761030694174,FALSE
"130604A","130604A",0.313867220369153,1.06,0.46389840525325,0.464869479271084,0.0405270303420738,0.417030296465765,0.508734810229907,1.92933858984419,0.276089958640271,1.61234358563291,2.22652342381954,FALSE
"140213A","140213A",0.343920385393226,1.2076,0.281431407688864,0.279128668507581,0.0154649136939,0.264423250999497,0.29389626370043,0.902837604822498,0.0670418235749366,0.838329053740649,0.967416297978623,FALSE
"140509A","140509A",0.531478917042255,2.4,0.533140825686926,0.523792220576931,0.024998467272465,0.498857613723965,0.549274601567365,2.34588743681617,0.192867321957225,2.15397040420788,2.54221290957425,TRUE
"140629A","140629A",0.515211304327802,2.275,0.440534475312389,0.442871044192825,0.0179165508375151,0.421811481583239,0.462032314390643,1.77485083476565,0.114210839835039,1.64126200440587,1.89755917828015,FALSE
"150910A","150910A",0.372727940885595,1.359,0.477650480310412,0.476966158523163,0.0616663123973415,0.417142712056978,0.538284242876558,2.02934287539941,0.433767006172294,1.61301987711984,2.45369792390293,FALSE
"160314A","160314A",0.237040791379191,0.726,0.45722243299886,0.456226903190438,0.0915894945179664,0.368545219679586,0.545096551458663,1.92145673029805,0.597685201485057,1.33638936544315,2.50829878739674,FALSE
"180115A","180115A",0.542451947375977,2.487,0.526830637070631,0.521839556226343,0.0982257285593394,0.42601169859637,0.615537772397937,2.40859953491381,0.743207832951629,1.66693140017533,3.12608122435102,TRUE
"210222B","210222B",0.504878459410216,2.198,0.458519409275391,0.46118450039534,0.0796314578594751,0.415209389036158,0.490313812928148,1.95652669798049,0.879153154601206,1.60141350239313,2.09252993472834,FALSE
"230116D","230116D",0.682145076373832,3.81,0.504382670624166,0.502575656789299,0.0356386500716733,0.46631233183182,0.537782254979375,2.19181101913764,0.262470113784076,1.92625635524308,2.44970741439437,FALSE
"030329A","030329A",0.0681858617461616,0.17,0.249555721249666,0.247752433980713,0.111509981008881,0.139391381689372,0.352510452019843,0.82750387610054,0.46791576254959,0.378451284541459,1.25169960700577,FALSE
"050502B","050502B",0.680607428991788,3.793,0.516264060543719,0.488163244911853,0.103225781009231,0.386878346258116,0.58790516459039,2.16314705718869,0.735676769624622,1.43712803926179,2.87173172325304,FALSE
"050908A","050908A",0.637489729512511,3.34,0.40784899196181,0.388380654628165,0.094313254191639,0.294800179230463,0.480720136862093,1.50376407650783,0.548823306010663,0.971515424669226,2.02496350696785,FALSE
"060306A","060306A",0.408070285887185,1.559,0.38426904197663,0.384241831405136,0.022027002922772,0.362011933298567,0.404149984138376,1.42544516073239,0.120298369002168,1.3015050640241,1.53600429568334,FALSE
"060418A","060418A",0.396024896608593,1.489,0.444847546664213,0.444895350607791,0.0173597580537054,0.423712515059762,0.462592269840285,1.78766740303461,0.110970130455448,1.65284892301777,1.90129754237606,FALSE
"060604A","060604A",0.496334505996816,2.1357,0.458552031581013,0.464902422868132,0.0353614678753928,0.431623185412554,0.498204251661569,1.92633610623312,0.23457911818438,1.7016133012243,2.14922908496552,TRUE
"071010B","071010B",0.289365951520032,0.947,0.417374464576722,0.418885916577904,0.0932429708996078,0.325413712951001,0.509925649707603,1.68373351270104,0.569860807039572,1.11550463270965,2.23538284898185,FALSE
"090529A","090529A",0.559308010907013,2.625,0.408474800026024,0.408877821609145,0.0468287886211874,0.362074886006236,0.456327689816282,1.57847477077569,0.272712643628856,1.30183881473821,1.85974750536171,FALSE
"091208B","091208B",0.314499227973151,1.063,0.390650661107892,0.391144241339146,0.0182015392812414,0.373465331434512,0.410200983925364,1.46334834027783,0.103513127833717,1.36300875904841,1.57158560342072,FALSE
"110808A","110808A",0.370698092575577,1.348,0.402566064109418,0.401621719199619,0.0335352629136864,0.368669466427597,0.434493491124278,1.52875530280302,0.19366511816517,1.33705788884314,1.7195277320755,TRUE
"120118B","120118B",0.595826777073223,2.943,0.428279414043251,0.438453889763072,0.0327022199846208,0.406219227822571,0.472825932397481,1.75221477153103,0.20709575763645,1.54811619390244,1.970475213606,FALSE
"120729A","120729A",0.255272505103306,0.8,0.496248057586257,0.495567673428786,0.0168011035135637,0.478065642421002,0.511408145256512,2.13251471829307,0.121681327583724,2.00653070780294,2.24644571501226,FALSE
"120802A","120802A",0.680879174426811,3.796,0.521668804248287,0.520404434277061,0.0386649461660126,0.483760611626771,0.557077510633844,2.32737160200559,0.291139849682585,2.04621542906794,2.60643003375373,FALSE
"130606A","130606A",0.839666556882433,5.913,0.474104209821813,0.47477228887641,0.0240400559048523,0.447538387811266,0.499496165049374,1.98836631653701,0.164299601503502,1.80245332674956,2.15861115682464,FALSE
"130831A","130831A",0.16999753706657,0.4791,0.364254330251119,0.364849219333191,0.023723446366554,0.338920442883621,0.388150962592082,1.32001785122115,0.125270198020999,1.18233018216936,1.44428006047068,FALSE
"140206A","140206A",0.571708831808688,2.73,0.377786624758316,0.37665066647289,0.0173188128868187,0.360806607138158,0.391909005208899,1.38226796074199,0.0929481192372524,1.29512641728394,1.46552269885634,FALSE
"151021A","151021A",0.52244423350632,2.33,0.511573152001849,0.510825007381093,0.0185006398119582,0.491033565894256,0.53336698422479,2.24503604738572,0.13869481577739,2.09765871413887,2.41481345953036,TRUE
"151029A","151029A",0.384353414137506,1.423,0.564142717057061,0.461252945921901,0.282951399557821,0.380031205770029,0.615754348922687,2.28527606173654,1.45226782350791,1.39900568112313,3.12813944193542,TRUE
"160117B","160117B",0.271841606536499,0.87,0.435929790547589,0.440093211393215,0.0276463771076244,0.414049477928109,0.467357448183629,1.7604482556992,0.178168905872489,1.59447503005217,1.93330662277076,FALSE
"161117A","161117A",0.406369835469268,1.549,0.392717900143793,0.393226633053352,0.018941093544143,0.374293249027361,0.411169932324139,1.47537194424723,0.108488169976378,1.36751778378522,1.57732944446349,TRUE
"201014A","201014A",0.745074791582057,4.56,0.407492134183316,0.407671538456784,0.107018471037974,0.307710135536667,0.512422749095205,1.63267555524667,0.625702726381369,1.03100127067174,2.25403897088966,FALSE
"201020A","201020A",0.591398551281249,2.903,0.42503905325127,0.44243782502199,0.0457833158134477,0.408788192056163,0.46584483634642,1.78706746517187,0.356426624625523,1.56323363018251,1.92310784109772,FALSE
"210411C","210411C",0.582744965691277,2.826,0.385780851841394,0.381966743000739,0.0195907410721158,0.3625442501857,0.401767882232899,1.41216459910492,0.108412146868255,1.30432775608485,1.52213240596813,FALSE
"230328B","230328B",0.0374264979406237,0.09,0.347809022984518,0.367443247391359,0.0184369919683474,0.351028216849508,0.385749947799513,1.33255943981799,0.0985219612324563,1.24402781676677,1.43080403080292,FALSE
"060223A","060223A",0.73319726510657,4.41,0.67441767134945,0.67205441255254,0.0368966833763831,0.631045405207732,0.708291656407699,3.71648096916514,0.400465001733336,3.27607631336522,4.10847952390674,FALSE
"060614A","060614A",0.0511525224473813,0.125,0.334782009155792,0.334209286075974,0.0229469547742256,0.310179658631518,0.361450610874155,1.16180694291965,0.114806383503525,1.04258274530221,1.29853230380498,FALSE
"060904B","060904B",0.231214647962601,0.703,0.499004646002902,0.500973929861303,0.0308263899083648,0.469704643397147,0.534170818706015,2.1773765547432,0.22627719705755,1.94920284877682,2.42113986794018,FALSE
"060908A","060908A",0.459935016851525,1.8836,0.491375770290296,0.49145435455915,0.0124950524580192,0.47930866453273,0.504168614639299,2.1019467969395,0.0895760948005379,2.01514821558371,2.1927772090573,FALSE
"061121A","061121A",0.364363354615731,1.314,0.344341851200545,0.344346804582169,0.0167756208856982,0.32623169887654,0.360573161082319,1.21140774222409,0.0847825417582705,1.11949159673597,1.29389302715239,FALSE
"070110A","070110A",0.525304009958239,2.352,0.448258849073065,0.445192127459614,0.0208114470684859,0.426101857735774,0.464028234751492,1.79059143160084,0.136218510334934,1.66748421458863,1.91090636638052,FALSE
"070411A","070411A",0.59659709562646,2.95,0.583565545126834,0.570143774698323,0.0906139456096242,0.484526354768715,0.661040202691957,2.79676558652853,0.779094045149377,2.05159400576103,3.58184325962935,TRUE
"071025A","071025A",0.778151250383644,5,0.538713652816472,0.514652623350681,0.0920156473724441,0.427513056929725,0.60384555167042,2.34309148309804,0.690925996908086,1.67616613092809,3.0164794726587,FALSE
"080603A","080603A",0.429752280002408,1.69,0.412036412058263,0.406382817830395,0.103627638794284,0.306991746921804,0.504768632318325,1.61959803491194,0.596948971499113,1.02764459465864,2.19719146731593,TRUE
"100901A","100901A",0.381656482585787,1.408,0.366232340427911,0.36449471336115,0.0273624604205301,0.333890829533859,0.392250405244952,1.31926953633307,0.145039037354449,1.15720208199883,1.46746161475826,TRUE
"120907A","120907A",0.294466226161593,0.97,0.397880131777362,0.400292127090789,0.0209711341181524,0.375231922788084,0.421917074042358,1.51648986203537,0.120545584441075,1.37264040998024,1.64190425444547,FALSE
"130408A","130408A",0.677333151419902,3.757,0.448841931222962,0.440258848047443,0.0378530282102454,0.399521185596931,0.483419031228464,1.76643465327704,0.244378952535577,1.50911858226428,2.04382049601639,FALSE
"130505A","130505A",0.514547752660286,2.27,0.309813725536557,0.314521413832978,0.0279636483541812,0.289403360012904,0.346816228999161,1.0674541179225,0.136625002382984,0.947167714577551,1.22236929979785,FALSE
"130702A","130702A",0.0606978403536116,0.15,0.451221874650178,0.450951569855633,0.101023786709812,0.350226923405267,0.550279541433364,1.89980880190987,0.655996067645948,1.2398919104589,2.5504184772167,FALSE
"131117A","131117A",0.702602841340427,4.042,0.524502859098951,0.533178717506787,0.0454937727312147,0.483173288938235,0.575225677546779,2.43208116193594,0.360051456988516,2.04209862231609,2.76032757236774,FALSE
"151027A","151027A",0.257678574869184,0.81,0.364131390783137,0.365175708288222,0.0161451830090539,0.350943117770874,0.379949196082135,1.31991128814753,0.0845004324616525,1.2435880730114,1.39855233455559,FALSE
"161219B","161219B",0.0597526942092988,0.1475,0.298496475495362,0.296591388000637,0.0216228000847464,0.269779978622877,0.319661760287367,0.982103427216671,0.0979350635153939,0.861144016296472,1.08766956679349,FALSE
"170405A","170405A",0.65417654187796,3.51,0.522557685157456,0.522934553243066,0.0226774969712632,0.500089883790034,0.54600960356171,2.33835589978623,0.17733625066338,2.16293221456373,2.5156821468342,FALSE
"170604A","170604A",0.367169488534681,1.329,0.43559113258945,0.425152074322609,0.106755541526734,0.319574563128627,0.525872123122753,1.73999705781359,0.644916436115096,1.08725221612218,2.35638809951568,TRUE
"170705A","170705A",0.478566495593843,2.01,0.313826304443344,0.313156779396726,0.0323000135588006,0.28551858552534,0.340101183758449,1.06238136391165,0.155999397443003,0.929827960085526,1.18827141024218,FALSE
"171222A","171222A",0.532627001228891,2.409,0.412764348964138,0.416240751541381,0.0881192016037835,0.33137750388092,0.501785467884155,1.6612215796162,0.537770618696011,1.14475421830604,2.17530643449785,FALSE
"180404A","180404A",0.301029995663981,1,0.492406646343574,0.490672295416189,0.0374404919356012,0.457128013052746,0.523460712737545,2.1063118448971,0.258927604680617,1.86502250247835,2.33780315503945,FALSE
"210517A","210517A",0.542327382773974,2.486,0.424789308359155,0.43444825934056,0.0424071948835399,0.394557585497891,0.476765906273092,1.73220332721996,0.266884880277685,1.48060498616666,1.997546346863,FALSE
"211024B","211024B",0.325043347403704,1.1137,0.444478597280474,0.445293826444306,0.0465537522031963,0.403652129986787,0.481568216099103,1.80487136691335,0.324347474301102,1.53309880478381,2.03087633077821,FALSE
"050315A","050315A",0.469674772551798,1.949,0.34685393008257,0.346651755974167,0.0205283635760803,0.32657919618112,0.366924268551193,1.22399684643353,0.104453042361966,1.12118816914328,1.32768532644924,FALSE
"050525A","050525A",0.20682587603185,0.61,0.401640626190835,0.399266548367892,0.101100686557329,0.299186479411397,0.502089216924289,1.57496832574345,0.587567404647224,0.991528344406543,2.17752676794271,FALSE
"051111A","051111A",0.406540180433955,1.55,0.327985514157871,0.339805809698332,0.0945989773823632,0.245280132526786,0.429464605870604,1.2380634180216,0.476833620378463,0.75905791009966,1.68821878382828,TRUE
"060729A","060729A",0.187520720836463,0.54,0.30647117293806,0.309937074047135,0.0309576014724988,0.281659165095255,0.342258851929848,1.04671088695225,0.149343974865167,0.912754203881393,1.19917026567126,FALSE
"060912A","060912A",0.287129620719111,0.937,0.406561114701217,0.404979128393609,0.0205325027251463,0.385808144470884,0.424243268691015,1.54370560994647,0.121409472003672,1.43112978892469,1.65609295101028,FALSE
"061110A","061110A",0.244969460136198,0.7578,0.490709404501206,0.484270832586435,0.03828343134955,0.440320023879085,0.524878304704168,2.06166466296865,0.270404313311855,1.75625900136529,2.34871590880565,FALSE
"070810A","070810A",0.501059262217751,2.17,0.505259262712267,0.502019476909837,0.0245070978992588,0.476350888263212,0.52894473284359,2.18206749702463,0.179310296401433,1.99468323911939,2.3802183341024,TRUE
"080413B","080413B",0.322219294733919,1.1,0.669577744398835,0.645565756012423,0.118906278125585,0.52168658999049,0.758994512741245,3.58676101072321,1.24158397729738,2.32419576091058,4.74109208371662,FALSE
"080810A","080810A",0.638489256954637,3.35,0.484564512485829,0.482215189508766,0.0132212423469368,0.469323629660786,0.496566926984394,2.03680254371332,0.0926857799785585,1.9466165938203,2.13737857998289,FALSE
"080905B","080905B",0.528145078253106,2.374,0.588950142666547,0.586846254943499,0.0435324153194114,0.548029516747916,0.647158574238578,2.88231157959,0.406781134944359,2.53207176942859,3.4377065000999,FALSE
"080913A","080913A",0.888179493918325,6.73,0.427599520285726,0.411683729639404,0.118671519997201,0.29035426224231,0.526611573496361,1.67595349097333,0.718573511151517,0.95143577714894,2.36210733430256,FALSE
"090618A","090618A",0.187520720836463,0.54,0.30494978044666,0.305254184486179,0.0147704729829243,0.286603713168119,0.320834462373074,1.02070929472234,0.0682113420412343,0.934655822558486,1.09331440773625,FALSE
"090726A","090726A",0.569373909615046,2.71,0.444506879574673,0.42710113680658,0.0936553681539262,0.34465049310661,0.514293487282229,1.73325297204832,0.55937249649835,1.21131439887853,2.26808619843335,FALSE
"090809A","090809A",0.572523097849638,2.737,0.424622315834162,0.422699668457898,0.0564409735138854,0.367463874842163,0.480752318664323,1.66884224867686,0.342449437637075,1.33057926021641,2.0251877776103,FALSE
"100316D","100316D",0.0253058652647703,0.06,0.297592978553676,0.288789905211246,0.106952073788617,0.183251971015313,0.391078564918595,1.00222325872327,0.478149087937022,0.524937243977601,1.46081273100465,FALSE
"100728A","100728A",0.409425868671443,1.567,0.393027156126165,0.393133065503462,0.0251711223264416,0.369645954181241,0.42311766709928,1.47667930898281,0.145960743475104,1.34231853195118,1.649217822182,TRUE
"120119A","120119A",0.612783856719735,3.1,0.570548408382907,0.573170430427641,0.0952130329724335,0.473262055688959,0.669601900806183,2.83112618619018,0.815740148507541,1.97345976936871,3.67306587422936,TRUE
"120711A","120711A",0.381115080709851,1.405,0.481644424565698,0.470904576192776,0.102137106739402,0.376683059181905,0.572125859554309,2.03674271283044,0.680540094949991,1.38058204324533,2.73358343021954,TRUE
"130511A","130511A",0.362350507594848,1.3033,0.476439739667248,0.4758486014398,0.0285612712059617,0.442598631097112,0.505585976770611,1.99765149375288,0.195468105021358,1.77075822768067,2.2032141737474,FALSE
"151112A","151112A",0.707570176097936,4.1,0.385787087855037,0.389434785242255,0.0273898348037948,0.361266805992025,0.415966887385026,1.45641955185959,0.156377405284855,1.29755970561217,1.60595485507612,FALSE
"160121A","160121A",0.471291711058939,1.96,0.469215401314232,0.466656182868756,0.027284684450196,0.439778060630407,0.495357056609347,1.93432870263773,0.183327176645466,1.75282162003673,2.12865054032321,TRUE
"160131A","160131A",0.294906910605192,0.972,0.413030082951849,0.395091014671276,0.0988848108598386,0.297785543048552,0.488332857654655,1.54640168436632,0.555491815059629,0.985115376963596,2.07845546639527,FALSE
"181201A","181201A",0.161368002234975,0.45,0.34294691166727,0.360709062824794,0.0998983474287145,0.265069649001425,0.458581535133069,1.35553481734622,0.542875907807054,0.841067371944893,1.87462730564016,FALSE
"220117A","220117A",0.775319121829478,4.961,0.475863892269704,0.482666677595827,0.0338325656896428,0.45953510244877,0.505908079272637,2.04947540209126,0.31491016093914,1.88094589680991,2.20559083734664,FALSE
"231210B","231210B",0.615950051656401,3.13,0.453604098498946,0.467982150296288,0.0318863132711124,0.444250969031688,0.494913527891197,1.94581175888431,0.233375736603443,1.78132006675592,2.12545701779196,FALSE
"000926A","000926A",0.482873583608754,2.04,0.345257979058246,0.347014699100834,0.108492750644395,0.239560374345622,0.451177072259752,1.29153347348474,0.555631791494806,0.736042775237828,1.82603215537468,FALSE
"060115A","060115A",0.656098202012832,3.53,0.537635930367862,0.535387566068967,0.0274305191728871,0.507337005816319,0.561390924508271,2.43748380077623,0.21270262579241,2.21615542530044,2.64242757091842,FALSE
"060926A","060926A",0.6232492903979,3.2,0.58352704192494,0.580573989136549,0.0363367914230843,0.538876694971737,0.614131283347162,2.82018128988478,0.3173201886569,2.45841173907776,3.11274026784438,FALSE
"061021A","061021A",0.129141845792285,0.3463,0.40082816749077,0.40045275296645,0.0103915640094491,0.389436063579054,0.412458529931987,1.51522631607914,0.0602720004305293,1.45152351783824,1.5849879934548,FALSE
"071003A","071003A",0.415699348887829,1.60435,0.370996554317213,0.373875036765804,0.0282797522333545,0.34725512051628,0.401218937036282,1.37029530655524,0.156455650600279,1.22461632824453,1.51894685789149,FALSE
"081008A","081008A",0.472537053262077,1.9685,0.506196916391134,0.50635495506837,0.0233608131521816,0.480761950514237,0.528212799370934,2.21353352297409,0.173041117972829,2.02525483018213,2.37452649930439,FALSE
"090927A","090927A",0.374748346010104,1.37,0.351069755050786,0.351207006104843,0.0271296997371476,0.323236537685416,0.379740294955001,1.2493539183246,0.141679290001748,1.10492457327054,1.39739895099147,TRUE
"110503A","110503A",0.417139409727326,1.613,0.475651927861093,0.474929978305227,0.0197462494393205,0.447533000605118,0.49368994842079,1.9879598681854,0.134200252558813,1.80241856017045,2.11666375432705,FALSE
"110818A","110818A",0.639486489268586,3.36,0.60593890412635,0.607516101803532,0.0178911181388345,0.589233917437013,0.624835717145298,3.05399228292699,0.166157195056974,2.88359485894934,3.21537021720515,FALSE
"111107A","111107A",0.590284403718162,2.893,0.505953282131728,0.484376865040054,0.104077705500511,0.386971946139173,0.586421744687329,2.13718142294492,0.735985258965345,1.43765661340727,2.85852884611542,FALSE
"121024A","121024A",0.5182506513085,2.298,0.501794171885636,0.499946414926504,0.0209587108772851,0.47938960153738,0.522685812550598,2.16558032092748,0.153604011714791,2.015710211131,2.33185284887092,TRUE
"130427A","130427A",0.127104798364808,0.34,0.442149835568468,0.436202590820919,0.106215231242586,0.332451221772973,0.538113845744013,1.81046994033336,0.667806949299722,1.15006351980672,2.4523428350222,FALSE
"140419A","140419A",0.695131297704026,3.956,0.457936139383786,0.458205296256861,0.0175874750063504,0.441878821358766,0.47382588983957,1.8745038231272,0.1173566864828,1.76616970972861,1.97732257129254,FALSE
"140423A","140423A",0.629409599102719,3.26,0.472951548329,0.479110156909077,0.02751881627079,0.450111408064267,0.505823679922374,2.01986722236871,0.194075355102519,1.81910604575767,2.20496787901678,FALSE
"140430A","140430A",0.414973347970818,1.6,0.408423286136247,0.410894986439863,0.0302537845424894,0.382074050364562,0.439001850893844,1.58202621259702,0.1834351299483,1.41031637168757,1.74790588466338,TRUE
"140801A","140801A",0.3654879848909,1.32,0.45672841043641,0.433758422984548,0.106158918100075,0.328970242675491,0.541472394538409,1.79515676397128,0.667688675730022,1.1328993960945,2.47914402875525,TRUE
"150314A","150314A",0.440594261839831,1.758,0.367066428485289,0.367261451567639,0.0104081152110247,0.352318916426552,0.378535862685341,1.33015998557059,0.055640831236644,1.25070676571686,1.39075935094825,FALSE
"160425A","160425A",0.191730393362856,0.555,0.397696961820773,0.393067393046655,0.10103371185439,0.300788623460878,0.489511811827131,1.53769101376365,0.571724534405999,0.998888761610233,2.08682360049769,FALSE
"160804A","160804A",0.239549720840473,0.736,0.4142735616647,0.414420123332342,0.0196324436776492,0.394789285660105,0.433290059229973,1.59934351389652,0.117661451046043,1.48192861460189,1.71200234071875,FALSE
"161023A","161023A",0.569373909615046,2.71,0.503569767421317,0.508854912417101,0.105527368846562,0.41015060072531,0.60736978344531,2.32121312786793,0.785994036818333,1.57128728432717,3.04920571162584,TRUE
"170714A","170714A",0.253580289562183,0.793,0.390278733029384,0.38574502751392,0.0359137701466986,0.351293036376659,0.425572436944786,1.43921545996997,0.206336370092867,1.24539647434421,1.6642345271415,FALSE
"181110A","181110A",0.398807730203264,1.505,0.425933876406304,0.423245687003054,0.0338229229087457,0.389897802640748,0.467207529054965,1.65814144687011,0.211001801041742,1.45413134634017,1.93229411719133,TRUE
"190114A","190114A",0.641126932803509,3.3765,0.465067525392083,0.457196497674278,0.0178647121210131,0.439530511091153,0.475182716689437,1.86789820025432,0.118105092225139,1.75125288600201,1.98663889705157,FALSE
"201015A","201015A",0.154119525515847,0.426,0.490595678041276,0.47658719727184,0.113086367065209,0.372878003072335,0.58258425055838,2.09600417495876,0.781808215965941,1.35981527041356,2.82458465820436,FALSE
"050319A","050319A",0.627365856592733,3.24,0.444835133287686,0.441733845778865,0.0214517330483734,0.41858673650894,0.464068530108383,1.76860207380757,0.135802825504944,1.62172260847268,1.91117650335196,FALSE
"050416A","050416A",0.218220304175545,0.6528,0.403183079148152,0.399874662221111,0.0288975070386224,0.364627365183954,0.427724675456706,1.51664940987069,0.164270121595256,1.31540712630384,1.67747040446488,FALSE
"050502A","050502A",0.680335513414563,3.79,0.505410288950613,0.47992788717215,0.0975965154004595,0.38831694598493,0.573990975568203,2.09346691764442,0.662284770253411,1.44521484615185,2.74965271678391,FALSE
"051016B","051016B",0.286995073968852,0.9364,0.401589274727171,0.396786705972484,0.0245743379808459,0.369967900612736,0.42430603663558,1.49735125250135,0.140870503657678,1.34405555700259,1.65647685649476,FALSE
"060510B","060510B",0.770852011642144,4.9,0.495647608787316,0.493670044821631,0.0545137708782316,0.44249040613961,0.54374933428185,2.14100139060184,0.392995903850073,1.77006786944353,2.49743244260127,FALSE
"060714A","060714A",0.569490954348783,2.711,0.536985823494526,0.537833158437075,0.0199774309790193,0.522201954595149,0.557387692870059,2.45372042196723,0.156367450122723,2.32814281846683,2.60900673789099,FALSE
"061007A","061007A",0.354108439147401,1.26,0.442914653012092,0.426278164658338,0.0767787159170723,0.34886743368158,0.498449216690238,1.7097006432477,0.469122423036479,1.23289056113542,2.15100591396817,TRUE
"061126A","061126A",0.334212409393176,1.1588,0.500884383637474,0.485123757429507,0.0976496103355024,0.388569481637691,0.57565055351088,2.13079380829968,0.673098320239572,1.44663673067027,2.76400852960663,FALSE
"061222A","061222A",0.489677291663699,2.088,0.454745504881086,0.453470699007944,0.0278133745173096,0.422181477902592,0.478133055336859,1.84684021555771,0.183222602448254,1.64351317304199,2.00699744925885,FALSE
"070802A","070802A",0.537819095073274,2.45,0.46670247906753,0.471216649951292,0.0467310931499495,0.424994473395159,0.516196920279469,1.97679047476288,0.325088078443442,1.66069120148658,2.28244098641958,FALSE
"071117A","071117A",0.367542273520577,1.331,0.442218296682761,0.440023112992936,0.0254062648279522,0.414908215523406,0.466294026710658,1.75908750046922,0.161514353170504,1.59961009953604,1.92613277072418,FALSE
"090423A","090423A",0.966610986681934,8.26,0.62014993832506,0.615874551447831,0.0395043377082811,0.568807498326786,0.660322014357617,3.14627475175625,0.374033602592988,2.70516453432483,3.57427233048829,FALSE
"090519A","090519A",0.685741738602264,3.85,0.721716835943996,0.71340280126936,0.0493858096073838,0.662735530456414,0.763903671247367,4.2023448478286,0.590308298491596,3.59976380854393,4.80635615267827,TRUE
"100425A","100425A",0.440121603187804,1.755,0.505285776580566,0.502500172125598,0.0245476226676697,0.479629724751301,0.524531499852464,2.18562268473945,0.180654642172426,2.01737805981208,2.3460430051616,FALSE
"100508A","100508A",0.181872159010334,0.5201,0.365366789689724,0.368623548089866,0.0916788991848195,0.279417081583758,0.459336234355317,1.38855768676313,0.499680436415253,0.902904929113702,1.87962854368979,FALSE
"100621A","100621A",0.188084373714938,0.542,0.452100470158801,0.4531124095391,0.0584783041754531,0.401987398306406,0.488916973494957,1.86635207865207,0.431199374267707,1.52340755184266,2.08259858169563,FALSE
"100906A","100906A",0.43568513794163,1.727,0.385679478304112,0.384361101470517,0.0189320142280271,0.364548806390432,0.406216922903026,1.42534238806746,0.105647418421968,1.31498833549135,1.54810267595525,FALSE
"101225A","101225A",0.123851640967086,0.33,0.453681106065368,0.427720985376951,0.105163762750716,0.324984511617572,0.525383719246165,1.75414986389107,0.645491211118437,1.11341439199021,2.35261562499755,FALSE
"120327A","120327A",0.581266805273671,2.813,0.545240560243941,0.54416380495569,0.0182041588387776,0.523372590074367,0.562573646573528,2.50382481159758,0.14542819476296,2.3371258950432,2.65236057838722,FALSE
"140512A","140512A",0.236789099409293,0.725,0.342790792990369,0.344461416668059,0.0130421288455101,0.335578264611688,0.355183023406593,1.21134181743661,0.0658330912479115,1.16560010895078,1.26559889229841,FALSE
"160203A","160203A",0.655138434811382,3.52,0.576265714571227,0.577619777415414,0.0206223276952475,0.558299868049694,0.59706808090266,2.78539642398138,0.181232174187043,2.616594920944,2.95428607041867,FALSE
"161014A","161014A",0.582404298019028,2.823,0.488958588440705,0.485519606281567,0.107758649241507,0.385764535192731,0.590266117133513,2.15189242549444,0.769477872025753,1.43088568232177,2.89283719196913,TRUE
"161108A","161108A",0.334252642334231,1.159,0.396070125785053,0.395251222763789,0.0400564194650472,0.359268036137533,0.432624257100709,1.49493618039923,0.223797119124263,1.28700985631749,1.70784787515692,FALSE
"201021C","201021C",0.315970345456918,1.07,0.400328438792198,0.392074840372327,0.0907667163397642,0.305077829566569,0.478665944230302,1.52011144715928,0.52169166074057,1.01872831234585,2.0106894872684,TRUE
"210610A","210610A",0.657055852857104,3.54,0.408265520797548,0.395089662056307,0.134968284120586,0.276330249080068,0.511047540213189,1.59314744427151,0.707435887407102,0.88943199630142,2.24375157414507,FALSE
"060206A","060206A",0.703119346236078,4.048,0.487537638408582,0.483895268488743,0.0242808035068535,0.461529702866344,0.510140749988897,2.05192232286233,0.170793815954045,1.89420775582917,2.23698547089766,FALSE
"060607A","060607A",0.610116955411928,3.0749,0.468732949000622,0.465059854325236,0.0245720964877788,0.443629439420441,0.491398831453935,1.92256075548893,0.168763861570705,1.7773425253432,2.10026569901111,FALSE
"060927A","060927A",0.8109042806687,5.47,0.60070711847967,0.598529207177784,0.0197700464432496,0.578901413395836,0.618643139348062,2.97172200117733,0.180942281441532,2.79228889149586,3.15568996339422,FALSE
"070208A","070208A",0.335457900689384,1.165,0.512213234686023,0.512368820435547,0.0272469126042125,0.485380838337449,0.538856807706325,2.25999765823988,0.202789548723414,2.05760119557472,2.45825337295075,FALSE
"070508A","070508A",0.260071387985075,0.82,0.386598510853702,0.386554095696311,0.0213423990426189,0.356295431703508,0.405052618430293,1.43821365094625,0.117692879483442,1.27140946789943,1.5412805860176,FALSE
"070521A","070521A",0.489466281303128,2.0865,0.511921520177268,0.51099318931571,0.0275613045521728,0.481348765378744,0.542559738190966,2.24990849571213,0.207863966168741,2.02934521525082,2.48786557225359,TRUE
"080310A","080310A",0.534026106056135,2.42,0.50273596341921,0.505183720896174,0.019840367781787,0.483677034394634,0.527268959295057,2.20358554394944,0.146321480097109,2.04562924747749,2.36720036104972,FALSE
"080319B","080319B",0.287129620719111,0.937,0.188802902772595,0.188227724898464,0.0729761831745914,0.0793283770314814,0.249871412723665,0.56321691357918,0.242030418227665,0.200406610998561,0.777752969421122,FALSE
"080721A","080721A",0.555215405126073,2.591,0.338359138644669,0.342842243846855,0.172723425954685,0.268129927123465,0.417970885432739,1.40003360166817,1.99465642995904,0.854086271902564,1.6180118665257,FALSE
"080916A","080916A",0.227552503379865,0.6887,0.478902545815987,0.475382151895989,0.0173589695628053,0.459959504074804,0.491996452585941,1.99037271008294,0.117818179312392,1.88376259341914,2.10453423039175,FALSE
"090812A","090812A",0.538070787043172,2.452,0.471997801144466,0.471864872132991,0.0253797925820946,0.447923968659226,0.495509705824539,1.96900973568281,0.175771778304291,1.80494254612655,2.12975042666229,FALSE
"091029A","091029A",0.574262829707027,2.752,0.424374822829616,0.423354705273373,0.0193590894039193,0.405615453153307,0.438022157262878,1.65331178448451,0.11938916079827,1.54457617231114,1.74171411507232,FALSE
"110106B","110106B",0.208978517276253,0.618,0.459575361053126,0.452975048522457,0.0215423880727494,0.432400502347846,0.475097122278644,1.84124792901874,0.141147694278645,1.70645310359295,1.98605032219775,FALSE
"111008A","111008A",0.777412321496744,4.9898,0.383912093078772,0.393249892265932,0.0259175554429925,0.366739506560172,0.419105186781319,1.47755731859221,0.148328505055777,1.32669532298153,1.62485421063218,FALSE
"121128A","121128A",0.505149978319906,2.2,0.435222703758204,0.434230878788896,0.0113406795092037,0.4227126371708,0.444117319734926,1.71880299936154,0.0702450506841253,1.64674826732904,1.78046427729554,FALSE
"121211A","121211A",0.305995882770805,1.023,0.472389081806765,0.470953523512753,0.0283193796147003,0.444689881132972,0.50147032868424,1.96406805681266,0.197268210568168,1.78413241443,2.17300188905843,FALSE
"140518A","140518A",0.756407872548958,4.707,0.650692674773578,0.647698765183564,0.026721497381161,0.620831379467635,0.677199459510069,3.45164425935191,0.274292678755033,3.17668176134097,3.75553585914282,FALSE
"171205A","171205A",0.0156949885265181,0.0368,0.385805043742901,0.386406852274526,0.037806535263611,0.348195441876745,0.425430860199825,1.44378708299201,0.21551239874889,1.22943823122049,1.66336607259701,FALSE
"180205A","180205A",0.381836799998343,1.409,0.418369381937989,0.420512531244624,0.0202590697151835,0.398163792072901,0.443336199383704,1.63623955567972,0.123116416487896,1.50128853282941,1.77546784965554,FALSE
"180620B","180620B",0.325823419002744,1.1175,0.339422105388835,0.338067756396919,0.0210646104855756,0.316665326171162,0.359495883512968,1.18060857936125,0.105692810780432,1.07331518167759,1.28821002315944,TRUE
"180728A","180728A",0.0480531731156091,0.117,0.17731089333667,0.177591709674725,0.028950850099669,0.141592899147767,0.20198394006802,0.508576759280926,0.102473317288628,0.385456538741364,0.592149849321812,FALSE
"181010A","181010A",0.378397900948138,1.39,0.553270748662806,0.551782939446112,0.024735918253889,0.528335576198025,0.586257430699672,2.56856623590626,0.206343767787271,2.37548029218562,2.85706920684891,FALSE
"181020A","181020A",0.595275711802099,2.938,0.359715975805273,0.358488345559259,0.037516452079552,0.314326922447774,0.395808702056167,1.29148650300535,0.200031839002277,1.06218167094581,1.48776179861892,FALSE
"210731A","210731A",0.352664799651101,1.2525,0.423239234153912,0.428949734524228,0.0435197709554644,0.385781181417897,0.471147763767875,1.69843685848685,0.268203696567767,1.43097886012969,1.95901908897659,FALSE
"210822A","210822A",0.437116093048079,1.736,0.316062527292115,0.313378946879559,0.0262514976768351,0.292957746728474,0.346009355842527,1.06147696065311,0.126330037252409,0.963169282474256,1.21824428079016,FALSE
"050730A","050730A",0.696094159995223,3.967,0.445887355301387,0.443432495441014,0.0211943555647034,0.417214660408272,0.466560691178929,1.7793774736544,0.135028634589606,1.613452796604,1.92793001131242,FALSE
"050801A","050801A",0.40823996531185,1.56,0.396507711954485,0.399377557689783,0.0899840592162756,0.307088273022844,0.487282677117344,1.56118747100498,0.514600900615383,1.02809518903284,2.07102044773394,TRUE
"060218A","060218A",0.0141423615450058,0.0331,0.402298361561775,0.398756133228173,0.0521044447695458,0.347925283812215,0.447459157451093,1.52264287621796,0.300643200830689,1.22805181969715,1.8019421081837,FALSE
"060906A","060906A",0.670802284260944,3.686,0.59485081306403,0.591637994091777,0.0303045097119024,0.561155425679594,0.624004894757155,2.91480491409665,0.279552826157274,2.64045297921697,3.20731377774285,FALSE
"070223A","070223A",0.419873175149476,1.6295,0.511220544201436,0.507940401668373,0.0414863696308929,0.470533388970646,0.547670433518531,2.23527234942931,0.307845437450227,1.95483614957151,2.52915287838148,FALSE
"080516A","080516A",0.6232492903979,3.2,0.463400966389795,0.464868891490883,0.0264325042699323,0.43942045825148,0.490598246902864,1.92189777158784,0.175521126584595,1.75055589706943,2.09455539796901,FALSE
"080603B","080603B",0.566943971856554,2.6893,0.418502447138129,0.422066554327234,0.110158202741367,0.311445237184021,0.529032446347799,1.72694144864219,0.676247727445244,1.0485447917814,2.38090094786439,FALSE
"081028A","081028A",0.60616631460762,3.038,0.478031763182548,0.471185340735129,0.0329617127749174,0.438961448660513,0.512700721261698,1.96790585949073,0.229440007473655,1.74765024042929,2.25612239595001,FALSE
"090418A","090418A",0.416307587059883,1.608,0.547758513081907,0.545122719762361,0.0116978546030257,0.532823742311248,0.557596493000693,2.50978159810977,0.0945354653832827,2.41054467582995,2.61074229451262,FALSE
"100219A","100219A",0.753330221324521,4.6667,0.374334386842759,0.354868383319433,0.0620461338320194,0.299010671053141,0.413553307246686,1.28681656891722,0.323429629404078,0.990722291678683,1.59151250772472,FALSE
"100513A","100513A",0.761326322421457,4.772,0.587096455789227,0.586156536659403,0.0233930647055415,0.565371238020194,0.608233043816922,2.86172601782025,0.205997925941283,2.67596390509614,3.05726191141343,FALSE
"110422A","110422A",0.442479769064449,1.77,0.404957022699923,0.404349801356505,0.00956918977927569,0.395036792674816,0.413765963064217,1.53778862916987,0.0561848060660349,1.48334348096934,1.59278176175554,FALSE
"111228A","111228A",0.234010817587179,0.714,0.29200493250588,0.292777103505469,0.0284578668827855,0.265853611670745,0.323389883205465,0.966649199214323,0.132763716348271,0.84439363190423,1.10566793265142,FALSE
"130420A","130420A",0.361160995195026,1.297,0.489915471346172,0.484669190345346,0.0233791515726084,0.465307995274448,0.506511138600086,2.05697210154137,0.162192371322697,1.91949711496941,2.21004513374545,FALSE
"150323A","150323A",0.202215775801131,0.593,0.449440571984887,0.422161213045703,0.100525089292607,0.324067470952637,0.519352175311237,1.7129044340046,0.609390987595461,1.10895677171574,2.30637566044989,FALSE
"160227A","160227A",0.528916700277655,2.38,0.397876026443186,0.397016301152069,0.0275390164525366,0.368325069217705,0.430415772033306,1.49973273318232,0.159955341350156,1.33520530843615,1.69411278600941,FALSE
"161129A","161129A",0.216165902285993,0.645,0.48465766563261,0.484841339676564,0.0188846552524303,0.469625603894427,0.503099135227685,2.05667171235991,0.131677339493461,1.94866614865514,2.18492447836178,FALSE
"170113A","170113A",0.472463896606989,1.968,0.568548132878597,0.542894209124425,0.0992319719381101,0.446319401768177,0.642494665232966,2.5803719587888,0.79675310111464,1.79460029457046,3.39030476890632,TRUE
"170903A","170903A",0.27554168840131,0.886,0.387346578190484,0.386168073823409,0.016795458276923,0.368037916546247,0.403123804862801,1.43495301799621,0.0933507392756957,1.33366179654546,1.53001912985823,FALSE
"180720B","180720B",0.218535505216528,0.654,0.234306169083473,0.234977127152379,0.0323833695851842,0.21569677392948,0.27021050339858,0.72256209794705,0.127310081131431,0.643224017302373,0.862989912771306,TRUE
"190106A","190106A",0.456214155357989,1.859,0.391577344107559,0.392309976799571,0.0297049410593677,0.368835685693474,0.418453041700023,1.4737308681543,0.176581508743025,1.33795254178551,1.6209157326505,FALSE
"200829A","200829A",0.352182518111362,1.25,0.260607526960791,0.260854696466949,0.022890934279177,0.2342861673669,0.281577428660559,0.825821947994498,0.0965263240760716,0.715087050019015,0.912394248080149,FALSE
"201104B","201104B",0.470410490975931,1.954,0.452552197381763,0.447972731114299,0.0180654800441309,0.429344431216456,0.46808112575603,1.80768797931915,0.117183116243758,1.68747499012471,1.93819852221245,FALSE
"230325A","230325A",0.425534220498263,1.664,0.537071504426735,0.533937569219747,0.0345740417782481,0.501428199732052,0.566639571694375,2.43007671211022,0.271017299488158,2.17269409183083,2.6867150532247,FALSE
"050802A","050802A",0.433001340945038,1.7102,0.415122175430564,0.413646452733197,0.0166212066323203,0.397280586499318,0.430269340989821,1.59397160431607,0.0997905104598106,1.49620694143005,1.6932045594722,FALSE
"050820A","050820A",0.558072259099146,2.6147,0.386346789843315,0.386647183519273,0.0429682501349346,0.345207486625055,0.428441177487241,1.44767393319114,0.239931498424037,1.21415229101393,1.68189134734366,FALSE
"050826A","050826A",0.11293997608408,0.297,0.533191109073668,0.528571485697415,0.048059109129084,0.482729654325184,0.578366554422303,2.39788818939611,0.373114722467786,2.0389927071319,2.78762134679624,FALSE
"050922C","050922C",0.504878459410216,2.198,0.382469960351137,0.381037979727234,0.0203154906059508,0.364661703971388,0.388556646190212,1.40727449304345,0.117283629003006,1.31559020612768,1.44656436726057,FALSE
"070529A","070529A",0.544018407858776,2.4996,0.653915939950565,0.65100339360134,0.0237960654937339,0.630395474412664,0.672845222965948,3.48396067322036,0.249959677358913,3.26968150992069,3.7080951355697,FALSE
"071010A","071010A",0.298853076409707,0.99,0.493008075868128,0.477120874148912,0.110940578906973,0.368140200595133,0.583027637735156,2.09628415521249,0.768424974403418,1.33421152497223,2.82849107300105,FALSE
"080319C","080319C",0.469822015978163,1.95,0.374702277695485,0.377686991314795,0.0192025868810272,0.357322353048848,0.399534608819931,1.3884209379711,0.105540856059431,1.27678673837875,1.50919612954682,FALSE
"080430A","080430A",0.247236549506764,0.767,0.370042338406427,0.375143099596807,0.0231329192217612,0.353144924084296,0.403498136010469,1.37554853972086,0.128238869212838,1.25499158197309,1.53220076726614,FALSE
"080710A","080710A",0.265996370495079,0.845,0.519015667798531,0.51535794702033,0.0182931093621555,0.497390063100967,0.533172538792214,2.2790165760511,0.138603987671166,2.14333063967318,2.41328492221495,FALSE
"081029A","081029A",0.685553652846326,3.8479,0.537736521364413,0.526959841209161,0.0395096227392788,0.480818068598916,0.56292504861802,2.37867505873199,0.30561923349729,2.02564570257605,2.65531703996848,FALSE
"081228A","081228A",0.64738297011462,3.44,0.5356367558604,0.521536360199909,0.0891833983939761,0.429474147032039,0.610427171446276,2.39129172530242,0.666157789561061,1.68827782817439,3.07781173605716,FALSE
"091020A","091020A",0.432969290874406,1.71,0.456335538250493,0.454253084496785,0.0174558157501822,0.431318787939665,0.471053810597702,1.84840368432044,0.113529605004878,1.6997204016,1.95837899731556,TRUE
"091109A","091109A",0.610234175334389,3.076,0.554302431388104,0.556534155789009,0.0165136912588672,0.539416642080212,0.572824342124005,2.60451779760091,0.136691893584418,2.46271415479386,2.73959304370614,FALSE
"100704A","100704A",0.662757831681574,3.6,0.415791026905997,0.416067515716562,0.0181034516392055,0.397221105451159,0.434833819905318,1.6088328069504,0.109550551237758,1.49586509320457,1.72165968683533,FALSE
"111123A","111123A",0.618215503279417,3.1516,0.521433677922864,0.518248198634026,0.0277834642058591,0.487475878335814,0.547827237598289,2.30473911550578,0.211962972484592,2.07238671765334,2.53042701714452,FALSE
"121027A","121027A",0.442949869577862,1.773,0.384217970613508,0.384642806936183,0.0459424540838995,0.334847502348666,0.443937603461401,1.43818555155533,0.257636166776764,1.16195924717471,1.77931393131871,TRUE
"130514A","130514A",0.662757831681574,3.6,0.442587014234716,0.445693834805965,0.02615587627764,0.418276930628194,0.472557740380042,1.79564490415669,0.168886522635841,1.61985305251865,1.96864141054825,FALSE
"130925A","130925A",0.129367595722986,0.347,0.0843080858980498,0.0818580750430144,0.082020612825859,-0.0200198506304931,0.166222483260202,0.228510988773368,0.223054175005716,-0.0450510277741856,0.466298814553233,TRUE
"131105A","131105A",0.429106008332697,1.686,0.432158403133053,0.430793219017635,0.0161841362266473,0.415251039735145,0.446030402155735,1.6983121747962,0.0994505860792437,1.601663072067,1.79273933672768,TRUE
"141004A","141004A",0.196728722623287,0.573,0.418163692730052,0.417709274646221,0.0154361722852592,0.401474332677361,0.432618805279258,1.61807769242368,0.0926723134042856,1.52042821620978,1.70781385077927,FALSE
"141221A","141221A",0.389166084364532,1.45,0.4967359205822,0.477376303098483,0.0914360353404029,0.389898572411324,0.567526776961588,2.06670782387475,0.621057626162543,1.45413599285671,2.69425442178592,FALSE
"170607A","170607A",0.19228861256812,0.557,0.474717927858556,0.448586337702087,0.103253292072189,0.350624568917997,0.550177734642492,1.88713267961689,0.663888329974946,1.24194434394723,2.54958628601553,FALSE
"190829A","190829A",0.0328201494385639,0.0785,0.293576376731581,0.295322369175266,0.0342565102472018,0.263495586501219,0.33024822496915,0.980110026414084,0.159358837194956,0.834406525606045,1.13918441156078,FALSE
"200205B","200205B",0.391816923613249,1.465,0.546257069005642,0.535821595566316,0.0380521586965998,0.49758208616924,0.573242622662777,2.44737839667074,0.30308155190361,2.14472075354625,2.74319650084974,FALSE
"230818A","230818A",0.534026106056135,2.42,0.391578153475287,0.385320535273677,0.0339201012776088,0.350627811729176,0.418667620752243,1.43582854698481,0.191160749839558,1.24195976908171,1.62221091524532,FALSE
"011211A","011211A",0.496929648073215,2.14,0.521111053136459,0.512979051376177,0.112213029471678,0.404313632924487,0.620683386013394,2.36910202488098,0.893679221720851,1.53696044061159,3.17526035667076,TRUE
"050401A","050401A",0.591064607026499,2.9,0.397646664774767,0.398524856650089,0.0202155996869534,0.38116381874567,0.419786340724202,1.50605550042317,0.115132864150836,1.40526997843472,1.6289743046998,FALSE
"050505A","050505A",0.721810615212547,4.27,0.539832136275838,0.539430228992401,0.0199389671598042,0.517440369111334,0.557615261274611,2.46646322560666,0.158742760005249,2.29185251390111,2.61089833720834,FALSE
"051109B","051109B",0.0334237554869497,0.08,0.514327384993249,0.508905895560945,0.0273807910956333,0.481267867973521,0.53720053656006,2.23420246770362,0.203721736639939,2.02878101061248,2.44508985169296,FALSE
"060512A","060512A",0.15836249209525,0.44,0.442331206340999,0.426551427068403,0.099780177936093,0.329917326531824,0.521809941394274,1.74006761595743,0.619947344776369,1.13755580968576,2.32514008798073,FALSE
"060526A","060526A",0.625415352154408,3.221,0.446918071282068,0.464011689322876,0.0385849249040262,0.421044164846858,0.503905462165503,1.92228690771097,0.259617005131791,1.63659950281068,2.19084319265621,FALSE
"060814A","060814A",0.465813957269479,1.9229,0.394640600138198,0.396012090944197,0.0284539542367564,0.366350391427844,0.430296480785323,1.49421838579616,0.161219015227201,1.32461156443326,1.69337288381173,FALSE
"071112C","071112C",0.260071387985075,0.82,0.40453600241188,0.389061009058053,0.0918529574283469,0.299834836798629,0.478026355554316,1.50349665011447,0.517714415698039,0.994503865762871,2.00625882980278,FALSE
"080411A","080411A",0.307496037913213,1.03,0.261765695974517,0.262360910057901,0.0231367379988075,0.237170889424383,0.289046838395474,0.832218872112926,0.0978100869945514,0.72651712571787,0.945569899700523,FALSE
"090313A","090313A",0.6414741105041,3.38,0.465401250347926,0.463036340975853,0.102696656787805,0.370175914975185,0.559520063294292,1.98324371502102,0.675590276865424,1.34518196269059,2.62677041548181,FALSE
"090516A","090516A",0.708335902682263,4.109,0.490214856423715,0.485993249639271,0.032948667817223,0.459207831908268,0.512205482687891,2.07064841084988,0.23155830394198,1.87877572909692,2.2524114702307,FALSE
"091127A","091127A",0.173186268412274,0.49,0.173934575492825,0.172306398937741,0.0220196115629746,0.152073912541249,0.196883762789042,0.488919619293088,0.0769806710386057,0.419299051541147,0.57356165281618,TRUE
"100814A","100814A",0.387389826338729,1.44,0.281015288391092,0.280584746548399,0.0273290652930601,0.256284101319216,0.308958070756427,0.91186486845797,0.123200054256267,0.804197605549988,1.03684541994069,FALSE
"110801A","110801A",0.456062224454951,1.858,0.555756120354134,0.552147020052839,0.0994447173018537,0.463290245519531,0.645918111560113,2.65819742876799,0.824327784517763,1.90596725196534,3.42504930935879,FALSE
"120404A","120404A",0.588383768378728,2.876,0.52792209781454,0.525403616926379,0.024311815293265,0.501683045690588,0.548482044795011,2.35795869647275,0.18479956340992,2.17455639215233,2.53575402802461,FALSE
"120811C","120811C",0.564784384503987,2.671,0.438818763739922,0.443087933733999,0.0184052584245913,0.426313681746144,0.461622205700657,1.77636498543532,0.117270625128917,1.6687856486102,1.89482427664343,FALSE
"120815A","120815A",0.526339277389844,2.36,0.392820675401386,0.384355389918711,0.0891627160953739,0.298942060748261,0.467862534399526,1.47349199910174,0.498284265818723,0.990407784654815,1.93671995617324,FALSE
"140506A","140506A",0.276231957921834,0.889,0.345658625541446,0.350143583825006,0.0262063188824443,0.321534922671891,0.378254943925104,1.243540041755,0.135550042284463,1.09669337370998,1.38921341451613,FALSE
"140614A","140614A",0.718750734739665,4.233,0.486838073366686,0.502765449454412,0.0385562636031486,0.467530155750724,0.54452231386967,2.19511250214576,0.286893354662966,1.9344732655343,2.50366290359881,FALSE
"141121A","141121A",0.392696953259666,1.47,0.303675262946747,0.305642716673884,0.0537040943813098,0.250363193051098,0.366923719014869,1.03684801424857,0.252001508352654,0.779767208387633,1.32768238378247,FALSE
"150120B","150120B",0.653212513775344,3.5,0.475226214360705,0.469969075475899,0.0194289061782503,0.450730087053338,0.4903539169911,1.95395181695216,0.132278972980847,1.82312488631253,2.09281482697719,FALSE
"160327A","160327A",0.777426822389311,4.99,0.512479087251182,0.507690511836921,0.0260327142139343,0.481236943345805,0.533051097469174,2.22459832155826,0.19553960636665,2.02856530884897,2.41233058252486,FALSE
"170519A","170519A",0.259593878885949,0.818,0.48798292023498,0.491104671982046,0.0228515743915165,0.467879965740862,0.512579704355978,2.10243470866888,0.162287891866398,1.93683783882484,2.25521520064263,FALSE
"191011A","191011A",0.434888120867316,1.722,0.47866192063598,0.479556470964292,0.0278281942429303,0.454181082688837,0.510670012021647,2.02305353265563,0.193455145903404,1.84564737645689,2.24093269508086,FALSE
"191221B","191221B",0.332034277027518,1.148,0.440979182634237,0.432000583447973,0.0208714412354222,0.411487550436394,0.450858454989346,1.70703302501166,0.127026597973103,1.57921502716233,1.82395944442749,FALSE
"210610B","210610B",0.328379603438738,1.13,0.369094814557091,0.370515744601318,0.0135404143919149,0.356303744853169,0.386044347439721,1.34815388548513,0.0731857302902462,1.27145295045914,1.43245238412615,FALSE
