"","InvZphot","InvZspec","Dlogz","Zphot","Zspec","Dz","normDz","SD","z_SD","pred_max","pred_min","linpred_max","linpred_min"
"9",0.3966,0.4697,0.0731,1.49229817805262,1.94917130750827,0.456873129455652,0.154915765080347,0,0,0.418657854070222,0.375958825407788,1.62215194538378,1.37661495382751
"10",0.4165,0.3874,-0.0291,1.60915572301414,1.44005715942821,-0.169098563585927,-0.0693010665477824,0,0,0.451807239004064,0.367092953305607,1.8301355652911,1.32858959910748
"12",0.2532,0.2182,-0.035,0.791430648406026,0.65272272994873,-0.138707918457296,-0.0839269140212034,0,0,0.274969431873059,0.235139052796743,0.883516512170644,0.718458516671593
"15",0.4842,0.433,-0.0512,2.0492989203838,1.71019163189084,-0.339107288492957,-0.125122992965767,0,0,0.505194484091804,0.470585251771076,2.20032794744962,1.95518893352988
"17",0.2363,0.2619,0.0256,0.723058410567202,0.82767932897041,0.104620918403208,0.0572424914725845,0,0,0.30737753334658,0.146461094745914,1.02944615586367,0.401074067378846
"20",0.3505,0.5049,0.1544,1.24130004578233,2.19815862166661,0.956858575884278,0.299190468353207,0,0,0.36937315540624,0.336115383071809,1.34084768283178,1.16828009552906
"21",0.4137,0.287,-0.1267,1.59238798529135,0.936421963946607,-0.655966021344746,-0.3387515911087,0,0,0.432854510214274,0.396312835537115,1.70928386267671,1.49065076383949
"22",0.4978,0.5245,0.0266999999999999,2.14629905616199,2.34580017853301,0.199501122371017,0.0596273273135187,0,0,0.509073278785706,0.465961149730792,2.22903891355098,1.92389080641961
"25",0.4599,0.518,0.0581,1.88336750678026,2.29609712177458,0.412729614994316,0.125217674038715,0,0,0.484215253311278,0.432755847613301,2.04940601988507,1.70866844009352
"27",0.4224,0.0141,-0.4083,1.64484362685436,0.0329992352432302,-1.61184439161113,-1.5603539060042,0,0,0.467448143383755,0.381779876182343,1.93391916056001,1.40868426841247
"28",0.4212,0.4081,-0.0131,1.63754574088934,1.55917509090989,-0.0783706499794508,-0.0306234029308197,0,0,0.43419910858669,0.413753884206297,1.71768494523873,1.59270965052308
"29",0.4056,0.396,-0.0096,1.54448561514664,1.48885731828239,-0.0556282968642448,-0.0223509385032304,0,0,0.414090424507881,0.397851997862993,1.59471955275982,1.49949342038919
"31",0.5126,0.3984,-0.1142,2.25536732471636,1.50264932573108,-0.752717998985284,-0.300768466139537,0,0,0.541590943378397,0.496362450916394,2.48009374876453,2.13590177484917
"33",0.5497,0.4963,-0.0534,2.54568377461133,2.13545086914429,-0.410232905467041,-0.13083697451748,0,0,0.566488187576158,0.539343527381913,2.68543017673691,2.46213124482496
"34",0.3226,0.0512,-0.2714,1.10184168026435,0.125122992965767,-0.976718687298586,-0.868099481927754,0,0,0.34169387002847,0.307816610798839,1.19631116855747,1.03149899025478
"36",0.5158,0.4654,-0.0504000000000001,2.27944234432135,1.92011530139416,-0.35932704292719,-0.123052347541084,0,0,0.54435362903473,0.498873992086229,2.50230229752318,2.15408935067718
"38",0.335,0.1875,-0.1475,1.16271852372702,0.539926526059492,-0.622791997667528,-0.404429683577947,0,0,0.385038919904763,0.310879730246331,1.42682756886967,1.0458779905299
"40",0.5187,0.4658,-0.0529000000000001,2.30141408645912,1.92280606593193,-0.378608020527186,-0.129535799497688,0,0,0.532840590436511,0.50367505147848,2.41067698351518,2.18915077061676
"41",0.532,0.2312,-0.3008,2.40408189701001,0.702942561877549,-1.70113933513246,-0.99894111123566,0,0,0.559174839607015,0.495894158897041,2.62388860674961,2.13252221010223
"42",0.5509,0.4599,-0.091,2.55549440858593,1.88336750678026,-0.672126901805668,-0.233104833228909,0,0,0.568478972223099,0.531392696977209,2.70236278775063,2.39932506827491
"43",0.3412,0.2871,-0.0541,1.19381499189791,0.9368678929189,-0.256947098979009,-0.132661138076787,0,0,0.361381946278513,0.323363372173148,1.29816891599042,1.10553939799261
"47",0.3897,0.245,-0.1447,1.45301384836088,0.757923613958693,-0.695090234402185,-0.395404117040616,0,0,0.449600692690946,0.368926491943525,1.81579279083948,1.33844140394798
"48",0.3977,0.3644,-0.0333,1.49861878071788,1.31419526151125,-0.184423519206625,-0.0796922897016864,0,0,0.403647580214585,0.384021781276334,1.53307226753529,1.42115047223723
"51",0.5798,0.4897,-0.0901,2.80014352941586,2.08816146918451,-0.711982060231346,-0.230552083281888,0,0,0.590245760120498,0.569675531981707,2.89265361560162,2.7125775313814
"52",0.5132,0.5253,0.0121,2.25986788904468,2.35196905022163,0.0921011611769433,0.0274767337636527,0,0,0.539574104566742,0.489983550489211,2.46396986000846,2.0901783854695
"55",0.567,0.3355,-0.2315,2.6897759857015,1.16520987930793,-1.52456610639357,-0.704119319315537,0,0,0.579437193626522,0.553937445012348,2.7969702434873,2.58044861257368
"57",0.5166,0.4199,-0.0967,2.28548886770972,1.62966242003022,-0.655826447679502,-0.249395680101009,0,0,0.541111603585951,0.479920987416138,2.47625481633755,2.01940234090515
"58",0.5823,0.3972,-0.1851,2.82208199742682,1.49574379483157,-1.32633820259525,-0.531440048190028,0,0,0.605108081866022,0.560338294428466,3.02817270057135,2.63360985221285
"61",0.4346,0.2601,-0.1745,1.72019476198438,0.820119908460103,-0.900074853524274,-0.494514042366458,0,0,0.448917543027582,0.423714136998009,1.81136700178901,1.65285881212333
"62",0.5945,0.4895,-0.105,2.93097244907467,2.08673964568386,-0.844232803390815,-0.273503081016662,0,0,0.60747926875062,0.580572637113266,3.05022610732053,2.80691024043786
"63",0.7325,0.544,-0.1885,4.40132114764635,2.49945167028357,-1.90186947736278,-0.543476423324532,0,0,0.764551203701914,0.693479222397336,4.81501987863504,3.93718297116035
"66",0.6043,0.5378,-0.0665,3.02068453991913,2.44984831362751,-0.570836226291621,-0.165467050837197,0,0,0.6284295550813,0.572991778665386,3.2503975746055,2.74103506304989
"67",0.5313,0.5011,-0.0302,2.39859958465667,2.17029736695272,-0.228302217703948,-0.0720128717525926,0,0,0.539059099523839,0.520398539681904,2.45986457041969,2.31435130554545
"68",0.4311,0.4157,-0.0154,1.6983606814263,1.60435390455169,-0.0940067768746107,-0.0360960070404843,0,0,0.467585600478375,0.411094591062502,1.93484791247576,1.57688235109265
"72",0.3549,0.4976,0.1427,1.26412291400066,2.14485046547696,0.880727551476301,0.280053872559161,0,0,0.384583900291853,0.322277999988195,1.42428626126938,1.10028388425752
"74",0.5243,0.3675,-0.1568,2.34425973533734,1.33077311528264,-1.0134866200547,-0.434828518232589,0,0,0.540026988254723,0.497518408971118,2.46758398304504,2.14425969701365
"75",0.4433,0.534,0.0907,1.77523650813727,2.41979442513709,0.644557916999816,0.188478556565276,0,0,0.464099314788653,0.426379609425386,1.91138281915925,1.66919073941939
"77",0.3384,0.2871,-0.0513,1.17971644113991,0.9368678929189,-0.242848548221005,-0.125382091937632,0,0,0.37793598875488,0.280707668828606,1.38745936614677,0.908568135679095
"78",0.412,0.4698,0.0578,1.5822601906346,1.94985045748424,0.367590266849644,0.124613187057333,0,0,0.429258656234694,0.3957819533701,1.68694425406454,1.487608049037
"80",0.243,0.3075,0.0645,0.749846688624657,1.03001851985968,0.280171831235027,0.138014421294242,0,0,0.251589414594177,0.234054688551273,0.784799413628089,0.714173151245714
"83",0.4168,0.2472,-0.1696,1.61095868658593,0.766851298453881,-0.844107388132051,-0.477746706171993,0,0,0.433777497287147,0.40464699607965,1.71504790807397,1.53890818729489
"86",0.5617,0.266,-0.2957,2.64502070830304,0.845015419179474,-1.80000528912357,-0.975604469432607,0,0,0.575464000609945,0.532042166877603,2.76239163886718,2.40441242497948
"88",0.5876,0.5281,-0.0595,2.86901131655109,2.37364980873767,-0.495361507813413,-0.146832521422478,0,0,0.61907995478602,0.567024087435218,3.15987187808537,2.68998063878481
"90",0.5297,0.4301,-0.0996,2.38610171713032,1.69215462407529,-0.693947093055034,-0.257766432451254,0,0,0.572342534143409,0.48230537982575,2.73544661549677,2.03602525453737
"92",0.3613,0.1845,-0.1768,1.29773531936064,0.529325746418779,-0.768409572941858,-0.502449902998914,0,0,0.373460956901715,0.348996219745904,1.36298495712469,1.23355278110574
"94",0.5131,0.4725,-0.0406,2.25911736313484,1.96824674346324,-0.290870619671603,-0.0979940836496044,0,0,0.523163392058935,0.50553780131219,2.33551879422012,2.20285886169566
"98",0.5105,0.4914,-0.0191,2.23966422434845,2.10027344199819,-0.139390782350255,-0.0449608026382393,0,0,0.549385793329444,0.440537757279581,2.54311944412449,1.75764118945502
"99",0.3899,0.5132,0.1233,1.45414376313743,2.25986788904468,0.805724125907255,0.247164656155245,0,0,0.39882028349962,0.377342821855308,1.50507240815428,1.38420075877315
"100",0.5154,0.4914,-0.024,2.27642325685378,2.10027344199819,-0.176149814855592,-0.0568175092136583,0,0,0.564490868002513,0.490663472061453,2.66851980489806,2.09502008757105
"101",0.4509,0.406,-0.0449,1.82422959714411,1.54683025258504,-0.277399344559074,-0.108919447724289,0,0,0.460466906013469,0.440486882444559,1.88713376624729,1.7573181682576
"103",0.5731,0.4163,-0.1568,2.74196740336664,1.6079544390266,-1.13401296434004,-0.434828518232589,0,0,0.587153099753755,0.549551156355642,2.86503205164588,2.54446878779929
"104",0.3326,0.1886,-0.144,1.15079986229812,0.54383186282482,-0.606967999473298,-0.393156802945303,0,0,0.366978137232288,0.312936522455287,1.32797406244521,1.05559012394081
"105",0.4835,0.3553,-0.1282,2.04438799002254,1.26620920889567,-0.778178781126868,-0.343383469660365,0,0,0.519558195870156,0.45456941896668,2.30794435855848,1.84819302773015
"107",0.3201,0.1875,-0.1326,1.08977726445704,0.539926526059492,-0.54985073839755,-0.357062969623986,0,0,0.326484119380185,0.306254124177727,1.1207238442695,1.02420327966598
"109",0.5353,0.5381,0.00280000000000002,2.43004643943377,2.45223220769057,0.0221857682568003,0.0064264994131556,0,0,0.555627832455964,0.523546655497618,2.59441180939143,2.33846367771794
"110",0.4377,0.3747,-0.063,1.73968101353102,1.36973618438321,-0.369944829147812,-0.156112242192099,0,0,0.47309898725113,0.414373374139347,1.97234343057607,1.59641060384837
"112",0.2988,0.2947,-0.00409999999999999,0.989756811090657,0.971060705241034,-0.0186961058496236,-0.00948530189857206,0,0,0.311242632566954,0.290026517056557,1.0475882682103,0.949963656573605
"114",0.462,0.433,-0.029,1.89734358770132,1.71019163189084,-0.187151955810481,-0.069054879222658,0,0,0.473171356859101,0.449191606914439,1.97283877477505,1.81314169007868
"117",0.1275,0.1732,0.0457,0.341219935405371,0.490047111787099,0.148827176381728,0.0998808528968129,0,0,0.15949680050567,0.111899916874021,0.443765967871818,0.293897628492597
"119",0.4054,0.3145,-0.0909,1.54331410598794,1.06300366731071,-0.480310438677229,-0.232820933034672,0,0,0.421884822864615,0.386133290470123,1.64170806981499,1.43295059781338
"120",0.4326,0.3385,-0.0941,1.7076966023305,1.18021839718595,-0.527478205144551,-0.241938241519922,0,0,0.465738849668977,0.381014660840477,1.9223945525844,1.40444396745418
"122",0.3375,0.2105,-0.127,1.17520403401952,0.623678350482441,-0.551525683537082,-0.339676687425935,0,0,0.374877821781594,0.312807378682274,1.37070667102009,1.05497895523118
"123",0.4492,0.4401,-0.0091,1.81319605679996,1.75486296095247,-0.0583330958474906,-0.0211745907779465,0,0,0.466452036248411,0.433173318923306,1.92719757200408,1.7112734352695
"125",0.4412,0.1881,-0.2531,1.76184944207529,0.542055483470472,-1.21979395860482,-0.79101820374168,0,0,0.459759291582356,0.427400255921388,1.88243346690851,1.67547104925929
"126",0.4803,0.4094,-0.0709,2.02203854982827,1.56684710166787,-0.455191448160404,-0.177334850940141,0,0,0.494724129931549,0.472665444041286,2.1240942673331,1.96937770944851
"127",0.3578,0.3874,0.0296,1.27929217743375,1.44005715942821,0.16076498199446,0.065885744263521,0,0,0.388690620807616,0.327884122219526,1.44731921923972,1.12757129496782
"128",0.5265,0.2562,-0.2703,2.36124369047053,0.803848252431749,-1.55739543803878,-0.863373865256834,0,0,0.55201749915965,0.510793228351127,2.5646549630954,2.241852329907
"129",0.4588,0.3817,-0.0771,1.87607362886303,1.40824129982783,-0.4678323290352,-0.194263062039774,0,0,0.487527221691023,0.434418919990403,2.07274995999771,1.71906080740116
"130",0.4327,0.4357,0.003,1.70832014429895,1.7270933226839,0.0187731783849512,0.00688395157906636,0,0,0.447682293387658,0.408740239574155,1.8033820832615,1.56295062471204
"131",0.5777,0.1903,-0.3874,2.78181256110951,0.549886873140185,-2.23192568796932,-1.44005715942821,0,0,0.66822453153473,0.529312494357591,3.65826865148128,2.38308176554297
"133",0.4986,0.209,-0.2896,2.15210009451928,0.618080037643066,-1.53402005687621,-0.948049553290765,0,0,0.511130356062978,0.481442412526907,2.24436984419906,2.02999849317612
"135",0.4097,0.3909,-0.0188,1.56862082938287,1.45980114878885,-0.108819680594021,-0.0442392185431742,0,0,0.427284943959542,0.390067705624094,1.67476076424667,1.45509162963061
"136",0.4805,0.4425,-0.038,2.02343057051134,1.77012903916373,-0.253301531347602,-0.0914403364487565,0,0,0.490970724998805,0.468978181426811,2.09721051485171,1.94427371235868
"137",0.5381,0.4171,-0.121,2.45223220769057,1.6127628960311,-0.839469311659466,-0.321295634186575,0,0,0.554170442232067,0.493312954456024,2.58237002403203,2.11395946127607
"138",0.3776,0.2601,-0.1175,1.38561303993091,0.820119908460103,-0.565493131470809,-0.310690042366077,0,0,0.38707171141254,0.366646905542093,1.438213386899,1.32619921879429
"141",0.4408,0.3707,-0.0701,1.75930685581751,1.34801031245518,-0.411296543362327,-0.175168116247436,0,0,0.459149565504482,0.416109712192377,1.87838952486283,1.60681200399786
"142",0.381,0.2245,-0.1565,1.40436280000693,0.676872335748593,-0.727490464258341,-0.43383771605581,0,0,0.475840944017873,0.316815334719446,1.99116895046123,1.07403143616647
"143",0.2769,0.234,-0.0429,0.891907940585479,0.713957307508425,-0.177950633077054,-0.10382442567122,0,0,0.29767201759013,0.255559683752871,0.984595569993706,0.801190649516587
"145",0.5172,0.1082,-0.409,2.29003107524706,0.282921253709402,-2.00710982153766,-1.56448403651772,0,0,0.60853716736578,0.420572880307615,3.06010408550643,1.63373988267324
"147",0.4704,0.2553,-0.2151,1.95392864296028,0.800113960418011,-1.15381468254227,-0.640967576449625,0,0,0.501546271075996,0.446265214497541,2.1735567663682,1.7942497097899
"149",0.4526,0.2945,-0.1581,1.83530641176069,0.970153207216759,-0.865153204543927,-0.439129912016402,0,0,0.474296019766867,0.41979709748228,1.98054731016122,1.62903941688492
"150",0.6023,0.5183,-0.084,3.00221117249703,2.29837477158568,-0.70383640091135,-0.213388850464977,0,0,0.609348459563761,0.590467059630498,3.0676957300406,2.89463766534115
"151",0.4411,0.4429,0.00180000000000002,1.76121357594945,1.77268159761239,0.0114680216629401,0.00413607594641067,0,0,0.484713492925696,0.408693694922671,2.05290642524704,1.56267596027034
"152",0.4746,0.5051,0.0305,1.98263424577877,2.19963176731835,0.216997521539579,0.0678195296583917,0,0,0.481966178473938,0.462429479813324,2.03365492322706,1.9002102280011
"153",0.454,0.306,-0.148,1.84446110744792,1.02301917867827,-0.821441928769644,-0.406047524129914,0,0,0.505570263109865,0.430015403345609,2.20309827169618,1.69163026766812
"155",0.3892,0.346,-0.0432,1.45019133688078,1.21819641980022,-0.231994917080566,-0.10458718398863,0,0,0.406604509743507,0.373142366315318,1.55037774343419,1.36125214970327
"156",0.5111,0.3612,-0.1499,2.24414307904885,1.29720630715835,-0.946936771890494,-0.412212333276177,0,0,0.524120975346502,0.499570222751168,2.34288145036413,2.15914982225703
"158",0.3327,0.5145,0.1818,1.1512951592892,2.26964046834305,1.11834530905386,0.342039230270659,0,0,0.365103043270934,0.302284283987974,1.31794455392895,1.00578456038407
"159",0.5554,0.3624,-0.193,2.59252666247662,1.30356250011753,-1.28896416235908,-0.559552502826954,0,0,0.570377963400235,0.5305582090563,2.71858714308864,2.3927996063009
"160",0.3502,0.3139,-0.0363,1.23975234517842,1.06015549032001,-0.17959685485841,-0.0871763591157445,0,0,0.440399473974648,0.316112283781802,1.75676327124641,1.07067663846216
"162",0.3618,0.17,-0.1918,1.30038220828702,0.479108388168207,-0.821273820118813,-0.555249247917466,0,0,0.394310249193759,0.316816163666082,1.47919249873785,1.07403539491587
"163",0.2033,0.1294,-0.0739,0.596981922338302,0.347100508275804,-0.249881414062499,-0.185495746254546,0,0,0.273550554932263,0.126140721070215,0.877372945070885,0.337028673390181
"164",0.3559,0.3608,0.00490000000000002,1.26934225635506,1.29509147602423,0.0257492196691675,0.0112192563730718,0,0,0.374011979289232,0.338423491166191,1.36598495833623,1.17983434608264
"165",0.4537,0.4291,-0.0246,1.84249690181553,1.6859628402601,-0.156534061555431,-0.0582785655888944,0,0,0.476416676590716,0.435565345473363,1.99513689261077,1.72624790890725
"166",0.2809,0.3439,0.063,0.909413549227291,1.20749637966914,0.298082830441846,0.135032081224307,0,0,0.291319893502658,0.26309084182658,0.955779517357675,0.832697729563657
"167",0.448,0.415,-0.033,1.80543363795171,1.60015956316527,-0.205274074786442,-0.0789467222298288,0,0,0.4755031289693,0.423952409774647,1.98884318065426,1.65431468479289
"168",0.398,0.2762,-0.1218,1.50034536169643,0.88886100147301,-0.611484360223421,-0.323731793788194,0,0,0.408244348003397,0.371806818944221,1.56002583442213,1.35400195367113
"169",0.5703,0.5315,-0.0388000000000001,2.71791965204486,2.40016505804071,-0.31775459400415,-0.0934526967309202,0,0,0.581211726936242,0.549155463091876,2.81251645624642,2.54124083132256
"170",0.3947,0.2368,-0.1579,1.48141841001687,0.725043297245844,-0.756375112771026,-0.438467320778924,0,0,0.409029717640749,0.369916337928291,1.56465952348791,1.34377726882749
"171",0.4154,0.5152,0.0998,1.60255550182625,2.27491475555579,0.672359253729542,0.205305879363396,0,0,0.442759597109821,0.395939258834736,1.77178536336181,1.48850924680415
"174",0.3882,0.1967,-0.1915,1.44455605318343,0.572895971065016,-0.87166008211841,-0.554175290771585,0,0,0.403279060513043,0.374290545029978,1.53092374589241,1.36750303834858
"175",0.3006,0.3927,0.0921,0.998020776765867,1.4700173280466,0.471996551280738,0.191090380590169,0,0,0.332203346115947,0.283719676867147,1.14883637051515,0.921850835515479
"176",0.5107,0.3654,-0.1453,2.24115648843844,1.31953003254778,-0.921626455890654,-0.397333271377536,0,0,0.576973790872483,0.4764076491403,2.77549405604588,1.99507463492641
"178",0.3627,0.4406,0.0779,1.30515429444259,1.75803644059724,0.45288214615465,0.164204554910297,0,0,0.381065640811746,0.345681441563911,1.40472623141158,1.21656995177533
"180",0.3907,0.4857,0.095,1.45866862928973,2.059849034655,0.601180405365263,0.196473877814383,0,0,0.417083049009196,0.359588701924368,1.61266091901468,1.28869911628268
"181",0.5064,0.2443,-0.2621,2.20922376804843,0.755092458117967,-1.45413130993047,-0.828521200239087,0,0,0.549546622064551,0.458915202823584,2.54443178164329,1.8768366497298
"182",0.4831,0.3727,-0.1104,2.04158529594774,1.35884823562898,-0.682737060318758,-0.289436619959871,0,0,0.508324624863251,0.464437249766007,2.22347736415759,1.91364911774049
"183",0.5086,0.5224,0.0137999999999999,2.22552193768908,2.3296608520688,0.104138914379724,0.0312761326172364,0,0,0.521747283071571,0.497230072277307,2.32466034267435,2.1421728536545
"184",0.3726,0.2577,-0.1149,1.35830515327765,0.810089295270756,-0.548215858006895,-0.302866747756161,0,0,0.382184344071737,0.362208787045943,1.41092857334165,1.30254850142104
"186",0.482,0.3359,-0.1461,2.03389118419427,1.16720502996424,-0.866686154230033,-0.399909626568343,0,0,0.516446013626592,0.464875562631246,2.28432414916966,1.9165912102984
"188",0.4155,0.4713,0.0558,1.60315483137418,1.96005649507582,0.356901663701637,0.120572585116317,0,0,0.465090477281349,0.33581629405995,1.91803486966909,1.1667873630108
"190",0.5956,0.5289,-0.0667,2.94094160732286,2.37987002861989,-0.561071578702967,-0.166003891851448,0,0,0.623165882371157,0.575508496929135,3.19919345032119,2.76277714032485
"193",0.4758,0.2395,-0.2363,1.99088696506382,0.73580126287145,-1.25508570219237,-0.723058410567202,0,0,0.506901094372496,0.449241359268638,2.21292874734457,1.81346397931969
"194",0.4294,0.3343,-0.0951,1.68781887863813,1.15923544111087,-0.528583437527262,-0.244801204844674,0,0,0.4424465174221,0.412563790254501,1.76978792380019,1.58561459317921
"195",0.5288,0.4064,-0.1224,2.37909187437723,1.54917705050912,-0.829914823868111,-0.325561860719859,0,0,0.537816142131666,0.517719879931258,2.44997654215207,2.29397182364286
"196",0.4907,0.2162,-0.2745,2.09528041659398,0.645129158770971,-1.45015125782301,-0.881481706218359,0,0,0.508857414349231,0.458732165381459,2.22743433073002,1.87562443567771
"197",0.3832,0.0598,-0.3234,1.41657345143683,0.147624998943401,-1.26894845249343,-1.10571698391175,0,0,0.396070954982536,0.343149386139968,1.48926398072431,1.20368434347753
"199",0.4997,0.2596,-0.2401,2.16009399044795,0.818025623774264,-1.34206836667369,-0.738201018249413,0,0,0.520490423634416,0.478901971572582,2.31505259908782,2.01232600884403
"200",0.503,0.5271,0.0241,2.18419752172612,2.36589062949252,0.181693107766397,0.0539806927100869,0,0,0.512652793339047,0.490099971908391,2.25576307498337,2.09100688132503
"203",0.3089,0.4786,0.1697,1.03657308543033,2.01023222066338,0.97365913523305,0.323449841693104,0,0,0.343041622299199,0.276875492664423,1.20313759918826,0.891801182805848
"204",0.4257,0.2536,-0.1721,1.66501709994676,0.793081377080441,-0.871935722866323,-0.486277831007335,0,0,0.443615170886911,0.403766696710815,1.77725124984752,1.53376712341831
"205",0.3994,0.2755,-0.1239,1.50841852825238,0.885818969490405,-0.622599558761979,-0.330148104794078,0,0,0.433277633605444,0.378082546570628,1.71192474355806,1.38826517853952
"207",0.3861,0.5326,0.1465,1.43276410922469,2.40878806010259,0.976023950877892,0.286325794877526,0,0,0.481435792799379,0.286665426555648,2.02995230881872,0.934930750263489
"209",0.3741,0.3818,0.00769999999999998,1.36646453335256,1.40879588172571,0.0423313483731453,0.0175736552417295,0,0,0.391620305085739,0.352855076357972,1.4638842709366,1.25348710023803
"211",0.6567,0.4768,-0.1799,3.53628153169242,1.99778167158238,-1.53849986011004,-0.513212778200068,0,0,0.683920342333068,0.61906422558924,3.82970208216761,3.15972121934759
"212",0.502,0.301,-0.201,2.17687407064977,0.999861869632744,-1.17701220101703,-0.588546748597779,0,0,0.518845894745291,0.48439524550509,2.30252333352406,2.05067010003493
"213",0.4423,0.3258,-0.1165,1.76885364129124,1.1173858184864,-0.651467822804835,-0.30767553892022,0,0,0.464693150159804,0.420885759033231,1.91536644019763,1.63563799125092
"214",0.2437,0.2185,-0.0252,0.752669382466203,0.653864784771328,-0.098804597694875,-0.0597416418830976,0,0,0.285938943278963,0.195740779617251,0.93169672397576,0.569425770585839
"215",0.1104,0.0481,-0.0623,0.289436619959871,0.117120444656835,-0.172316175303036,-0.154250310364671,0,0,0.178659358785155,0.047346442164319,0.508896179055249,0.115183774972576
"216",0.5837,0.3784,-0.2053,2.83442281443092,1.39001155148473,-1.44441126294619,-0.604353255970204,0,0,0.608279140879601,0.553968768027909,3.05769258066933,2.58070685783523
"217",0.3908,0.3988,0.00800000000000001,1.45923482384623,1.50495541277255,0.0457205889263235,0.0182520569800157,0,0,0.422368996532699,0.33329131416927,1.64465482317506,1.15422625274054
"219",0.4127,0.4562,0.0435,1.586425658378,1.85890681551196,0.272481157133952,0.0953095622618806,0,0,0.427890475105324,0.397928559525684,1.67849274950526,1.49993409428443
"232",0.4348,0.6274,0.1926,1.72144774645437,3.24033335385019,1.51888560739582,0.358199575516082,0,0,0.473297218841617,0.398891035376619,1.97370045186527,1.50548054829935
"234",0.46,0.5911,0.1311,1.88403150312661,2.90031784475066,1.01628634162405,0.260565005744813,0,0,0.470118734700778,0.443502129962702,1.9520161879888,1.77652846333486
"238",0.6395,0.7218,0.0823,3.36013564000399,4.26987118996723,0.909735549963243,0.172629560983425,0,0,0.65239830254862,0.633150209512937,3.49157134560053,3.29685016303276
"240",0.4337,0.6961,0.2624,1.71456346702273,3.96706679223423,2.2525033252115,0.453487625480128,0,0,0.45436258165791,0.413223235156664,1.84683686885179,1.5895436450145
"242",0.5019,0.6532,0.1513,2.17614265257288,3.49987033872151,1.32372768614862,0.294170184140177,0,0,0.529657462684345,0.485204537987596,2.38577007896781,2.05636021642057
"243",0.4804,0.5581,0.0777,2.02273448003865,2.61493089917358,0.592196419134923,0.163819568244114,0,0,0.495046738971882,0.456165936913305,2.12641581532721,1.85868259122214
"244",0.6649,0.8627,0.1978,3.62274566491089,6.28953792855699,2.6667922636461,0.365838313728893,0,0,0.681210382975671,0.645547283998786,3.79965899668317,3.42127251050172
"248",0.6096,0.6561,0.0465,3.07005239440234,3.5300187543224,0.459966359920069,0.101537407429314,0,0,0.638914342791374,0.564379496318832,3.35425984837432,2.66757916010179
"249",0.6424,0.7031,0.0607,3.38934785534717,4.04777513500947,0.658427279662301,0.130439106745405,0,0,0.653597331349696,0.633218979684726,3.50398910550877,3.29753061957347
"251",0.6079,0.6911,0.0832,3.05415174406503,3.91020924883086,0.856057504765831,0.174342367378674,0,0,0.635528020867184,0.584804657882923,3.32044042386743,2.84418834695507
"253",0.6957,0.7332,0.0375,3.96249406079745,4.41003406863468,0.447540007837229,0.0827240646102204,0,0,0.711537952840953,0.676617091042258,4.14680782819807,3.74916316862171
"254",0.6218,0.7709,0.1491,3.18600747955102,4.90065196995666,1.71464449040564,0.290585599546593,0,0,0.633443042798127,0.605985319020923,3.29974839246692,3.03631748287194
"255",0.5275,0.6254,0.0979,2.36899215741491,3.22085079179884,0.851858634383938,0.201821546508848,0,0,0.557936282344347,0.488956208903826,2.61356842164048,2.08287707967908
"257",0.6088,0.6794,0.0706,3.06256198186844,3.7796929697961,0.717130987927666,0.15003704055038,0,0,0.629774689023891,0.592786002521982,3.26358267727793,2.91548894864916
"259",0.5424,0.6101,0.0677,2.48658293352873,3.0747409137987,0.588157980269976,0.144342423901907,0,0,0.559314172327418,0.534475198471585,2.62505142894588,2.4235383605212
"260",0.6372,0.6459,0.00870000000000004,3.33710563500441,3.42486474355665,0.0877591085522349,0.019833173133716,0,0,0.658439678833854,0.597515418147437,3.55448922368268,2.95836117400377
"261",0.5743,0.5695,-0.00480000000000003,2.7523211390275,2.71107729492926,-0.041243844098239,-0.0111137119549069,0,0,0.585403318974946,0.564389864289897,2.84949109197853,2.6676667177616
"263",0.6492,0.6708,0.0216,3.45861527948071,3.68597535308626,0.227360073605553,0.0485192636482413,0,0,0.662356215995603,0.633846905241732,3.59574809654449,3.30374870706515
"264",0.5684,0.6232,0.0548,2.70168961033235,3.19952334664066,0.497833736308309,0.118545295552778,0,0,0.587279793855733,0.553024759867116,2.86615973854376,2.57293207464766
"265",0.7229,0.8109,0.088,4.28323586767,5.46993622808681,1.18670036041682,0.183417628641408,0,0,0.735475602716793,0.704139313722143,4.43845579346692,4.05986947325709
"268",0.5896,0.6652,0.0756,2.88686986137302,3.6259400476616,0.739070186288579,0.159766486092308,0,0,0.604266282733018,0.572113710318584,3.02037239864774,2.73347897815236
"271",0.5314,0.6232,0.0918,2.3993822312328,3.19952334664066,0.800141115407858,0.190531412582316,0,0,0.558301125931765,0.504783307533854,2.616605395984,2.19729941000671
"273",0.5219,0.606,0.0841,2.32582964419117,3.03645392967605,0.710624285484876,0.176051627955013,0,0,0.538450128481511,0.507580060823751,2.45501652165127,2.21795569804614
"275",0.3605,0.5552,0.1947,1.29350663044759,2.59087262369451,1.29736599324692,0.361295464697411,0,0,0.380647468501684,0.331293166672833,1.40241188943714,1.14433762893244
"276",0.5089,0.6385,0.1296,2.22775081904805,3.35010760630697,1.12235678725892,0.258006672210056,0,0,0.552931625404705,0.489846091458517,2.57216594142725,2.08920046443286
"279",0.5736,0.6062,0.0326,2.7462779834406,3.03831321348852,0.292035230047917,0.0723161415693263,0,0,0.583147076599524,0.563145124823589,2.82954411315918,2.65716980007497
"280",0.5664,0.6856,0.1192,2.68468189147868,3.84841738708446,1.16373549560578,0.240023785638963,0,0,0.603715799521316,0.517668896224251,3.01527966647061,2.29358515274514
"282",0.4957,0.752,0.2563,2.13112207459949,4.64936974812302,2.51824767352354,0.445757276616602,0,0,0.521395617203038,0.475792963125457,2.32196931992044,1.99083850410769
"284",0.8188,0.9666,0.1478,5.58870404334073,8.25976574561247,2.67106170227173,0.288458884992567,0,0,0.840664098802061,0.778537286496886,5.92889689358624,5.00533565702902
"286",0.6688,1.017,0.3482,3.6644452520378,9.39920165829059,5.73475640625279,0.551461217379207,0,0,0.68141595677307,0.649645074417377,3.8019314586374,3.46318690740623
"287",0.4708,0.7083,0.2375,1.95665056508294,4.10857766163356,2.15192709655062,0.421238011650879,0,0,0.497319905206148,0.454680926015624,2.14282287293334,1.84892440790618
"288",0.8064,0.6857,-0.1207,5.40324324468947,3.84953390498341,-1.55370933970606,-0.320383230666653,0,0,0.848269756745695,0.776910202121016,6.05130916480686,4.98287875926908
"289",0.4848,0.5593,0.0745,2.05351459394029,2.62493313460957,0.571418540669282,0.157635608561598,0,0,0.52210264857117,0.440348568310366,2.32738189023949,1.75644015721409
"292",0.5581,0.5725,0.0144,2.61493089917358,2.73680125382116,0.121870354647582,0.0326135500310487,0,0,0.591008388520092,0.536501612785999,2.89949518588453,2.43954988681603
"293",0.5185,0.5743,0.0558000000000001,2.29989407910835,2.7523211390275,0.45242705991915,0.120572585116317,0,0,0.529835648594164,0.507342556135651,2.38715950555912,2.21619636042682
"295",0.6392,0.6102,-0.029,3.35712480503084,3.07567926559489,-0.281445539435947,-0.0690548792226581,0,0,0.667294642026937,0.595395160492359,3.64830527121905,2.93908325952975
"296",0.5189,0.7533,0.2344,2.30293479396034,4.66630568409604,2.3633708901357,0.417092021132766,0,0,0.533633708416484,0.489813796455462,2.41691132653498,2.08897075387171
"297",0.6349,0.7613,0.1264,3.31419727326874,4.77165017190231,1.45745289863358,0.252519271824336,0,0,0.656506128825538,0.61083480613442,3.53425696541825,3.0816410222519
"298",0.4031,0.6628,0.2597,1.52988045588793,3.60044666393478,2.07056620804685,0.450079385612502,0,0,0.420298729400759,0.380376475914046,1.63207784376041,1.40091329167445
"299",0.4165,0.5832,0.1667,1.60915572301414,2.83001081226449,1.22085508925035,0.318760220034085,0,0,0.44809811077965,0.388334619041898,1.80606748062109,1.44531391407293
"300",0.653,0.6395,-0.0135000000000001,3.49779854893288,3.36013564000399,-0.137662908928891,-0.0315730794395114,0,0,0.658261029998672,0.649853240156026,3.55261610094802,3.46532671193343
"301",0.4429,0.7774,0.3345,1.77268159761239,4.98963006402951,3.21694846641712,0.537086336222395,0,0,0.46112451237411,0.402572990438985,1.8915087600746,1.52681234745172
"303",0.5102,0.6182,0.108,2.23742711634235,3.15145180040569,0.914024684063338,0.220169889476741,0,0,0.537480404792499,0.485287336366991,2.447310520838,2.05694296800502
"304",0.418,0.5958,0.1778,1.61818300821899,2.94275689595591,1.32457388773692,0.335951194225426,0,0,0.428153430517869,0.409686929899725,1.68011500690078,1.56854352785583
"305",0.5602,0.5813,0.0211,2.6324529689937,2.81329145276777,0.18083848377407,0.04742320014454,0,0,0.573459813766053,0.546701356203675,2.74506891477464,2.52128645535813
"306",0.5085,0.5884,0.0799000000000001,2.22477931931638,2.87614486700241,0.651365547686035,0.168044686159979,0,0,0.520772452946631,0.497668606348638,2.3172060817665,2.14534730289741
"307",0.6032,0.6809,0.0777,3.01051366086576,3.79622998644458,0.785716325578825,0.163819568244114,0,0,0.679436529569342,0.5219420491939,3.78009501835134,2.32615167274973
"308",0.5033,0.5648,0.0615,2.18639784732817,2.67113199687964,0.484734149551469,0.132039422707622,0,0,0.513630469979477,0.486860688686135,2.26310065162969,2.06803767719959
"309",0.5073,0.6128,0.1055,2.21588122360449,3.10015240506613,0.884271181461641,0.215667881118038,0,0,0.547977531316587,0.461983994674111,2.53164897960548,1.89723681205537
"312",0.4513,0.569,0.1177,1.826832007002,2.70680721782576,0.879975210823755,0.237394382581328,0,0,0.503473984211895,0.393701572605512,2.1876746169,1.47572027075478
"313",0.5555,0.6773,0.1218,2.5933539675539,3.75663689318604,1.16328292563215,0.244559959432381,0,0,0.57031904838017,0.530363986215884,2.7180827254963,2.39128263595515
"314",0.4539,0.6628,0.2089,1.84380622147298,3.60044666393478,1.7566404424618,0.381841279942008,0,0,0.47020428883619,0.435935805281376,1.95259777969945,1.72857443203712
"315",0.5321,0.8397,0.3076,2.40486580608055,5.91353236037563,3.50866655429508,0.507507070394973,0,0,0.553297140097336,0.496858678645764,2.57517364424923,2.13948692464525
"316",0.5526,0.7026,0.15,2.56943929198846,4.04196701318537,1.4725277211969,0.292054215615862,0,0,0.571255799000995,0.521303821459452,2.72611109192392,2.32126723773569
"317",0.4762,0.5717,0.0955,1.99364294273985,2.72992414752473,0.73628120478488,0.197398439127373,0,0,0.492701375631456,0.454166926868305,2.1095774314471,1.84555462409912
"318",0.5337,0.6951,0.1614,2.41743293056299,3.95564285562297,1.53820992505998,0.310395637836297,0,0,0.549000972320206,0.526399018274905,2.53998133631273,2.36046222825483
"319",0.575,0.6294,0.0544,2.75837404288444,3.25990584332204,0.501531800437601,0.117733071782283,0,0,0.602911907795496,0.550540955775597,3.00785414149785,2.55255618984828
"320",0.8357,0.7564,-0.0793,5.85014871471007,4.70689654892806,-1.14325216578201,-0.200328174162672,0,0,0.84347619636125,0.821803931056329,5.97390771913108,5.63443480985501
"321",0.6003,0.7188,0.1185,2.98382268248835,4.23359365186758,1.24977096937923,0.238797860994282,0,0,0.648615285602961,0.544816289970863,3.45261644123558,2.50603534489407
"322",0.4373,0.6532,0.2159,1.73715883575059,3.49987033872151,1.76271150297092,0.391724954339848,0,0,0.444886979683692,0.4286552318646,1.78539620586986,1.68321350951275
"324",0.4918,0.7076,0.2158,2.10313021475341,4.10035023959447,1.99722002484105,0.391584877708291,0,0,0.50475701574281,0.48025300199652,2.19710585428126,2.0217115318728
"325",0.474,0.5551,0.0811000000000001,1.97851642942919,2.59004588990199,0.611529460472805,0.170340290689014,0,0,0.500010443674678,0.444831556374349,2.16235370579547,1.78504076496069
"326",0.5904,0.6551,0.0647,2.89403633879717,3.51960000030483,0.625563661507652,0.138411288933857,0,0,0.596390636509539,0.58381852533414,2.9481226570146,2.83546942747003
"327",0.5291,0.7774,0.2483,2.38142687473827,4.98963006402951,2.60820318929124,0.43545313507001,0,0,0.544507595609197,0.514920372310188,2.50354415784333,2.27280682617553
"330",0.4505,0.667,0.2165,1.8216295830908,3.6451527522275,1.82352316913669,0.392564737136417,0,0,0.470425838241796,0.416685146598298,1.95410439143556,1.61026828445077
"331",0.519,0.6542,0.1352,2.30369541036815,3.51024361117194,1.20654820080379,0.26751286733496,0,0,0.536697171677873,0.508859956392238,2.44109903389438,2.22745322183093
"332",0.4812,0.586,0.1048,2.02830769426578,2.85478357665772,0.826475882391938,0.21440266773901,0,0,0.533403347026047,0.429256691540317,2.41509938611675,1.68693209868945
"333",0.4031,0.5953,0.1922,1.52988045588793,2.93822024133837,1.40833978545044,0.357608183175614,0,0,0.412708738475841,0.376084764052099,1.58647770059004,1.37730423513152
"334",0.4745,0.6411,0.1666,1.9819475479256,3.3762285994535,1.3942810515279,0.318603340717168,0,0,0.487539209059467,0.442206953630335,2.07283477501562,1.7682604857396
"339",0.8214,0.7564,-0.0650000000000001,5.62826708608273,4.70689654892806,-0.921370537154671,-0.161448613840343,0,0,0.842437385187217,0.792540245254132,5.95724640719107,5.20212114882938
"340",0.6403,0.6708,0.0305,3.36817470864913,3.68597535308626,0.317800644437126,0.0678195296583917,0,0,0.653557367529817,0.623753237516146,3.50357466706791,3.2048764294241
"343",0.6534,0.6708,0.0174,3.50194308282431,3.68597535308626,0.184032270261948,0.0392729915108797,0,0,0.663550407771285,0.645049857125772,3.6084025447708,3.41621142671779
"345",0.5878,0.7188,0.131,2.87079347243257,4.23359365186758,1.36280017943501,0.260394724941762,0,0,0.655570851685321,0.548574018665115,3.52450269969295,2.53650290095049
"349",0.4667,0.5911,0.1244,1.92886935502902,2.90031784475066,0.97144848972164,0.249069057545935,0,0,0.49904977100135,0.450973103269653,2.15536621382558,1.82470502983728
"352",0.6402,0.7031,0.0629,3.36716901504156,4.04777513500947,0.680606119967913,0.134832892069119,0,0,0.674118157380701,0.621473208509016,3.72191491711722,3.18285883929988
"353",0.4933,0.7076,0.2143,2.11386657718256,4.10035023959447,1.9864836624119,0.389479853165898,0,0,0.524542738664995,0.464721380229967,2.34612945296589,1.91555595141068
"354",0.5836,0.6232,0.0396,2.83354000759044,3.19952334664066,0.365983339050218,0.0871487806688776,0,0,0.599031269247248,0.569537437411467,2.97220148331295,2.71139721406674
"355",0.4979,0.7076,0.2097,2.14702360170566,4.10035023959447,1.9533266378888,0.382978922256154,0,0,0.514669838557456,0.484145536664848,2.27091936927307,2.04891654256645
"357",0.7215,0.8109,0.0893999999999999,4.26623214893897,5.46993622808681,1.20370407914784,0.186045740902732,0,0,0.761208952028286,0.672644140658045,4.77044029707488,3.70591567330073
"358",0.6874,1.017,0.3296,3.86855409657711,9.39920165829059,5.53064756171347,0.531833860275636,0,0,0.721855659054627,0.642840201795839,4.27054661840834,3.3937991630666
"360",0.5117,0.7076,0.1959,2.24862812579202,4.10035023959447,1.85172211380245,0.363057834622291,0,0,0.550724493353927,0.479841529129304,2.55405785607598,2.01884996319577
"361",0.6404,0.6102,-0.0302,3.36918063385288,3.07567926559489,-0.293501368257986,-0.0720128717525926,0,0,0.655676315855228,0.62852498392753,3.52560156436757,3.25133162999821
"363",0.574,0.6652,0.0912000000000001,2.74973002245483,3.6259400476616,0.876210025206768,0.189412317535263,0,0,0.587035337376103,0.563368241273587,2.863984159768,2.6590491340616
"364",0.5194,0.5648,0.0454,2.30673962798845,2.67113199687964,0.364392368891191,0.0992588578130434,0,0,0.542346057670347,0.492655743856838,2.4861499030984,2.10925072206412
"365",0.583,0.5725,-0.0105,2.82824743316823,2.73680125382116,-0.0914461793470687,-0.0244717803103813,0,0,0.592287611949217,0.563940663389621,2.91099816287049,2.66387512583472
"367",0.5762,0.6773,0.1011,2.76877317445347,3.75663689318604,0.987863718732569,0.207681128687308,0,0,0.599096399706296,0.558772996583518,2.97279723278031,2.62053705403062
"368",0.6562,0.7031,0.0468999999999999,3.53106194978558,4.04777513500947,0.516713185223892,0.102364541090621,0,0,0.674118157380701,0.64421659741919,3.72191491711722,3.40774637990777
"369",0.5223,0.5743,0.052,2.32889425758537,2.7523211390275,0.423426881442124,0.112843987962039,0,0,0.526779058082441,0.517840399271734,2.36340416838381,2.29488604755442
"370",0.5886,0.5725,-0.0161,2.87793030876182,2.73680125382116,-0.141129054940667,-0.0377673430708556,0,0,0.622395464237154,0.56880307599108,3.19175088053502,2.70512680534355
"371",0.6043,0.7709,0.1666,3.02068453991913,4.90065196995666,1.87996743003754,0.318603340717169,0,0,0.624819393028824,0.58318967020923,3.21521171948972,2.82991971568952
