"","log10NH","log10PeakFlux","log10T90","log10Fa","log10Ta","Alpha","Beta","log10NHSqr","log10PeakFluxSqr","log10T90Sqr","log10FaSqr","log10TaSqr","AlphaSqr","BetaSqr","Gamma","log10Fluence","PhotonIndex","T90Err","log10FaErr","log10TaErr","AlphaErr","BetaErr","FluenceErr","PhotonIndexErr","PeakFluxErr","log10T90Err","log10FluenceErr","log10PeakFluxErr","Redshift_crosscheck","log10z"
"050315",21.91683806,0.285557309,1.14674992252982,-11.3757179,4.86356,1.10818,0.856,480.347790548265,0.0815429767233215,1.31503538482214,129.40695774038,23.6542158736,1.2280629124,0.732736,1.99544,-5.492144128,2.11,14.0200616236825,0.0324500000000008,0.04512,0.049165,0.001,8.84848484848485e-08,0.0545454545454545,0.133333333333333,0.434294481903252,0.0119343109944412,0.0300030730163057,1.949,0.469674772551798
"050318",20.92661714,0.499687083,1.04006635637149,-11.15490196,4.132084541,1.874408221,0.95,437.923304924142,0.249687180917049,1.08173802565587,124.431837737212,17.0741226539712,3.51340617895238,0.9025,1.98053,-5.966576245,1.9,10.9664574115296,0.0618196900000001,0.043780336,0.0859065194999999,0.037,4.66666666666667e-08,0.0606060606060606,0.121212121212121,0.434294481903252,0.0187658109674778,0.016658783334164,1.44,0.387389826338729
"050319",20.93735437,0.181843588,1.03962788975578,-10.70553377,3.73997,0.863159,0.971,438.372808014958,0.0330670904967137,1.08082614915805,114.60845330061,13.9873756009,0.745043459281,0.942841,2.01045,-5.882728704,2.02,10.9553911899328,0.0416499999999997,0.06193,0.034558,0.0089999999999999,8.96969696969697e-08,0.115151515151515,0.127272727272727,0.434294481903252,0.0297365640854658,0.036364370489667,3.24,0.627365856592733
"050505",22.23063027,0.267171728,0.834990741747428,-11.04817696,4.270583544,1.462094791,0.973,494.20092220144,0.071380732242506,0.69720953880392,122.062214139475,18.2378838062836,2.13772117786933,0.946729,2.01835,-5.603800653,1.41,6.83897067866905,0.0327217700000002,0.030067592,0.035926291,5e-04,1.08484848484848e-07,0.0727272727272727,0.187878787878788,0.434294481903252,0.018921434167657,0.0441052545503497,4.27,0.721810615212547
"050730",21.73850309,-0.259637311,1.25607518520895,-10.09854168,4.05018,2.38763,0.5615,472.562516593939,0.0674115332633107,1.57772487089769,101.980544062697,16.4039580324,5.7007770169,0.31528225,1.6177,-5.623423043,1.53,18.0332990692667,0.0266000000000002,0.017795,0.0538000000000001,0.0002104915,9.21212121212121e-08,0.0666666666666667,0.0848484848484849,0.434294481903252,0.0168099723091123,0.0669985978354264,3.967,0.696094159995223
"050802",21.25883595,0.439332694,1.00851666964939,-10.28650946,3.63973,1.44729,0.8585,451.938105949012,0.193013216017298,1.0171058729607,105.812276870669,13.2476344729,2.0946483441,0.73702225,1.8557,-5.698970004,1.54,10.1980390271856,0.0274999999999999,0.0326,0.03274,0.0023696055,9.51515151515152e-08,0.0787878787878788,0.266666666666667,0.434294481903252,0.020661888971532,0.0421134042893105,1.7102,0.433001340945038
"050803",21.34755638,-0.017728767,1.0186225860805,-10.86012091,4.21721,1.52234,1.218,455.718163397279,0.000314309179340289,1.03759197287332,117.942226179819,17.7848601841,2.3175190756,1.483524,2.11696,-5.66756154,1.38,10.4381272282503,0.0489000000000006,0.04766,0.0486949999999999,0.2248562595,8.18181818181818e-08,0.0666666666666667,0.0666666666666667,0.434294481903252,0.0165270627330643,0.030159339023807,3.5,0.653212513775344
"050820A",21.61964524,0.389166084,1.35556867326792,-10.01818139,3.750945731,1.136499703,0.9,467.409060303455,0.151450240935895,1.83756642794535,100.363958362942,14.0695938769071,1.29163157491909,0.81,1.96878,-5.463441557,1.25,22.6761161724926,0.266741013,0.238477529,0.0125257010000001,0.0405,1.46666666666667e-07,0.0727272727272727,0.139393939393939,0.434294481903252,0.0185164313807078,0.0247093954042276,2.6147,0.558072259099146
"050824",20.9708274,-0.301029996,0.609693333332289,-12.23882419,5.08558,0.954481,0.86,439.775601840591,0.09061905849176,0.371725960709838,149.788817553729,25.8631239364,0.911033979361,0.7396,1.94709,-6.575118363,2.76,4.07092717497179,0.0685500000000001,0.12722,0.0899785,0.01,3.15151515151515e-08,0.23030303030303,0.0909090909090909,0.434294481903252,0.0514543473223617,0.0789626331344128,0.8278,0.261928672990642
"050826",21.96085591,-0.420216403,0.768273162885104,-12.33348202,4.76235,1.801,1.11,482.279192299782,0.176581825350258,0.590243652809482,152.114778737663,22.6799775225,3.243601,1.2321,2.45742,-6.384049948,1.16,5.86506950125527,0.234050000000001,0.13858,0.23538,0.03,4.36363636363636e-08,0.187878787878788,0.0787878787878788,0.434294481903252,0.0458862758416538,0.0900451078111771,0.297,0.11293997608408
"051109A",21.97057233,0.595496222,0.850621056882249,-10.51999306,3.91123,1.22299,1.06,482.706048507762,0.354615750416273,0.723556182411474,110.670253982448,15.2977201129,1.4957045401,1.1236,2.06584,-5.657577319,1.51,7.08958896788783,0.0481500000000006,0.04637,0.019155,0.0547943805,1.64848484848485e-07,0.121212121212121,0.418181818181818,0.434294481903252,0.0325421760411363,0.0460949380699723,2.346,0.524525936626376
"051109B",21.36742302,-0.259637311,0.577281364372234,-11.57511836,3.65548,1.251,1.06,456.566766515626,0.0674115332633107,0.333253773651469,133.983365048009,13.3625340304,1.565001,1.1236,2.12549,-6.591760035,1.97,3.7781688614362,0.0922000000000001,0.126645,0.12217,0.0099999999999999,2.48484848484848e-08,0.145454545454545,0.0787878787878788,0.434294481903252,0.0421545307074316,0.0622129837043244,0.08,0.0334237554869497
"060115",21.43355223,-0.060480747,1.17860516739278,-11.29499204,3.69688,0.889919,1,459.397161196138,0.00365792075767801,1.38911014060497,127.576845183663,13.6669217344,0.791955826561,1,2.10553,-5.76700389,1,15.0870791029542,0.0811999999999999,0.123015,0.053884,0.085,9.09090909090909e-08,0.303030303,0.0727272727272727,0.434294481903252,0.0230884892235729,0.0363046588524029,3.53,0.656098202012832
"060210",22.3877421,0.434568904,2.0862762493439,-10.66756154,4.15028,1.20511,0.979,501.210996336112,0.188850132323761,4.35254858857645,113.796869209687,17.2248240784,1.4522901121,0.958441,2.08163,-5.11577123,1.53,121.976522977757,0.0292000000000003,0.030365,0.02297,0.083622271,2.47878787878788e-07,0.0545454545454545,0.16969696969697,0.434294481903252,0.0140538367709601,0.027095021154743,3.91,0.691081492122968
"060306",21.61973178,0.775974331,0.546399608851667,-10.70553377,3.61496,1.03794,0.76,467.412802239142,0.602136162370898,0.298552532553255,114.60845330061,13.0679358016,1.0773194436,0.5776,2.28823,-5.671620397,1.8,3.5188407189561,0.0349500000000003,0.04452,0.02498,0.01,7.15151515151515e-08,0.0606060606060606,0.193939393939394,0.434294481903252,0.014581519111212,0.0141083431552143,1.559,0.408070285887185
"060418",21.65363309,0.814247596,1.6556649761519,-9.792961075,3.11887,1.47655,0.98,468.879825996343,0.662999147591779,2.74122651325606,95.9020866164651,9.7273500769,2.1801999025,0.9604,1.94118,-5.079354999,1.7,45.254833995939,0.0490400000000006,0.057245,0.044705,0.005,1.53333333333333e-07,0.0363636363636364,0.212121212121212,0.434294481903252,0.0079942161609691,0.0141293055003077,1.489,0.396024896608593
"060502A",21.45692297,0.227886705,0.992457989068932,-10.55284197,3.3865,0.897152,0.87,460.399543340514,0.051932350315757,0.984972860066749,111.362473643793,11.46838225,0.804881711104,0.7569,2.02719,-5.63638802,1.46,9.82783800045578,0.0567500000000001,0.075085,0.0205255,0.015,6.18181818181818e-08,0.0484848484848485,0.127272727272727,0.434294481903252,0.0116222057308489,0.0327064160367775,1.5026,0.398391440229475
"060510B",22.00215742,-0.244125144,1.32816638879708,-12.2656,4.43617,1.00735,1.38,484.094931134461,0.0595970859330207,1.76402595633029,150.44494336,19.6796042689,1.0147540225,1.9044,2.1317,-5.390405591,1.78,21.2895454410942,0.2206,0.31628,0.2313695,0.03,1.06666666666667e-07,0.0484848484848485,0.0666666666666667,0.434294481903252,0.0113820011696242,0.0507946762076893,4.9,0.770852011642144
"060604",21.99003057,-0.468521083,1.23044892137827,-11.76955108,4.45991,1.21596,1.02,483.561444469534,0.219512005215493,1.51400454812096,138.522332624729,19.8907972081,1.4785587216,1.0404,2.1711,-6.395773947,2.01,17,0.0419499999999999,0.04994,0.0469499999999999,0,6.42424242424242e-08,0.254545454545455,0.0787878787878788,0.434294481903252,0.0694033093482565,0.100638650005198,2.1357,0.496334505996816
"060605",21.77333803,-0.337242168,1.54424377284712,-11.26121944,4.04162,1.9179,0.835,474.078248968644,0.11373227987734,2.38468882997711,126.815063275834,16.3346922244,3.67834041,0.697225,2.02128,-6.156767222,1.55,35.0141649091828,0.0531499999999996,0.037375,0.085,0.10149311,5.45454545454545e-08,0.121212121212121,0.0727272727272727,0.434294481903252,0.0339867861224412,0.068663159143846,3.78,0.679427896612119
"060614",20.51216256,1.06069784,0.519883480209376,-11.78251606,5.03344,1.9453,0.783,420.748812887866,1.12507990778067,0.270278832994613,138.827684704158,25.3355182336,3.78419209,0.613089,1.89544,-4.690369833,2.02,3.31042292001389,0.0429000000000004,0.0289,0.0598299999999999,0.006,2.2e-07,0.0242424242424242,0.448484848484848,0.434294481903252,0.00468356794668692,0.0169369126150239,0.125,0.0511525224473813
"060707",21.20847898,0.004321374,0.800318367698976,-10.9132,3.5545,0.861995,1.12,449.799580645102,1.8674273247876e-05,0.640509489676353,119.09793424,12.63447025,0.743035380025,1.2544,2.09345,-5.795880017,0.6,6.31420049148106,0.0769500000000001,0.127895,0.0364485,0.035,9.15151515151515e-08,0.3636363636,0.139393939393939,0.434294481903252,0.0248403283013014,0.0599386323358868,3.425,0.645913275033844
"060708",20.79066861,0.28780173,0.556452576118993,-10.86966623,3.50569,1.12969,1.485,432.251901250839,0.0828298357909929,0.309639469469464,118.149643951602,12.2898623761,1.2761994961,2.205225,2.20484,-6.306273051,1.68,3.60124423553101,0.0611499999999996,0.062725,0.028525,0.3341015195,2.24242424242424e-08,0.0727272727272727,0.0848484848484849,0.434294481903252,0.019714017700399,0.0189944478152724,1.92,0.465382851448418
"060714",22.0125926,0.10720997,0.960440589145661,-10.86012091,3.73449,1.20488,0.87,484.554232973575,0.0114939776674009,0.922446125278464,117.942226179819,13.9464155601,1.4517358144,0.7569,2.04425,-5.548213564,1.93,9.12936538358046,0.0352000000000006,0.046765,0.0353049999999999,0.0049999999999999,1.01212121212121e-07,0.0666666666666667,0.0787878787878788,0.434294481903252,0.0155321080197879,0.0267321413833549,2.711,0.569490954348783
"060729",20.86562801,0.068185862,1.5302440299836,-11.15058059,5.1057,1.35481,1.317,435.374432251696,0.00464931177668304,2.34164679130046,124.335447494085,26.06817249,1.8355101361,1.734489,1.92492,-5.583359493,1.75,33.90346061055,0.0116000000000005,0.012825,0.0134249999999999,0.077392286,1.27878787878788e-07,0.0848484848484849,0.0787878787878788,0.434294481903252,0.0212785639737521,0.0292454196396911,0.54,0.187520720836463
"060814",22.00679538,0.861534411,0.690059435138858,-10.91009489,4.22387,1.29504,0.97,484.299042897189,0.742241541337117,0.476182024024159,119.030170508804,17.8410777769,1.6771286016,0.9409,2.11591,-4.835647144,1.53,4.89845852373387,0.0352999999999994,0.034855,0.0245650000000001,0,1.44848484848485e-07,0.0181818181818182,0.175757575757576,0.434294481903252,0.00430869161989862,0.0104993872461393,1.9229,0.465813957269479
"060904B",21.59122827,0.387389826,1.05473019909303,-11.11633856,3.87074,1.36265,1.58,466.181138207247,0.15007087728831,1.11245579287883,123.572982980543,14.9826281476,1.8568150225,2.4964,2.18877,-5.790484985,1.64,11.3430592104484,0.0866499999999997,0.081295,0.04215,0.136141492,8.66666666666667e-08,0.0848484848484849,0.127272727272727,0.434294481903252,0.0232338611473106,0.0226532144239483,0.703,0.231214647962601
"060906",22.41960057,0.294466226,0.912061875161808,-11.8827287,4.33479,1.71887,1.06,502.638489718344,0.0867103582546831,0.831856864123674,141.199241357804,18.7904043441,2.9545140769,1.1236,2.07859,-5.655607726,2.03,8.16698720444148,0.0884499999999999,0.072145,0.169635,0.0049999999999999,8.24242424242424e-08,0.0666666666666667,0.16969696969697,0.434294481903252,0.0161974631827828,0.0374103845495022,3.686,0.670802284260944
"061021",20.87141063,0.78604121,0.732299850993344,-10.04095861,3.23849,1.01707,0.785,435.615781686077,0.617860783818264,0.536263071764874,100.820849807733,10.4878174801,1.0344313849,0.616225,1.99282,-5.528708289,1.3,5.39883246764966,0.0263999999999998,0.03399,0.010415,0.0168000365,6.12121212121212e-08,0.0363636363636364,0.163636363636364,0.434294481903252,0.0089811102944679,0.0116311570876723,0.3463,0.129141845792285
"061121",21.75351565,1.324282455,1.6639597723255,-10.03011836,3.78753,1.35185,0.9485,473.215443134795,1.75372402062083,2.76876212391752,100.603274315609,14.3453835009,1.8274984225,0.89965225,1.90181,-4.863279433,1.41,46.1274845779442,0.0126499999999998,0.01703,0.0158499999999999,0.0023582105,1.20606060606061e-07,0.0181818181818182,0.278787878787879,0.434294481903252,0.00382325157840621,0.0057382008275868,1.314,0.364363354615731
"061222A",22.56660835,0.930949031,1.20411998265592,-9.954677021,3.92091,1.35061,0.86,509.25181242229,0.866666098319839,1.4499049326313,99.0955945924254,15.3735352281,1.8241473721,0.7396,1.92748,-5.097453221,1.35,16,0.02311,0.024435,0.018075,0.005,9.57575757575758e-08,0.0242424242424242,0.157575757575758,0.434294481903252,0.00520487944706068,0.00802277632160302,2.088,0.489677291663699
"070110",21.3989672,-0.22184875,1.16070956271234,-11.04866248,4.26825,1.42725,1.186,457.915797226676,0.0492168678765625,1.34724668897186,122.07294259696,18.2179580625,2.0370425625,1.406596,2.08596,-5.790484985,1.58,14.4780330174947,0.0547500000000003,0.053995,0.046555,0.1216678795,6.54545454545455e-08,0.0727272727272727,0.0727272727272727,0.434294481903252,0.0175472517755912,0.0526417554287146,2.352,0.525304009958239
"070208",21.8647258,-0.045757491,1.35463498048791,-10.86327943,3.44468,1.2125,1.14,478.066234309186,0.00209374798261508,1.83503593036149,118.010839974261,11.8658203024,1.47015625,1.2996,2.20341,-6.351639989,1.94,22.6274169979695,0.161899999999999,0.14114,0.06357,0.015,6.12121212121212e-08,0.218181818181818,0.133333333333333,0.434294481903252,0.0597395201502247,0.0643399233100112,1.165,0.335457900689384
"070223",21.70173804,-0.161150909,0.907696469668414,-11.86327943,4.22335,0.991734,1.03,470.965433956783,0.0259696154715263,0.823912881048502,140.737398834261,17.8366852225,0.983536326756,1.0609,2.25837,-5.769551079,1.85,8.08530616043297,0.16615,0.203105,0.079308,0.06,7.27272727272727e-08,0.0727272727272727,0.0909090909090909,0.434294481903252,0.0185794430922578,0.0572192992938744,1.6295,0.419873175149476
"070306",22.44245468,0.609594409,1.81135761407786,-11.2737,4.86926,1.89982,0.831,503.663772063854,0.371605343484059,3.28101640607783,127.09631169,23.7096929476,3.6093160324,0.690561,1.94468,-5.269217724,1.66,64.7675716279367,0.0335000000000001,0.02824,0.06188,0.0009999999999999,1.73333333333333e-07,0.0606060606060606,0.127272727272727,0.434294481903252,0.0139921394309921,0.0135807968501197,1.4959,0.397227181043161
"070521",22.27524914,0.814913181,0.450154280744819,-10.01233374,3.55243,1.44502,0.98,496.186724249071,0.664083492567539,0.202638876472885,100.246826921142,12.6197589049,2.0880828004,0.9604,2.00022,-5.096367484,1.1,2.81938432428048,0.04901,0.04844,0.0562,0.147518075,1.07272727272727e-07,0.1212121212,0.163636363636364,0.434294481903252,0.00581622391039878,0.0108830581640121,2.0865,0.489466281303128
"070529",22.56252244,0.155336037,1.30065590476689,-10.24641694,3.09323,1.21432,0.76,509.067418855503,0.0241292843908654,1.69170578260499,104.989060108319,9.5680718329,1.4745730624,0.5776,1.97999,-5.590066877,1.34,19.9827798950972,0.0552000000000001,0.068045,0.03501,0.015,1.48484848484848e-07,0.096969696969697,0.218181818181818,0.434294481903252,0.0250918873122187,0.066262349503112,2.4996,0.544018407858776
"070714B",21.64321572,0.431363764,0.924733882735004,-10.74232143,3.22974,1.64623,0.93,468.428786702455,0.186074696892248,0.855132753878156,115.397469705437,10.4312204676,2.7100732129,0.8649,2.07429,-6.142667504,1.36,8.40879728265565,0.0993500000000003,0.0946,0.108425,0.0049999999999999,5.45454545454545e-08,0.115151515151515,0.121212121212121,0.434294481903252,0.0329010971465546,0.0194969464449939,0.923,0.28397928423848
"070721B",21.89473409,0.176091259,1.32879141362244,-10.50863831,3.94739,2.5054,0.52,479.379380871808,0.0310081314962051,1.76568662091672,110.4314791304,15.5818878121,6.27702916,0.2704,1.52512,-5.443697499,1.34,21.3202068350191,0.3648,0.10084,0.0914400000000002,0,1.21212121212121e-07,0.0666666666666667,0.181818181818182,0.434294481903252,0.0146227098205568,0.0526417553889616,3.626,0.6652056284346
"070802",21.91375294,-0.397940009,0.479979991748764,-11.6716204,3.92184,1.16348,0.78,480.212567915359,0.15835625076292,0.230380792479143,136.226722761696,15.3808289856,1.3536857104,0.6084,1.99014,-6.552841969,1.79,3.01981259231406,0.17395,0.236245,0.2088785,0.045,3.03030303030303e-08,0.163636363636364,0.0606060606060606,0.434294481903252,0.0470015673425834,0.0658021942774567,2.45,0.537819095073274
"070810A",21.93100401,0.278753601,0.698156351026181,-10.77728353,3.36583,1.36994,1.02,480.968936886636,0.0777035700704672,0.487422290478193,116.149840286009,11.3288115889,1.8767356036,1.0404,2.17076,-6.161150909,2.04,4.9906412396737,0.06175,0.07187,0.077915,0.01,3.63636363636364e-08,0.0848484848484849,0.121212121212121,0.434294481903252,0.0228877197175498,0.0277061870402603,2.17,0.501059262217751
"071003",20.86974084,0.799340549,0.652671728201215,-11.67760082,4.78411,1.97901,0.837,435.546082728764,0.638945313275621,0.425980384793161,136.366360911265,22.8877084921,3.9164805801,0.700569,1.91015,-5.080921908,1.36,4.49440006564942,0.135899999999999,0.098505,0.183105,0.032,1.81818181818182e-07,0.0424242424242424,0.242424242424242,0.434294481903252,0.00951357025803561,0.0167116683927593,1.60435,0.415699348887829
"080319C",21.75037415,0.716003344,0.948658871424788,-8.91721463,3.19029,1.45203,1.94,473.078775664988,0.512660788619182,0.899953654332952,79.516716757486,10.1779502841,2.1083911209,3.7636,1.61029,-5.443697499,1.37,8.88502944558435,0.0500400000000001,0.04713,0.02854,0.199995173,6.06060606060606e-08,0.0424242424242424,0.181818181818182,0.434294481903252,0.00731135491027843,0.0151851217320997,1.95,0.469822015978163
"080607",22.38386741,1.36361198,0.516543561133747,-10.0540393,3.46298403,1.7256074,1.06,501.03752022846,1.85943763199952,0.266817250548733,101.083706245944,11.992258392035,2.97772089893476,1.1236,2.03418,-4.619788758,1.31,3.28506192878632,0.11042072,0.069659314,0.0376373875,0.02,0,0.0242424242424242,0.666666666666667,0.434294481903252,0,0.0125337512783664,3.036,0.605951157564873
"080710",20.89722339,0,1.24147292970761,-11.23284413,4.09266933,1.52133785,1.3,436.693945411563,0,1.5412550351968,126.176787248875,16.7499422447226,2.31446885384262,1.69,2.00149,-5.853871964,1.47,17.4370466608647,0.0626949799999998,0.054210787,0.0640164304999999,0.1505178435,1.21212121212121e-07,0.139393939393939,0.121212121212121,0.434294481903252,0.0376012538165791,0.0526417553822122,0.845,0.265996370495079
"080721",21.79728278,1.320146286,2.15836249209525,-8.714442691,2.87876286,1.33437559,0.735,475.121536591284,1.74278621643959,4.65852864728362,75.9415114147233,8.28727560411538,1.78055821518785,0.540225,1.9433,-4.920818754,1.11,144,0.0070192985000003,0.007554816,0.0064356729999999,0,6.06060606060606e-07,0.0484848484848485,1.09090909090909,0.434294481903252,0.0219340647449938,0.0226686984957445,2.591,0.555215405126073
"080810",21.45079548,0.301029996,0.637208481049162,-9.931814138,3.2687548,1.44529526,1.079,460.136626724788,0.09061905849176,0.40603464832098,98.6409320717767,10.684757942523,2.08887838857847,1.164241,2.11482,-5.337242168,1.34,4.33719033229347,0.031830706,0.039738688,0.036139295,0.0015,1.21212121212121e-07,0.0363636363636364,0.121212121212121,0.434294481903252,0.0114438598573077,0.0263208776707413,3.35,0.638489256954637
"080905B",22.33533151,-0.301029996,1.44806187020465,-10.11125904,3.67820615,1.36946226,0.375,498.867033661599,0.09061905849176,2.09688317994058,102.237559373982,13.5292004818978,1.87542688156431,0.140625,1.86248,-5.744727495,1.78,28.0583333245587,0.0323645699999995,0.038825489,0.0333017515,0.00558525,1.21212121212121e-07,0.0909090909090909,0.0606060606060606,0.434294481903252,0.0292454196637412,0.0526417554229419,2.374,0.528145078253106
"080916A",21.7431239,0.431363764,0.801122155411575,-10.75269955,3.60698,0.998947,0.83,472.763436930751,0.186074696892248,0.641796707891287,115.62054761257,13.0103047204,0.997895108809,0.6889,1.88453,-5.397940009,1.17,6.3258975691903,0.0591999999999997,0.073495,0.0260505,0.01,6.06060606060606e-08,0.127272727272727,0.121212121212121,0.434294481903252,0.00658021942774567,0.0194969464449939,0.6887,0.227552503379865
"080928",21.51035195,0.322219295,1.31807240948176,-11.1260984,4.08450503,1.76031774,0.99,462.695241012869,0.103825274070297,1.73731487663704,123.790065606483,16.6831813400953,3.09871854575871,0.9801,2.13864,-5.602059991,1.77,20.8004346174656,0.0644840350000004,0.047916769,0.075970735,0,1.21212121212121e-07,0.0727272727272727,0.0606060606060606,0.434294481903252,0.0210567021369837,0.0125337512738,1.692,0.430075055551939
"081007",21.69605744,0.414973348,0.467923658117804,-10.58502665,3.58176278,1.00469263,0.92,470.718908439779,0.172202879550329,0.218952549826348,112.04278918121,12.8290246121933,1.00940728077632,0.8464,2.102,-6.148741651,2.51,2.93713330647929,0.053161115,0.084284398,0.039134851,0.0049999999999999,4.84848484848485e-08,0.121212121212121,0.242424242424242,0.434294481903252,0.0296573269567103,0.0404936579835962,0.5295,0.184549481320698
"081008",21.1376737,0.113943352,1.60578056523519,-10.79317412,3.85550833,1.47398467,0.84,446.801249447672,0.0129830874649959,2.57853122368706,116.492607584638,14.8649444826994,2.17263080739501,0.7056,1.98207,-5.366531544,1.69,40.3441495698351,0.0605298899999998,0.056285684,0.063988679,0.025,1.21212121212121e-07,0.0424242424242424,0.0606060606060606,0.434294481903252,0.0122422686816868,0.0202468290074633,1.9685,0.472537053262077
"081028A",20.90308999,-0.301029996,1.51306432339213,-11.3994,4.75426,2.20023,0.945,436.939171130038,0.09061905849176,2.2893636467221,129.94632036,22.6029881476,4.8410120529,0.893025,2.51,-5.431798276,1.25,32.5884964277169,0.0572000000000008,0.03025,0.0547150000000001,5e-04,1.21212121212121e-07,0.23030303030303,0.0606060606060606,0.434294481903252,0.0142275014568467,0.0526417554229419,3.038,0.60616631460762
"081029",21.49704581,-0.301029996,1.65975249439166,-11.86327943,4.48156171,2.51960373,0.87,462.122978557239,0.09061905849176,2.75477834263935,140.737398834261,20.0843953605381,6.34840295622991,0.7569,1.95818,-5.677780705,1.43,45.6827768024956,0.0832508050000005,0.04285341,0.169198521,0.001,1.21212121212121e-07,0.109090909090909,0.121212121212121,0.434294481903252,0.0250675025476,0.105283510845884,3.8479,0.685553652846326
"081203A",21.66176916,0.462397998,1.91892043082776,-10.9243983,4.02089,1.86904,0.82,469.232243141127,0.213811908554408,3.6822556198482,119.342478217043,16.1675563921,3.4933105216,0.6724,2.03508,-5.113509275,1.54,82.9698740507662,0.0569499999999996,0.03932,0.064395,0.0325,1.81818181818182e-07,0.0363636363636364,0.121212121212121,0.434294481903252,0.0102548874161921,0.0181523294379188,2.1,0.491361693834273
"081230",20.67248024,-0.15490196,1.13906980268141,-11.32975415,3.66959365,0.99376498,1.02,427.35143927319,0.0239946172118416,1.29748001538066,128.363329099442,13.4659175561203,0.9875688354744,1.0404,2.08621,-6.086186148,1.97,13.7743084089789,0.0701443999999993,0.08735027,0.0403814179999999,0.02,4.84848484848485e-08,0.096969696969697,0.0606060606060606,0.434294481903252,0.0256789050871822,0.0376012538456717,2.1,0.491361693834273
"090102",21.72376179,0.740362689,0.350248019027537,-9.457174573,3.15380077,1.42487631,0.667,471.921826308664,0.548136911263311,0.122673674832714,89.4381509041977,9.94645929685259,2.03027249879922,0.444889,1.76997,-7.167491087,1.36,2.24000000357628,0.0362399829999998,0.041590346,0.0217865955,0.0026734575,1.81818181818182e-09,0.0484848484848485,0.484848484848485,0.434294481903252,0.0116121519146922,0.038284913048815,1.547,0.406028944963615
"090418A",22.02365981,0.278753601,0.615867083286711,-10.04720756,3.52813657,1.52909667,0.98,485.041591426609,0.0777035700704672,0.37929226427608,100.946379753721,12.4477476565714,2.33813662620509,0.9604,2.03408,-5.337242168,1.48,4.12921107301137,0.028659405,0.030759021,0.0421545135,0.003531332,1.21212121212121e-07,0.0424242424242424,0.181818181818182,0.434294481903252,0.0114438598573077,0.0415592805603905,1.608,0.416307587059883
"090424",21.63012977,1.851258349,0.356505223959139,-9.050609993,2.99599056,1.1284106,0.924,467.86251386704,3.42715747474221,0.127095974710156,81.9135412453915,8.97595943560911,1.27331048219236,0.853776,1.96315,-4.677780705,1.19,2.27250697020751,0.0112570984999998,0.013394814,0.0055468865,0,0,0.0909090909090909,1.21212121212121,0.434294481903252,0,0.00741433173917757,0.544,0.188647295999717
"090516A",21.19589965,0.204119983,1.80617997398389,-11.27490548,4.33113504,1.76098314,0.502,449.26616197287,0.0416649674599203,3.26228609842043,127.123493582934,18.7587307347158,3.10106161936426,0.252004,2.09,-5.045757491,1.84,64,0.0377960499999999,0.029715315,0.0533515885,0.4790870845,3.63636363636364e-07,0.0666666666666667,0.121212121212121,0.434294481903252,0.0175472518118213,0.0329010970878163,4.109,0.708335902682263
"090519",22.13069392,-0.22184875,0.915933351328264,-11.76000021,3.44619,1.42452,0.63,489.767613380725,0.0492168678765625,0.838933904075426,138.2976049392,11.8762255161,2.0292572304,0.3969,1.46604,-5.920818754,1.02,8.24011648989424,0.21145,0.24029,0.3065,0.03,6.06060606060606e-08,0.121212121212121,0.121212121212121,0.434294481903252,0.0219340647449938,0.0877362590478575,3.85,0.685741738602264
"090530",20.90942658,0.397940009,1.55360498482393,-11.16052195,3.6839464,0.88610581,1.09,437.204119904411,0.15835625076292,2.41368844886978,124.557250196432,13.571461078073,0.785183506515756,1.1881,2.03975,-5.958607315,1.61,35.7770876399966,0.0891756250000002,0.115365029,0.0385142015,0.035,6.06060606060606e-08,0.103030303030303,0.181818181818182,0.434294481903252,0.023928070636996,0.0315850532054756,1.266,0.355259905527378
"090812",21.77771022,0.556302501,1.16608577800508,-10.16730017,3.52924,1.37252,0.53,474.268662426292,0.309472472618855,1.35975604166572,103.373992746882,12.4555349776,1.8838111504,0.2809,1.88559,-5.236572006,1.24,14.6583733159175,0.10615,0.13258,0.08412,0.015,1.21212121212121e-07,0.0303030303030303,0.121212121212121,0.434294481903252,0.00907616471193707,0.0146227098205568,2.452,0.538070787043172
"091020",21.70587483,0.62324929,0.687978082241302,-9.71219827,2.95265011,1.17417264,0.895,471.145002135627,0.388439677485504,0.47331384164442,94.326795235791,8.71814267208301,1.37868138852457,0.801025,2.08587,-5.431798276,1.53,4.87503886377992,0.0344806870000003,0.045271255,0.018244861,0.0021828874999999,6.06060606060606e-08,0.0424242424242424,0.181818181818182,0.434294481903252,0.00711375072842337,0.0188006269394438,1.71,0.432969290874406
"091029",21.45058625,0.255272505,0.683912090343453,-11.34678749,4.30368998,1.12123368,1.064,460.127650468689,0.065164051808975,0.467735747317951,128.74958634322,18.5217474439524,1.25716496516634,1.132096,2.11535,-5.619788758,1.46,4.82961031431318,0.0256335199999995,0.034224003,0.0267820245,0.002,6.06060606060606e-08,0.163636363636364,0.0606060606060606,0.434294481903252,0.0109670323640116,0.0146227098318706,2.752,0.574262829707027
"091109A",21.89596701,0.113943352,1.22292724209073,-11.14630179,3.37933883,1.06152816,0.89,479.433371303008,0.0129830874649959,1.49555103944764,124.240043593757,11.4199309279458,1.12684203447299,0.7921,1.96352,-5.795880017,1.31,16.7081067781536,0.0594103399999995,0.074268877,0.0337195714999999,0.03,1.21212121212121e-07,0.151515151515152,0.242424242424242,0.434294481903252,0.0329010970878164,0.0809873160298532,3.076,0.610234175334389
"091208B",21.91211094,1.181843588,0.462056908122383,-10.18045606,3.31388094,1.1606541,0.86,480.140605846868,1.39675426649671,0.213496586343616,103.641685589591,10.9818068844953,1.34711793984681,0.7396,2.03333,-5.48148606,1.74,2.89772326829494,0.036806415,0.052928177,0.030502454,0.034663611,1.21212121212121e-07,0.0666666666666667,0.606060606060606,0.434294481903252,0.0159520470810336,0.0173163668998415,1.063,0.314499227973151
"100425A",20.53466438,0.146128036,0.576748952508255,-11.50168945,3.60199415,0.86819371,1.46,421.672441199241,0.0213534029052173,0.332639354219369,132.288860204241,12.9743618566342,0.753760318083564,2.1316,2.17077,-6.327902142,2.42,3.77353995290746,0.0708590650000005,0.115125536,0.0550768945,0.035,5.45454545454545e-08,0.193939393939394,0.121212121212121,0.434294481903252,0.0504016806776366,0.0376012538165791,1.755,0.440121603187804
"100513A",22.05240534,-0.22184875,1.17233610719979,-11.57186521,3.74522911,0.96306136,1.36,486.30858127966,0.0492168678765625,1.37437194824435,133.908064438408,14.0267410863914,0.92748718312505,1.8496,2.25722,-5.853871964,1.62,14.8708607591715,0.0981768900000004,0.128616618,0.0615694365,0.025,6.06060606060606e-08,0.0848484848484849,0.0606060606060606,0.434294481903252,0.0188006269082896,0.0438681295239288,4.772,0.761326322421457
"100625A",20.33244048,0.414973348,2.32911066722386,-10.87942607,2.43862257,1.84657968,1.08,413.408135872743,0.172202879550329,5.42475650017596,118.361911612596,5.94688003891341,3.4098565145889,1.1664,2.40449,-6.638272164,0.9,213.358852640335,0.36164147,0.239414064,0.242981501,0.175,1.21212121212121e-08,0.0606060606060606,0.121212121212121,0.434294481903252,0.0228877197323238,0.0202468289917981,0.452,0.161966616364075
"100704A",21.52730245,0.633468456,1.36659691277876,-10.35163999,3.62503495,1.01294211,1.29,463.424750773776,0.401282284747024,1.86758712201643,107.156450482567,13.1408783887215,1.02605171821125,1.6641,2.11575,-5.22184875,1.73,23.2593145938513,0.0476344600000003,0.053639373,0.0181399595,0.01,1.21212121212121e-07,0.0363636363636364,0.121212121212121,0.434294481903252,0.00877362590478576,0.0122422686816868,3.6,0.662757831681574
"100728A",21.52592288,0.707570176,1.10197322281872,-10.17587417,4.03148606,1.5588143,0.96,463.365355835707,0.500655553964671,1.21434498380947,103.548415123673,16.2528798519743,2.42990202188449,0.9216,1.90402,-4.420216403,1.18,12.646583703569,0.0760750999999997,0.053762484,0.034265796,0.005,0,0.0121212121212121,0.121212121212121,0.434294481903252,0,0.0103219128223693,1.567,0.409425868671443
"100814A",20.89608288,0.397940009,0.976266272004376,-11.49349497,5.22729477,1.76532941,1.1425,436.646279727829,0.15835625076292,0.953095833853323,132.100426625415,27.3246106124694,3.11638792581095,1.30530625,1.89414,-5.045757491,1.47,9.46817490453253,0.0436263599999993,0.035347138,0.0840151685,0.01745135,1.21212121212121e-07,0.0242424242424242,0.121212121212121,0.434294481903252,0.00584908393727375,0.0210567021369837,1.44,0.387389826338729
"100901A",21.53188109,-0.096910013,1.35339665563037,-11.34103516,4.91124,1.50754,1.075,463.6219032739,0.00939155061966017,1.83168250747147,128.619078500356,24.1202783376,2.2726768516,1.155625,1.98285,-5.677780705,1.52,22.5629902448915,0.0282999999999998,0.02425,0.036255,5e-04,1.81818181818182e-07,0.127272727272727,0.121212121212121,0.434294481903252,0.0376012538214001,0.0658021942265446,1.408,0.381656482585787
"101219B",20.49692965,-0.22184875,0.734049306554126,-11.99567863,4.42003952,0.66918137,0.94,420.124125077049,0.0492168678765625,0.538828384452593,143.896305794239,19.5367493583618,0.447803705955077,0.8836,1.85684,-5.677780705,1.56,5.42062428630735,0.0894462749999994,0.166829365,0.0393906275,0.105,2.42424242424242e-07,0.096969696969697,0.181818181818182,0.434294481903252,0.0501350050952,0.131604388571787,0.55,0.190331698170291
"110106B",21.29748256,0.322219295,1.22080391068199,-10.81530857,3.87203946,1.22519883,1.03,453.582763393504,0.103825274070297,1.49036218833645,116.970899464315,14.9926895797971,1.50111217303337,1.0609,2.05121,-5.698970004,1.76,16.6266176856008,0.0455435550000001,0.058714404,0.049891228,0.005,6.06060606060606e-08,0.0666666666666667,0.181818181818182,0.434294481903252,0.0131604388353707,0.0376012538214001,0.618,0.208978517276253
"110213A",21.56708403,0.204119983,1.20411998265592,-9.896196279,3.84089,1.8412,1.1905,465.139113557081,0.0416649674599203,1.4499049326313,97.9347007924934,14.7524359921,3.39001744,1.41729025,1.96436,-5.229147988,1.83,16,0.0358799999999997,0.023515,0.02785,0.2263626645,2.42424242424242e-07,0.0727272727272727,0.363636363636364,0.434294481903252,0.017844662826724,0.0987032912634493,1.46,0.390935107103379
"110503A",21.13638759,0.130333768,0.532173879816156,-9.08249449,2.54166555,1.14649063,0.687,446.746880354706,0.0169868910810778,0.28320903835858,82.4917061608804,6.4600637680568,1.3144407646778,0.471969,1.90907,-5,0.88,3.40544507260987,0.0289980710000002,0.028887961,0.006289914,0.001,2.42424242424242e-07,0.151515151515152,0.0363636363636364,0.434294481903252,0.0105283510764424,0.0116981678760474,1.613,0.417139409727326
"110715A",22.0746007,1.731588765,0.602059991327962,-9.075720714,2.61109719,0.95853538,0.755,487.287996064441,2.99839965107422,0.362476233157826,82.3687064785287,6.8178285356259,0.918790074711744,0.570025,1.85342,-4.928117993,1.25,4,0.0237765295000001,0.035600881,0.0095540759999999,0.0015,1.21212121212121e-07,0.0727272727272727,0.666666666666667,0.434294481903252,0.00446116571350155,0.00537160769437218,0.82,0.260071387985075
"110731A",21.95954126,1.041392685,1.06679030573413,-12.08512818,5.08952072,1.42351927,0.39,482.221452349642,1.08449872437151,1.13804155640831,146.05032312703,25.9032211593093,2.02640711206133,0.1521,1.85145,-5.22184875,1.15,11.6624637198907,0.0974184950000003,0.090702815,0.110855301,0.13,6.06060606060606e-08,0.0303030303030303,0.181818181818182,0.434294481903252,0.00438681295239289,0.0071784211910988,2.83,0.583198773968623
"110818A",22.06812647,0.204119983,1.25659269631536,-11.28316228,3.84627415,1.37167718,0.83,487.002205895915,0.0416649674599203,1.5790252044331,127.309751036815,14.7938248369582,1.88149828613275,0.6889,1.95985,-5.397940009,1.58,18.0548005975559,0.0551490499999998,0.059648416,0.0673381894999999,0.01,1.21212121212121e-07,0.0666666666666667,0.181818181818182,0.434294481903252,0.0131604388554913,0.0493516456317247,3.36,0.639486489268586
"111008A",22.17059025,0.806179974,0.373804868057058,-10.66756154,3.98993393,1.21584288,0.829,491.535072033395,0.649926150478641,0.139730079383154,113.796869209687,15.9195727657652,1.47827390884669,0.687241,1.94053,-5.27572413,1.86,2.36485690984517,0.0285110849999999,0.035676696,0.0273512905000001,0.001,1.81818181818182e-07,0.0545454545454545,0.424242424242424,0.434294481903252,0.0148986100001386,0.0287884599735793,4.9898,0.777412321496744
"111123A",21.35034301,-0.045757491,1.94493086062909,-11.60730305,4.42202873,1.46723371,1.25,455.837146644656,0.00209374798261508,3.78275605262743,134.729484094539,19.5543380889454,2.15277475976036,1.5625,2.55463,-5.13667714,1.68,88.090862182181,0.0730882700000004,0.070655771,0.1058841465,0.0049999999999999,1.81818181818182e-07,0.0424242424242424,0.0606060606060606,0.434294481903252,0.0108167990541397,0.0292454196863688,3.1516,0.618215503279417
"111209A",21.14009932,-0.301029996,1.4705840708254,-9.057000407,4.13326,2.77382,0.2529,446.903799259465,0.09061905849176,2.16261750936541,82.0292563723982,17.0838382276,7.6940773924,0.06395841,1.81212,-4.443697499,1.48,29.551808977086,0.0209899999999994,0.010455,0.0443499999999999,4.99999999999997e-05,6.06060606060606e-07,0.0181818181818182,0.0606060606060606,0.434294481903252,0.00731135491027843,0.0526417554229419,0.677,0.224533062606086
"111228A",21.41342718,1.093421685,0.73367083644441,-10.65757732,4.10627835,1.15297662,0.99,458.534863593163,1.19557098122824,0.538272896249039,113.583954331778,16.8615218876787,1.32935508626662,0.9801,2.03824,-5.070581074,2.27,5.41590248878418,0.030118345,0.037264425,0.0232992715,0,1.21212121212121e-07,0.0363636363636364,0.303030303030303,0.434294481903252,0.00619314768795071,0.0106132571374752,0.714,0.234010817587179
"120118B",21.451745,0.342422681,1.29329537385911,-10.95467702,3.68307,1.0241,1.01,460.177363545025,0.117253292463228,1.67261292404539,120.004948612516,13.5650046249,1.04878081,1.0201,2.20884,-5.744727495,2.08,19.6469605838771,0.1172,0.131765,0.077156,0.005,6.06060606060606e-08,0.0666666666666667,0.181818181818182,0.434294481903252,0.0146227098318706,0.0358921059277238,2.943,0.595826777073223
"120327A",22.16619025,0.591064607,0.876316732372586,-10.15181088,3.48517215,1.44859414,0.63,491.339990199195,0.349357369648064,0.767931015436167,103.059264143286,12.1464249151356,2.09842498244234,0.3969,1.75797,-5.443697499,1.52,7.52171254966162,0.0436249200000001,0.051679097,0.058002882,0.02,6.06060606060606e-08,0.0363636363636364,0.121212121212121,0.434294481903252,0.00731135491027843,0.0134978859962626,2.813,0.581266805273671
"120404A",21.70983536,0.079181246,1.20411998265592,-11.02687215,3.79948,1.90651,0.69,471.316951358306,0.00626966971811252,1.4499049326313,121.591909412446,14.4360482704,3.6347803801,0.4761,1.89579,-5.795880017,1.85,16,0.11705,0.068285,0.121385,0.005,6.06060606060606e-08,0.0787878787878788,0.121212121212121,0.434294481903252,0.0164505485439082,0.0438681294899875,2.876,0.588383768378728
"120729A",21.34792103,0.462397998,1.56518091471361,-10.29756946,3.52138487,2.26312734,0.645,455.733732303116,0.213811908554408,2.44979129578373,106.039936783525,12.4001514026649,5.12174535705548,0.416025,1.8831,-5.619788758,1.62,36.7435331717259,0.0690683199999995,0.047294772,0.130088482,0.013331067,6.06060606060606e-08,0.0484848484848485,0.121212121212121,0.434294481903252,0.0109670323640116,0.0181523294379188,0.8,0.255272505103306
"120802A",22.12127744,0.477121255,1.49170619464989,-11.17198494,3.53838419,0.54215516,0.91,489.350915577453,0.227644691972775,2.22518737115685,124.813247499587,12.520162676042,0.293932217514626,0.8281,2.03526,-5.721246399,1.21,31.0246002714191,0.0780322099999999,0.220557212,0.11816229,0.055,1.81818181818182e-07,0.284848484848485,0.121212121212121,0.434294481903252,0.0415592805603905,0.017547251782744,3.796,0.680879174426811
"120811C",21.91722026,0.612783857,0.56744742594964,-10.14327111,3.15909591,1.01613299,0.65,480.364543925354,0.375504055399796,0.321996581216872,102.885948810961,9.97988696857873,1.03252625336634,0.4225,1.92121,-5.522878745,1.4,3.69357928575403,0.0529468600000005,0.084200302,0.03800099,0.090734018,1.81818181818182e-07,0.181818181818182,0.121212121212121,0.434294481903252,0.026320877674116,0.0128394525239612,2.671,0.564784384503987
"120922A",21.0163605,0.301029996,1.48058317003294,-10.59516628,3.59799,1.06622,1.17,441.68740866596,0.09061905849176,2.19212652338478,112.257548500849,12.9455320401,1.1368250884,1.3689,2.06954,-5.207608311,1.58,30.2400963128712,0.16365,0.133375,0.0356299999999999,0.0049999999999999,4.24242424242424e-07,0.218181818181818,0.121212121212121,0.434294481903252,0.0297171200079232,0.0263208776707413,3.1,0.612783856719735
"121024A",21.94617755,0.113943352,1.50599655732963,-11.31158018,4.17178823,1.30353551,0.87,481.634709056124,0.0129830874649959,2.26802563068869,127.951846168569,17.4038170359665,1.69920482583096,0.7569,2.00683,-5.958607315,1.41,32.0624390837628,0.0633058950000001,0.065435085,0.06666149,0,6.06060606060606e-08,0.133333333333333,0.121212121212121,0.434294481903252,0.023928070636996,0.0404936580149266,2.298,0.5182506513085
"121027A",22.07736427,0.113943352,0.683052306218293,-11.92081875,5.40919042,1.50995764,1.16,487.410013110273,0.0129830874649959,0.466560453030129,142.105919670352,29.2593409998198,2.27997207459437,1.3456,2.37144,-5.698970004,1.82,4.82005846681452,0.0415841549999998,0.037953731,0.0589396935000001,0,6.06060606060606e-08,0.0545454545454545,0.121212121212121,0.434294481903252,0.0131604388353707,0.0404936580149266,1.773,0.442949869577862
"121211A",21.66138196,0,1.59425226421795,-11.2823295,4.20933518,1.15615612,0.95,469.215468417013,0,2.54164028196404,127.29095894657,17.7185026575856,1.33669697381345,0.9025,2.0682,-5.886056648,2.36,39.28730733208,0.0542507750000008,0.063247159,0.0746028285,0.0049999999999999,1.61818181818182e-07,0.157575757575758,0.181818181818182,0.434294481903252,0.0540590334499272,0.0789626330733186,1.023,0.305995882770805
"130408A",20.06405721,0.69019608,1.11614382889362,-10.32975415,3.58393,1.39277,0.945,402.566391726153,0.476370628847366,1.2457770467773,106.703820799442,12.8445542449,1.9398082729,0.893025,2.03183,-5.638272164,1.28,13.0660353517987,0.077,0.070305,0.0643,0.117120218,2.42424242424242e-07,0.157575757575758,0.606060606060606,0.434294481903252,0.0457754394646476,0.0537160769241516,3.757,0.677333151419902
"130418A",21.12149747,-0.22184875,1.6635887902334,-9.247183569,2.59006,1.28449,0.198,446.117655375216,0.0492168678765625,2.76752766299022,85.5104039587836,6.7084108036,1.6499145601,0.039204,1.68684,-5.744727495,2.07,46.0880984824801,0.0604700000000005,0.06867,0.031625,0.003,1.21212121212121e-07,0.103030303030303,0.121212121212121,0.434294481903252,0.0292454196637412,0.0877362590478575,1.218,0.345961541813141
"130420A",20.79265849,0.531478917,1.06954714075696,-10.8728952,3.56731,0.914676,1.17,432.334647081769,0.282469839215493,1.14393108630138,118.219850030183,12.7257006361,0.836632184976,1.3689,2.29559,-5.148741651,1.52,11.7367307263019,0.0550499999999996,0.08535,0.0286905,0.0049999999999999,1.81818181818182e-07,0.151515151515152,0.121212121212121,0.434294481903252,0.0111214976087664,0.0154828692315688,1.297,0.361160995195026
"130505A",20.71960885,1.477121255,2.06542370487507,-8.91721463,3.24559,1.3304,0.724,429.302190896998,2.18188720197277,4.26597508065986,79.516716757486,10.5338544481,1.76996416,0.524176,1.92439,-4.677780705,1.18,116.258229523501,0.0149749999999997,0.024355,0.0156499999999999,0,6.06060606060606e-07,0.0424242424242424,1.87878787878788,0.434294481903252,0.0125337512738,0.0271982402632532,2.27,0.514547752660286
"130511A",21.01365445,0.113943352,0.344821339834298,-10.51570016,2.65954,1.16497,0.65,441.573673344005,0.0129830874649959,0.11890175640512,110.579949855024,7.0731530116,1.3571551009,0.4225,2.06879,-6.657577319,1.35,2.21218447342499,0.0838000000000001,0.089385,0.04916,0.01,2.42424242424242e-08,0.187878787878788,0.121212121212121,0.434294481903252,0.0478561412369649,0.0404936580149266,1.3033,0.362350507594848
"130514A",21.19799139,0.447158031,1.10764057577755,-10.7212464,3.68772,1.17745,0.65,449.354838970514,0.199950304687797,1.22686764510882,114.945124369513,13.5992787984,1.3863885025,0.4225,2.0604,-5.040958608,1.8,12.8126975867004,0.0780000000000003,0.078365,0.04188,0.08,1.21212121212121e-07,0.0303030303030303,0.181818181818182,0.434294481903252,0.00578480828803656,0.0282009404055501,3.6,0.662757831681574
"130604A",21.35024026,-0.096910013,0.658895489806317,-8.316052869,2.071571247,1.742079764,0.98,455.832759159725,0.00939155061966017,0.434143266487106,69.1567353200031,4.29140743139714,3.0348419041383,0.9604,2.08823,-5.853871964,1.51,4.55927186783047,0.166441725,0.100184013,0.041653571,0.015,6.06060606060606e-08,0.0727272727272727,0.121212121212121,0.434294481903252,0.0188006269082896,0.0658021942265446,1.06,0.313867220369153
"130606A",20.24962877,0.414973348,1.28580403662207,-10.18045606,3.30222,1.37571,0.44,410.047465322812,0.172202879550329,1.65329202059361,103.641685589591,10.9046569284,1.8925780041,0.1936,1.86465,-5.537602002,1.52,19.3109676637375,0.0681500000000002,0.07782,0.05186,0.045,1.21212121212121e-07,0.0727272727272727,0.121212121212121,0.434294481903252,0.0181523294379188,0.0202468289917981,5.913,0.839666556882433
"130925A",21.99154725,0.86332286,0.549112750093306,-10.62525165,5.84588,1.38344,1.5915,483.628150448983,0.74532636059858,0.301524812315033,112.895972625828,34.1743129744,1.9139062336,2.53287225,2.69002,-4.387216143,1.85,3.54089256630188,0.0623499999999995,0.06424,0.12684,0.206936072,6.06060606060606e-07,0.0848484848484849,0.363636363636364,0.434294481903252,0.00641972626198059,0.0216335981082794,0.347,0.129367595722986
"131030A",20.84178667,1.44870632,0.606667482965762,-9.294136288,2.84594,1.11188,0.693,434.38007159779,2.09875000160794,0.368045434888013,86.3809693399184,8.0993744836,1.2362771344,0.480249,2.09466,-4.537602002,1.3,4.04266247219712,0.0251749999999999,0.027575,0.0081499999999999,0.0075,0,0.0181818181818182,0.424242424242424,0.434294481903252,0,0.00655680227037274,1.295,0.36078268987328
"131105A",21.32749584,0.544068044,0.611383620216053,-10.91009489,3.9488,1.19347,0.94,454.862078805217,0.296010036501986,0.373789931068487,119.030170508804,15.59302144,1.4243706409,0.8836,2.24976,-5.148741651,1.45,4.08680221617042,0.0333499999999995,0.047885,0.0454399999999999,0.005,3.03030303030303e-07,0.0666666666666667,0.363636363636364,0.434294481903252,0.018535829347944,0.0451215046497172,1.686,0.429106008332697
"140206A",22.00531353,1.28780173,1.13839188133655,-9.730487056,3.59073,1.22509,0.672,484.233823553601,1.65843329579099,1.29593607549296,94.6823783469835,12.8933419329,1.5008455081,0.451584,1.88134,-4.795880017,1.04,13.7528238777123,0.0129950000000001,0.021325,0.0155449999999999,0.0219023355,1.81818181818182e-07,0.0909090909090909,0.303030303030303,0.434294481903252,0.00493516456317247,0.00678373136259728,2.73,0.571708831808688
"140213A",20.99187128,1.371067862,0.418818963351621,-10.12551818,3.829176603,1.108879519,0.83,440.658659836089,1.87982708220925,0.175409324062926,102.526118413511,14.6625934569626,1.22961378765767,0.6889,1.96657,-4.920818754,1.8,2.62312485984891,0.0630358199999996,0.068643889,0.021746292,0.005,0,0.0242424242424242,0.484848484848485,0.434294481903252,0,0.0089602987940681,1.2076,0.343920385393226
"140419A",22.04094236,0.69019608,0.581746709184398,-10.00568285,3.68383,1.36898,0.678,485.803140116842,0.476370628847366,0.338429233646877,100.113689294784,13.5706034689,1.8741062404,0.459684,1.87322,-4.795880017,1.21,3.81721576852457,0.0239850000000006,0.02442,0.017885,0.001,0,0.0242424242424242,0.121212121212121,0.434294481903252,0,0.0107432153848303,3.956,0.695131297704026
"140423A",21.81946365,0.322219295,1.36195404372412,-10.85078089,3.90552,1.18974,0.77,476.088993973671,0.103825274070297,1.85491881721649,117.739445922789,15.2530864704,1.4154812676,0.5929,2.06486,-5.026872146,1.33,23.0119829578041,0.0503499999999999,0.05495,0.045115,0.149849463,1.81818181818182e-07,0.0363636363636364,0.121212121212121,0.434294481903252,0.00840028010644005,0.0250675025476,3.26,0.629409599102719
"140430A",21.67796993,0.397940009,0.567231868338901,-11.36251027,4.14388,0.875171,1.03,469.934380285984,0.15835625076292,0.32175199245924,129.106639635855,17.1717414544,0.765924279241,1.0609,2.15785,-5.958607315,2,3.69174647045451,0.0861000000000001,0.13071,0.0833725,0.035,1.21212121212121e-07,0.133333333333333,0.121212121212121,0.434294481903252,0.0478561412739919,0.0210567021369837,1.6,0.414973347970818
"140506A",21.81764402,1.037426498,0.980308404667075,-9.903089987,3.30686,0.948932,0.9,476.009590583442,1.07625373875254,0.961004568260905,98.0711912906197,10.9353230596,0.900471940624,0.81,1.74751,-5.552841969,1.68,9.55670993835752,0.0551599999999999,0.06882,0.01557,0.047966029,1.81818181818182e-07,0.096969696969697,0.545454545454546,0.434294481903252,0.0282009404055501,0.0217328347878503,0.889,0.276231957921834
"140509A",20.90144742,0.204119983,0.713587719156301,-11.09770006,3.58709,1.40649,0.86,436.870504251025,0.0416649674599203,0.509207432930693,123.158946621724,12.8672146681,1.9782141201,0.7396,1.93407,-5.920818754,1.59,5.17115694874123,0.0839500000000006,0.088715,0.10418,0.22,1.21212121212121e-07,0.121212121212121,0.242424242424242,0.434294481903252,0.0438681294899875,0.0658021941756327,2.4,0.531478917042255
"140512A",21.32824297,0.832508913,0.680069408293418,-9.504455662,3.53686,1.25134,0.871,454.893948187355,0.693071090224441,0.462494400096559,90.3346774309239,12.5093786596,1.5658517956,0.758641,1.84304,-4.853871964,1.45,4.78706592379787,0.0150399999999999,0.022285,0.0200600000000001,0.002482817,1.81818181818182e-07,0.0242424242424242,0.181818181818182,0.434294481903252,0.00564018807248688,0.0116121519146922,0.725,0.236789099409293
"140518A",22.46148952,0,0.385461334662689,-11.31158018,3.77824,1.64981,0.94,504.51851145707,0,0.148580440519942,127.951846168569,14.2750974976,2.7218730361,0.8836,1.93772,-6,0.92,2.42918916112475,0.0904500000000006,0.070125,0.18819,0,6.06060606060606e-08,0.36969696969697,0.0606060606060606,0.434294481903252,0.0263208776911062,0.0263208776911062,4.707,0.756407872548958
"140629A",21.74269921,0.62324929,1.06226182017845,-9.847711656,2.85608,1.16056,0.815,472.744968936535,0.388439677485504,1.12840017460884,96.9774248597183,8.1571929664,1.3468995136,0.664225,1.95996,-5.619788758,1.86,11.5414884203924,0.0427850000000003,0.06161,0.03501,0.0016785515,1.21212121212121e-07,0.0666666666666667,0.242424242424242,0.434294481903252,0.0219340647280231,0.0250675025859251,2.275,0.515211304327802
"141121A",21.59590717,-0.045757491,1.57774694226942,-12.65757732,5.76634,2.33322,0.82,466.383206495257,0.00209374798261508,2.48928541384052,160.214263611778,33.2506769956,5.4439155684,0.6724,1.93447,-5.27572413,1.73,37.8222135391303,0.1675,0.090095,0.2969,0.01,2.42424242424242e-07,0.0787878787878788,0.181818181818182,0.434294481903252,0.0198648133335181,0.0877362590591065,1.47,0.392696953259666
"150120B",21.52664292,0.079181246,0.529980026172408,-10.79048499,3.39431,1.17705,0.92,463.396355405186,0.00626966971811252,0.280878828141706,116.434566319415,11.5213403761,1.3854467025,0.8464,2.01678,-6.26760624,2.2,3.38828572567676,0.0710999999999995,0.090535,0.057705,0.005,4.84848484848485e-08,0.151515151515152,0.121212121212121,0.434294481903252,0.0389938928598178,0.0438681294899875,3.5,0.653212513775344
"150314A",22.01715025,1.58546073,0.420177158690644,-8.609064893,2.49217,1.19079,0.73,484.754905131075,2.51368572637213,0.176548844685343,74.1159983318851,6.2109113089,1.4179808241,0.5329,1.84772,-4.657577319,1.08,2.63134115747024,0.0150249999999996,0.015855,0.0099249999999999,0,1.81818181818182e-07,0.0181818181818182,0.545454545454546,0.434294481903252,0.00358921059277238,0.00615293244030819,1.758,0.440594261839831
"150403A",21.79039707,1.245512668,1.07967277427977,-8.821023053,3.19694,1.24471,0.679,474.821404468265,1.55130180614848,1.16569329952098,77.8104477015574,10.2204253636,1.5493029841,0.461041,1.70996,-4.769551079,1.23,12.0135891154935,0.0051050000000003,0.006975,0.00458,0,1.81818181818182e-07,0.0242424242424242,-0.363636363636364,0.434294481903252,0.00464486077306445,-0.0089730264817645,2.06,0.48572142648158
"150910A",20.842422,0.041392685,1.58601847602912,-9.970616222,3.85419,2.03808,0.6645,434.406554826084,0.00171335437150922,2.51545460630573,99.4131878464096,14.8547805561,4.1537700864,0.44156025,1.78547,-5.318758763,1.42,38.5494757277456,0.703965,0.02868,0.06663,0.0024587915,2.42424242424242e-07,0.0727272727272727,0.242424242424242,0.434294481903252,0.0219340647615575,0.0957122825479837,1.359,0.372727940885595
"151021A",22.33647975,0.986771734,0.562147752920938,-9.642065153,3.15765,1.33346,1.27,498.91832762216,0.973718455021367,0.316010096114059,92.9694204146969,9.9707535225,1.7781155716,1.6129,1.96079,-4.552841969,1.57,3.64878062317384,0.0628200000000003,0.05208,0.02141,0.04,6.06060606060606e-07,0.0242424242424242,0.484848484848485,0.434294481903252,0.00940031346851669,0.021707940377107,2.33,0.52244423350632
"151027A",21.65076489,0.832508913,0.73840494695627,-9.935542011,3.99907,1.74508,0.9235,468.755620322057,0.693071090224441,0.545241865689492,98.7149950523459,15.9925608649,3.0453042064,0.85285225,2.00612,-5.107905397,1.72,5.47526252023579,0.0222100000000003,0.01731,0.0249900000000001,0.0024409705,1.21212121212121e-07,0.0303030303030303,0.363636363636364,0.434294481903252,0.00674894299290958,0.0232243038293844,0.81,0.257678574869184
"151029A",21.55195354,0.255272505,1.90495975773518,-10.76639985,2.7098,1.23481,1.25,464.486701390319,0.065164051808975,3.62887167859046,115.91536573008,7.34301604,1.5247557361,1.5625,2.307153,-6.408935393,0.49,80.3451669908966,0.0973500000000005,0.12415,0.0730099999999999,0.33,3.63636363636364e-08,0.654545454545455,0.181818181818182,0.434294481903252,0.040493657988788,0.0438681294956119,1.423,0.384353414137506
"151031A",21.98623592,0.230448921,0.349485002168009,-11.5214335,3.69323,0.897942,1.24,483.394569929898,0.0531067051900642,0.122139766740374,132.743429894922,13.6399478329,0.806299835364,1.5376,2.12551,-6.494850022,2.41,2.23606797749979,1.01707,0.166825,0.1244685,0.01,1.81818181818182e-08,0.109090909090909,0.121212121212121,0.434294481903252,0.0246758228535885,0.0309657384870962,1.167,0.335858911319818
"151112A",21.0151543,0.278753601,1.38347582828705,-11.6171,4.43227,1.1526,1.24,441.636710252808,0.0777035700704672,1.91400536745454,134.95701241,19.6450173529,1.32848676,1.5376,2.17922,-6.026872146,1.77,24.1810874847648,0.0472000000000001,0.063015,0.0685399999999999,0.0049999999999999,7.27272727272727e-08,0.127272727272727,0.121212121212121,0.434294481903252,0.0336011204257601,0.0277061870402603,4.1,0.707570176097936
"160203A",22.0158332,0.113943352,0.510025429286158,-11.36754271,3.66139836,1.146279559,0.61,484.696911490222,0.0129830874649959,0.26012593851853,129.221027263674,13.4058379506107,1.31395682738123,0.3721,1.75592,-5.920818754,1.93,3.23612604894565,0.0845867900000004,0.087010427,0.0601908999999999,0.25,6.06060606060606e-08,0.121212121212121,0.242424242424242,0.434294481903252,0.0219340647449938,0.0809873160298532,3.52,0.655138434811382
"160227A",21.4198963,-0.22184875,1.87718823120008,-10.99567863,4.47751,1.10229,0.679,458.811957502754,0.0492168678765625,3.5238356553561,120.904948534239,20.0480958001,1.2150432441,0.461041,1.72551,-5.508638306,0.75,75.3682152632844,0.0305500000000007,0.03885,0.03434,0.001,1.21212121212121e-07,0.309090909090909,0.0606060606060606,0.434294481903252,0.0169812114071368,0.0438681295239288,2.38,0.528916700277655
"160327A",20.72655851,0.255272505,0.964986183142604,-11.22402567,3.76407,1.49693,0.78,429.590227668453,0.065164051808975,0.931198333656131,125.978752240819,14.1682229649,2.2407994249,0.6084,1.93554,-5.853871964,1.84,9.22542076482328,0.0673000000000004,0.06033,0.1004,0.02,6.06060606060606e-08,0.0666666666666667,0.121212121212121,0.434294481903252,0.0188006269082896,0.0292454196637412,4.99,0.777426822389311
"160804A",21.30214687,0.462397998,1.2839736940175,-11.5214335,4.38419,0.948229,0.92,453.781461271051,0.213811908554408,1.64858844692894,132.743429894922,19.2211219561,0.899138236441,0.8464,1.87827,-4.943095149,1.4,19.2297524738119,0.0587499999999999,0.095375,0.070062,0.0049999999999999,1.81818181818182e-07,0.139393939393939,0.181818181818182,0.434294481903252,0.00692654676618381,0.0272284941568783,0.736,0.239549720840473
"161108A",21.16074757,-0.22184875,1.07533869836223,-11.81247928,4.69106,0.883711,0.84,447.777237721261,0.0492168678765625,1.15635331619537,139.534666740429,22.0060439236,0.780945131521,0.7056,2.00325,-5.958607315,1.85,11.8942948022011,0.133550000000001,0.18179,0.0812555,0.0049999999999999,6.06060606060606e-08,0.103030303030303,0.0606060606060606,0.434294481903252,0.023928070636996,0.0438681295239288,1.159,0.334252642334231
"161129A",21.51361441,0.531478917,0.320887726911369,-10.43651891,3.70506,2.32574,0.71,462.83560498216,0.282469839215493,0.102968933282345,108.920926958788,13.7274696036,5.4090665476,0.5041,1.74506,-5.443697499,1.57,2.09357115934511,0.106249999999999,0.050725,0.10628,0.005,6.06060606060606e-08,0.0363636363636364,0.121212121212121,0.434294481903252,0.00731135491027843,0.0154828692315688,0.645,0.216165902285993
"170202A",21.7153121,0.672097858,1.05874120534931,-10.65364703,3.77629,1.1958,1.04,471.554779600406,0.451715530728188,1.12093293990452,113.500195039828,14.2603661641,1.42993764,1.0816,1.99768,-5.48148606,1.68,11.4483053739976,0.0448500000000003,0.068655,0.059155,0,6.06060606060606e-08,0.0424242424242424,0.181818181818182,0.434294481903252,0.00797602354051679,0.0168005602258789,3.645,0.666985718329661
"170519A",21.33992622,-0.15490196,1.69376501464644,-11.06348626,4.1513,1.37345,0.975,455.392451075043,0.0239946172118416,2.86883992484024,122.400728225209,17.23329169,1.8863649025,0.950625,1.97351,-5.958607315,1.94,49.4043300783148,0.0529999999999999,0.052235,0.0667449999999999,0.2244236125,1.21212121212121e-07,0.157575757575758,0.0606060606060606,0.434294481903252,0.0478561412739919,0.0376012538456717,0.818,0.259593878885949
"170705A",21.08891889,1.1430148,1.25715162553545,-10.18641901,3.63746,0.774169,0.66,444.742499948999,1.30648283301904,1.58043020958641,103.763132247289,13.2311152516,0.599337640561,0.4356,1.89159,-5.022276395,1.65,18.0780517612736,0.0405499999999996,0.06603,0.027333,0.0049999999999999,1.81818181818182e-07,0.0303030303030303,0.242424242424242,0.434294481903252,0.00831185611850908,0.00757435329683621,2.01,0.478566495593843
"170903A",21.73970839,0.591064607,0.555705999210494,-11.26042766,4.41384,0.971187,1.14,472.614920882236,0.349357369648064,0.308809157558534,126.797231086093,19.4819835456,0.943204188969,1.2996,2.20256,-5.619788758,1.94,3.59505880999471,0.0409499999999996,0.065935,0.051271,0.005,1.21212121212121e-07,0.0727272727272727,0.303030303030303,0.434294481903252,0.0219340647280231,0.0337447149906566,0.886,0.27554168840131
"171222A",20.02880298,-0.15490196,1.35534747120061,-12.10957898,4.78231,0.718496,1.34,401.152948811657,0.0239946172118416,1.83696676768988,146.641903072858,22.8704889361,0.516236502016,1.7956,1.99001,-5.721246399,2.07,22.6645693378338,0.209750000000001,0.378455,0.126956,0.015,1.21212121212121e-07,0.103030303030303,0.121212121212121,0.434294481903252,0.0277061870402603,0.0752025076913433,2.409,0.532627001228891
"180205A",21.4933967,0.531478917,0.49460846285017,-10.30627305,3.21372,1.09633,1.03,461.966101703571,0.282469839215493,0.244637531523008,106.219264181156,10.3279962384,1.2019394689,1.0609,1.88733,-6,2.04,3.12326232779722,0.0645499999999997,0.088815,0.042095,0.0049999999999999,6.06060606060606e-08,0.0787878787878788,0.181818181818182,0.434294481903252,0.0263208776911062,0.0232243038473533,1.409,0.381836799998343
"180329B",21.41988474,0.146128036,1.64390591550953,-11.14935376,4.02296,1.50063,0.77,458.811462274885,0.0213534029052173,2.70242665904723,124.308089265626,16.1842071616,2.2518903969,0.5929,1.86768,-5.48148606,0.97,44.0459433119658,0.0482499999999995,0.04314,0.069665,0,1.81818181818182e-07,0.339393939393939,0.242424242424242,0.434294481903252,0.0239280706215504,0.0752025076331583,1.998,0.476831628512261
"180404A",20.48730103,0.113943352,1.94421896095388,-11.62342304,4.20449,1.17089,0.72,419.729503493839,0.0129830874649959,3.77998736813258,135.103963166803,17.6777361601,1.3709833921,0.5184,1.62007,-5.886056648,1.95,87.9465810827809,0.0661000000000005,0.1242,0.10229,0.065,6.06060606060606e-08,0.0727272727272727,0.121212121212121,0.434294481903252,0.0202468290074633,0.0404936580149266,1,0.301029995663981
"180620B",21.21643247,0.556302501,1.43845234474162,-10.98296666,4.6659,1.09835,0.9,450.13700675407,0.309472472618855,2.06914514809268,120.625556654672,21.77062281,1.2063727225,0.81,1.99236,-5,1.3,27.4443117973296,0.0437000000000003,0.067125,0.0594450000000001,0.005,1.81818181818182e-07,0.121212121212121,0.121212121212121,0.434294481903252,0.00789626330733186,0.0146227098205568,1.1175,0.325823419002744
"180624A",21.1034582,0.146128036,1.58550942277755,-11.54363397,4.171185481,1.243849338,0.95,445.355947999147,0.0213534029052173,2.51384012971641,133.255485233338,17.3987883169052,1.54716117564304,0.9025,2.06008,-5.236572006,1.91,38.5043168772254,0.0881499349999997,0.099379055,0.1233664435,0,1.81818181818182e-07,0.0606060606060606,0.121212121212121,0.434294481903252,0.0136142470679056,0.0376012538165791,2.855,0.586024382386976
"180720B",21.24271531,1.831869774,0.566844298369836,-8.847711656,3.62033,1.34127,0.729,451.252953741708,3.35574686889481,0.321312458594391,78.2820015477183,13.1067893089,1.7990052129,0.531441,1.8461,-4.065501549,1.36,3.6884533781446,0.0049749999999999,0.00614,0.0053749999999999,0,6.06060606060606e-07,0.0181818181818182,1.57575757575758,0.434294481903252,0.00306056717510092,0.0100786866039877,0.654,0.218535505216528
"181010A",22.27837171,0.146128036,0.340997592433713,-9.928117993,3.15711,1.07011,1.115,496.325846048928,0.0213534029052173,0.116279358045589,98.5675268829304,9.9673435521,1.1451354121,1.243225,1.76613,-6.161150909,1.52,2.19279277929316,0.0346150000000005,0.057805,0.033375,0.007041969,4.24242424242424e-08,0.0909090909090909,0.121212121212121,0.434294481903252,0.0267023396704747,0.0376012538165791,1.39,0.378397900948138
"181020A",20.65703194,0.886490725,1.0640391460811,-10.42365865,4.29043,2.64643,1.228,426.71296857018,0.785865805511026,1.132179304393,108.65265965172,18.4077895849,7.0035917449,1.507984,1.93674,-5.091514981,1.25,11.58881809789,0.1418,0.047555,0.091985,0.029531206,1.81818181818182e-07,0.0363636363636364,0.181818181818182,0.434294481903252,0.00974847321620432,0.0102548874161921,2.938,0.595275711802099
"181110A",20.88432911,0.568201724,1.03853207164445,-10.39577395,3.7664,1.92336,1.7505,436.155202374793,0.322853199156572,1.07854886383411,108.072116019499,14.18576896,3.6993136896,3.06425025,1.76057,-5.004364805,2.02,10.9277832336458,0.0907,0.05473,0.07443,0.141485526,1.81818181818182e-07,0.0303030303030303,0.181818181818182,0.434294481903252,0.00797602353536826,0.0213412521852701,1.505,0.398807730203264
"190114A",21.6447605,-0.301029996,1.00791038569216,-10.75202673,3.74534,1.18375,0.86,468.49565710236,0.09061905849176,1.01588334558612,115.606078802635,14.0275717156,1.4012640625,0.7396,1.83214,-6.096910013,2.06,10.1838122893615,0.0336500000000006,0.042215,0.04616,0,7.27272727272727e-08,0.133333333333333,0.121212121212121,0.434294481903252,0.0394813165359268,0.105283510845884,3.3765,0.641126932803509
