,Redshift_crosscheck,log10T90,log10Fa,log10Ta,Alpha,Beta,Gamma,log10Fluence,PhotonIndex,log10NH,log10PeakFlux,T90Err,log10FaErr,log10TaErr,AlphaErr,BetaErr,log10FluenceErr,PhotonIndexErr,log10PeakFluxErr,is_optical
000926A,2.04,1.397940009,-12.89,5.12,2.14,1.01,1.99215342891529,-5.73555346213348,1.68528474322361,21.1545856750033,0.49787317309306,,0.03,0.02,0.04,0.16,0.0315728375171381,0.179660088857786,0.0584643654542467,1
011211A,2.14,2.431363764,-13.52,5.23,1.98,0.41,1.91703135792151,-5.54501519311092,1.73074257586597,20.9997109050585,0.0099540052549258,,0.06,0.04,0.11,0.15,0.040345966847899,0.171421395586027,0.0900586582057859,1
020124A,3.198,1.661907293,-12.7747,4.454184,1.961572,1.32,2.02236215224452,-5.79045330113306,1.66001947418774,21.1181965423643,0.286068555062632,,0.05493,0.065307,0.072088,0.25,0.0323124845604323,0.162788614352911,0.0687137148382266,1
021004A,2.34,2.0,-12.92,5.4,1.33,0.67,1.96438080403683,-5.46547580308238,1.67186887883644,21.0810752717726,0.355429318153098,,0.02,0.02,0.03,0.14,0.036356115947561,0.193819704191375,0.062431543050404,1
030226A,1.99,1.344195716,-13.1407,4.965035,2.121816,0.57,1.94602716780256,-5.88907181132459,1.69364237204975,21.0511868725117,0.320464469437468,,0.064136,0.032442,0.132162,0.12,0.0369501006956046,0.199398651948698,0.0723940497319666,1
030329A,0.17,1.798650645,-11.76,5.5,1.46,0.41,1.94924493372129,-5.15361554086595,1.63361744707194,21.2067839200846,0.780376798107853,,0.09,0.05,0.03,0.17,0.0273643578404255,0.164558266578791,0.0358944155859398,1
050315A,1.949,1.980457892,-12.4358641833968,4.62811363520312,1.04434177453688,0.810885446614251,1.99544,-5.492144128,2.11,21.91683806,0.285557309,14.02006162,0.791538734163206,0.57654657831525,0.340469127823524,0.213424535334977,0.019691613,0.09,0.04950507,0
050318A,1.44,1.505149978,-12.419372600292,4.2983586277082,1.47901644333471,0.833968453887253,1.98053,-5.966576245,1.9,20.92661714,0.499687083,10.96645741,0.750037196575462,0.590543387684169,0.351787262548194,0.213362831257301,0.030963588,0.1,0.027486993,0
050401A,2.8992,1.506369717,-13.6002,4.1414,0.87515,0.39,1.78711,-5.085128182,1.4,22.12570242,1.029383778,0.6253575,0.12095,0.161195,0.047862,0.05,0.016167167,0.07,0.037341208,0
050416A,0.65,0.397940009,-13.54,4.15,0.94,0.92,2.06183,-6.435333936,3.08,21.75162856,0.688419822,0.44407209,0.05,0.06,0.08,0.3,0.043784457,0.22,0.04271749,0
050502A,3.79,1.301029996,-12.6,3.72,1.43,0.76,1.96705146522392,-5.95905698874291,1.5837013438142,21.0181637594417,0.330571846807332,,0.04,0.03,0.02,0.16,0.0347486663233463,0.18713159391256,0.0657749268162652,1
050502B,3.793,1.243038049,-12.4453,3.576116,1.358692,0.9,1.97812318786123,-5.90726604152399,1.49398169361224,21.0347201497492,0.300152911468348,,0.122846,0.139983,0.198462,0.06,0.0295798799821603,0.14,0.0671099909495084,1
050505A,4.27,1.770115295,-12.3200010341223,4.32516649242086,1.24196899523839,0.816421813410317,2.01835,-5.603800653,1.41,22.23063027,0.267171728,6.838970679,0.767396557222176,0.549397954526816,0.329132508095782,0.222906767823737,0.031220366,0.12,0.07277367,0
050525A,0.61,0.944482672,-11.6972,3.22416,1.03423,0.52,2.08914,-4.815308569,1.0,21.2788016,1.620136055,,0.0658,0.10234,0.034343,0.08,0.006273143,0.1,0.009789852,1
050730A,3.97,2.194514342,-12.3658,4.344142,1.574343,0.52,1.6177,-5.623423043,1.53,21.73850309,-0.259637311,18.03329907,0.044456,0.054968,0.069551,0.05,0.027736454,0.11,0.110547686,0
050801A,1.56,1.28780173,-10.98,2.64,1.19,0.69,2.07525210781143,-6.508638306,1.99,20.80209017,0.164352856,,0.02,0.02,0.01,0.34,0.0581234535102333,0.25,0.0712796339614364,1
050802A,1.71,1.477121255,-11.61,2.91,0.91,0.72,1.8557,-5.698970004,1.54,21.25883595,0.439332694,10.19803903,0.08,0.09,0.01,0.03,0.034092117,0.13,0.069487117,0
050803A,3.5,1.943988875,-12.3173477654151,4.34336349215614,1.29176828169763,0.890756203956415,2.11696,-5.66756154,1.38,21.34755638,-0.017728767,10.43812723,0.759036628500768,0.562245301799814,0.347737702187019,0.226001573854393,0.027269654,0.11,0.049762909,0
050820A,2.61,1.414973348,-11.97,4.46,1.02,0.72,1.96878,-5.463441557,1.25,21.61964524,0.389166084,22.67611617,0.01,0.02,0.01,0.03,0.030552112,0.12,0.040770502,0
050824A,0.83,1.353723938,-12.5,3.65,0.65,0.45,1.94709,-6.575118363,2.76,20.9708274,-0.301029996,4.070927175,0.03,0.06,0.01,0.18,0.084899673,0.38,0.130288345,0
050904A,6.295,2.259044094,-14.18,5.539472,2.332396,1.0,1.90813,-5.316052869,1.25,22.39388568,-0.207608311,,0.12808,0.069062,0.187665,0.09,0.016184888,0.07,0.119080745,1
050908A,3.34,1.239799818,-12.61,3.26,0.82,1.8,2.74883,-6.316052869,1.88,14.58600523,-0.15490196,,0.08,0.13,0.08,0.09,0.045857181,0.17,0.086858896,1
050922C,2.2,0.653212514,-11.65,3.77,1.25,0.56,2.2119,-5.790484985,1.37,21.44930866,0.860936621,0.450457546,0.01,0.01,0.01,0.01,0.014476483,0.06,0.019142457,0
051016B,0.9364,0.602059991,-12.5656220306218,4.31791531705185,1.04358723091147,0.795866789323727,1.89482,-6.769551079,2.4,21.71466751,0.113943352,0.469570015,0.794635541205342,0.564080332133073,0.341646081222064,0.209536103078179,0.056202815,0.23,0.053451629,0
051028A,3.6,1.204119983,-13.0714,4.04085,1.02823,1.1,2.02921982175251,-6.17568341398607,1.6783282458665,20.9024195385481,0.179466033655192,,0.2287,0.246865,0.1334,0.18,0.0451414448022833,0.236991174642203,0.0749534429882672,1
051109A,2.35,1.57054294,-12.14,3.74,0.81,0.96,2.06584,-5.657577319,1.51,21.97057233,0.595496222,7.089588968,0.03,0.04,0.02,0.04,0.05369459,0.2,0.076056648,0
051111A,1.55,1.776555911,-10.91,2.77,1.0,0.76,2.23019,-5.389339837,1.32,21.79196559,0.424881637,,0.03,0.04,0.04,0.07,0.014263593,0.06,0.034286406,1
060115A,3.53,2.144885418,-12.4071165100771,4.09040904690609,0.913003641592976,0.829408661045971,2.10553,-5.76700389,1.0,21.43355223,-0.060480747,15.0870791,0.79064590532704,0.559642089840169,0.341762637984366,0.223690650358895,0.038096007,0.303030303,0.059902687,0
060124A,2.3,1.134495856,-11.66,3.63,0.88,0.73,2.00895,-6.336299075,1.84,21.9172644,-0.050609993,1.306782322,0.03,0.04,0.0,0.08,0.049929734,0.19,0.087834839,0
060206A,4.05,0.880241776,-12.0107,4.293881,1.255402,0.77,2.20424,-6.080398976,1.2,22.33966406,0.445604203,1.933560454,0.004353,0.004134,0.00376,0.01,0.021949902,0.181818182,0.026462388,0
060210A,3.91,2.40654018,-12.4544,3.243171,1.327381,0.99,2.08163,-5.11577123,1.53,22.3877421,0.434568904,121.976523,0.039346,0.035759,0.053451,0.03,0.023188831,0.09,0.044706785,0
060223A,4.41,1.053078443,-12.3159860506414,3.64584293364106,1.09587599814179,0.803074127362611,2.01015,-6.171984936,1.74,22.49782636,0.130333768,1.095536415,0.763109096326692,0.62050827678341,0.363138682235164,0.21302661789445,0.030974941,0.12,0.057905931,0
060306A,1.559,2.13255996245349,-12.2640691791781,4.00802095039777,0.992795253030281,0.79850902499872,2.28823,-5.671620397,1.8,21.61973178,0.775974331,3.518840719,0.793811152658409,0.562741080700009,0.336670645798764,0.209993656682321,0.01457843,0.060606061,0.0488439909307915,0
060418A,1.49,2.158362492,-10.4315,2.578446,1.179912,0.69,1.94118,-5.079354999,1.7,21.65363309,0.814247596,45.254834,0.021082,0.02144,0.0063,0.11,0.013190457,0.06,0.023313354,0
060502A,1.5026,1.45331834,-12.1634213335335,3.87549052757824,0.920023885955899,0.814001697747025,2.02719,-5.63638802,1.46,21.45692297,0.227886705,9.827838,0.796941708103942,0.564237683520208,0.349691143145868,0.218661928813941,0.019176639,0.08,0.053965586,0
060510B,4.9,2.43964843,-12.7973534852049,4.4225967933918,0.9844125877873,0.915624541326277,2.1317,-5.390405591,1.78,22.00215742,-0.244125144,21.28954544,0.817175067943771,0.603011594276066,0.371322959838777,0.218817845961286,0.018780302,0.08,0.083811216,0
060512A,0.44,0.92890769,-12.44,3.64,0.74,0.68,2.70163,-6.634512015,2.48,16.36612399,-0.055517328,,0.03,0.05,0.02,0.05,0.074878359,0.3,0.098703291,1
060526A,3.21,2.47444938,-12.2,4.19,1.12,0.65,1.90677,-5.899629455,2.01,16.11154478,0.222716471,23.04821868,0.01,0.01,0.01,0.06,0.056871896,0.24,0.046810184,0
060604A,2.1357,1.977723605,-12.5511733804882,4.4444236507435,1.10679650958553,0.834567907985586,2.1711,-6.395773947,2.01,21.99003057,-0.468521083,17.0,0.779531610620223,0.559693268942951,0.322112381299818,0.205583059901393,0.11451546,0.42,0.166053773,0
060607A,3.07,2.009450896,-11.78,3.53,1.25,0.72,1.61002,-5.59345982,1.47,21.79614607,0.146128036,,0.03,0.04,0.05,0.27,0.019074895,0.08,0.040327345,1
060707A,3.425,1.820857989,-12.2427093769065,4.00763425249379,0.897396058771442,0.859784900345022,2.09345,-5.795880017,0.6,21.20847898,0.004321374,6.314200491,0.792437797166717,0.574287314536431,0.339668489996603,0.21005655165751,0.040986542,0.363636364,0.098898743,0
060708A,1.92,1.008600172,-11.6007,3.15661,0.820982,0.88,2.20484,-6.306273051,1.68,20.79066861,0.28780173,3.601244236,0.0317,0.0831,0.033617,0.05,0.032528129,0.12,0.031340839,0
060714A,2.71,2.060660074,-12.8093,4.218794,1.123968,0.44,2.04425,-5.548213564,1.93,22.0125926,0.10720997,9.129365384,0.046522,0.074159,0.054273,0.04,0.025627978,0.11,0.044108033,0
060729A,0.54,2.062017599,-12.15,5.07,1.26,0.67,1.92492,-5.583359493,1.75,20.86562801,0.068185862,33.90346061,0.03,0.03,0.06,0.07,0.035109631,0.14,0.048254942,0
060814A,1.9229,2.162265614,-12.2990768874886,4.35563093521314,1.14594668463868,0.829162436773669,2.11591,-4.835647144,1.53,22.00679538,0.861534411,4.898458524,0.787834757907091,0.547443200271037,0.33721202853194,0.208184677271482,0.007109341,0.03,0.017323989,0
060904B,0.7,2.234264124,-12.1854,3.923904,1.19811,1.11,2.18877,-5.790484985,1.64,21.59122827,0.387389826,,0.018294,0.024033,0.027284,0.1,0.038335871,0.14,0.037377804,1
060906A,3.686,1.638489257,-12.6379327208836,4.41111725158168,1.41854320172698,0.848551200930299,2.07859,-5.655607726,2.03,22.41960057,0.294466226,8.166987204,0.750435688364384,0.511104984137258,0.36560841886182,0.216172255531351,0.026725814,0.11,0.061727135,0
060908A,1.8836,1.285557309,-11.955163489057,3.65709631842742,1.21132904812743,0.878416141361235,2.13395,-5.552841969,1.0,21.80952201,0.481442629,1.330335293,0.801133971589238,0.5981368297487,0.35343034085007,0.219235057003253,0.017216674,0.181818182,0.035832878,0
060912A,0.937,0.698970004,-12.0785200085551,3.43061101909972,0.994305183675636,0.778483674887983,1.8948,-5.869666232,1.74,21.36738202,0.933487288,0.58,0.744041943951866,0.669361720083198,0.325802781659734,0.204565724672839,0.019945376,0.09,0.022271512,0
060926A,3.2,0.903089987,-12.3492979552947,3.90192647533699,1.24714526648582,0.893471604138572,2.00443,-6.659555885,2.54,22.50004427,0.037426498,1.212679677,0.810770654242685,0.608724321037597,0.333335050555193,0.220720243960942,0.049576996,0.23,0.055780943,0
060927A,5.46,1.352953912,-12.19,3.24,1.26,0.86,1.94856,-5.946921557,0.9,22.10710478,0.431363764,1.294276634,0.26,0.23,0.06,0.03,0.026134535,0.242424242,0.027344467,0
061007A,1.26,1.876852648,-8.76,2.17,1.75,1.07,1.99824,-4.35261703,1.03,21.74186197,1.164352856,,0.07,0.03,0.01,0.19,0.005497151,0.03,0.011006093,1
061121A,1.31,1.90982337,-12.27,3.85,1.0,0.81,1.90181,-4.863279433,1.41,21.75351565,1.324282455,46.12748458,0.04,0.05,0.01,0.0363,0.006308365,0.03,0.009468031,0
061126A,1.1588,2.281033367,-12.3053,3.5801,0.922285,0.82,1.9269241917552,-5.169411331,1.32,21.38058204,0.989449818,,0.08165,0.101225,0.025959,0.09,0.0190994093843814,0.06,0.0246693811930976,1
061222A,2.088,1.853698212,-12.0043114366646,4.17417392702906,1.17737607936096,0.809904759490834,1.92748,-5.097453221,1.35,22.56660835,0.930949031,16.0,0.810799043564919,0.570843899093681,0.348193819111093,0.200811875735859,0.008588051,0.04,0.013237581,0
070110A,2.35,1.946550511,-12.9,4.44,0.99,1.0,2.08596,-5.790484985,1.58,21.3989672,-0.22184875,14.47803302,0.06,0.1,0.05,0.14,0.028952965,0.12,0.086858896,0
070125A,1.55,1.77815125,-12.7448,5.250332,1.779596,0.59,1.95142632719767,-5.49527903539734,1.66719216524827,21.1168251059769,0.461366700396796,,0.027168,0.017308,0.052941,0.1,0.0330719907495403,0.177142407809118,0.0593602352348791,1
070208A,1.17,1.806179974,-12.723,2.851438,0.502246,1.03,2.20341,-6.351639989,1.94,21.8647258,-0.045757491,22.627417,0.043394,0.100608,0.017994,0.11,0.098570208,0.36,0.106160873,0
070223A,1.6295,1.9408513687054,-12.6520940254251,4.30452314505871,0.957585372966235,0.844920454127057,2.25837,-5.769551079,1.85,21.70173804,-0.161150909,8.08530616,0.799753435758762,0.628260636213595,0.353414886720137,0.203257155310659,0.018572476,0.072727273,0.130844061722848,0
070306A,1.4959,2.321184027,-12.4901777175761,4.63070850568215,1.50648047165303,0.806040045042725,1.94468,-5.269217724,1.66,22.44245468,0.609594409,64.76757163,0.77934410865732,0.602784771343744,0.335466949850323,0.23147308863102,0.02308703,0.1,0.022408315,0
070411A,2.95,2.089021501,-12.4597,3.319089,1.33119,1.09,2.2428,-5.568636236,1.72,22.32139542,-0.040958608,,0.115184,0.105245,0.219221,0.11,0.02493172,0.1,0.062042069,1
070508A,0.82,1.320146286,-11.7849031700103,3.70048192678526,1.2083818245422,0.805571127302493,1.82568,-4.707743929,1.1,21.89306622,1.382017043,0.735923906,0.755692359756797,0.579531591347891,0.345336825901318,0.203578464741076,0.006049102,0.060606061,0.010992516,0
070521A,2.0865,1.57863921,-12.0913221583788,4.02180671857486,1.25400877877949,0.851898421760341,2.00022,-5.096367484,1.1,22.27524914,0.814913181,2.819384324,0.799663644121113,0.574300594271975,0.355470579958629,0.225793965774809,0.009596769,0.121212121,0.017957046,0
070529A,2.4996,2.038222638,-12.1077871644618,3.76646065713862,1.10679331430221,0.771998253596698,1.97999,-5.590066877,1.34,22.56252244,0.155336037,19.9827799,0.816136078129158,0.567030327483772,0.332234235646325,0.213627228797989,0.041401614,0.16,0.109332877,0
070612A,0.671,2.566790912,-12.376,5.2145,2.69428,1.1,1.97567939099548,-4.974694135,1.69,21.2559971173378,0.178976947,,0.35375,0.14528,0.53173,0.3333,0.024623678,0.1,0.109292651,1
070714B,0.923,1.806179974,-12.2734753151143,3.84582672741609,1.36010922540745,0.837362816771832,2.07429,-6.142667504,1.36,21.64321572,0.431363764,8.408797283,0.736081644690827,0.554102914386187,0.365968033073795,0.216068960172274,0.05428681,0.19,0.032169962,0
070721B,3.626,2.531478917,-12.1900030595763,4.17340480961306,1.89162283407329,0.745753982661315,1.52512,-5.443697499,1.34,21.89473409,0.176091259,21.32020684,0.826868829437348,0.555827371101729,0.388730797460943,0.223558705691734,0.024127471,0.11,0.086858896,0
070802A,2.45,1.214843848,-12.5710147125613,4.18412257427013,1.07494599248183,0.787958946719811,1.99014,-6.552841969,1.79,21.91375294,-0.397940009,3.019812592,0.824880615451831,0.605909563883718,0.347839741031165,0.214560447085869,0.077552586,0.27,0.108573621,0
070810A,2.17,1.041392685,-12.45,3.77,1.5,1.01,2.17076,-6.161150909,2.04,21.93100401,0.278753601,4.99064124,0.11,0.12,0.11,0.08,0.037764738,0.14,0.045715209,0
071003A,1.6,2.170643023,-13.16,5.51,2.17,0.35,1.91015,-5.080921908,1.36,20.86974084,0.799340549,4.494400066,0.07,0.06,0.15,0.11,0.015697391,0.07,0.027574253,0
071010A,0.99,0.77815125,-13.1705,5.172418,2.253787,0.61,2.33496,-6.698970004,2.33,22.13954852,-0.096910013,,0.060832,0.033281,0.122333,0.12,0.086858896,0.37,0.162860431,1
071010B,0.947,1.552668216,-11.8207,3.16101,0.633623,0.68,2.04061,-5.356547324,1.53,21.30047157,0.886490725,,0.0527,0.19345,0.053512,0.14,0.009870329,0.22,0.016920564,1
071020A,2.145,0.62324929,-11.7842656208962,3.38792153499291,1.07470460428169,0.799391386452891,1.59788,-5.638272164,1.11,20.99642367,0.924279286,0.581982802,0.807450333899117,0.63872433534346,0.320343154426215,0.210715313495148,0.018882369,0.05,0.015510517,0
071025A,5.0,2.376832349,-12.58,3.37,1.41,0.93,1.97502660214106,-5.187086643,1.79,21.07108335,0.204119983,,0.03,0.02,0.01,0.05,0.021297834433594,0.05,0.0778422962236166,1
071112C,0.82,1.176091259,-11.73,2.56,0.92,0.44,1.67267,-5.522878745,1.09,20.5643192,0.903089987,,0.01,0.02,0.0,0.11,0.057905931,0.07,0.05428681,1
071117A,1.331,0.819543936,-12.4567235776275,4.19359042032933,1.03748523060099,0.840146194974326,2.0457,-5.619788758,1.57,22.04291793,1.053078443,1.824859447,0.774250077971138,0.560030593238593,0.346850933040602,0.213693943133085,0.018095603,0.06,0.015373256,0
080310A,2.43,2.560456622,-11.7773,3.53482,1.13752,0.42,2.09352,-5.638272164,2.32,10.56142698,0.113943352,17.39875121,0.03995,0.03563,0.008815,0.12,0.037764738,0.16,0.066814536,0
080319B,0.937,1.68090255756894,-12.7268044229833,4.88488454413288,1.21114377821899,0.798026517298312,1.81426,-4.091514981,1.04,20.8771334,1.394451681,0.179108908,0.807185481444666,0.596734970236111,0.35304642328044,0.211591715887049,0.00536166,0.02,0.008755937,0
080319C,1.95,1.531478917,-12.32,3.23,2.0,0.98,1.61029,-5.443697499,1.37,21.75037415,0.716003344,,0.25,0.13,0.56,0.42,0.012063736,0.07,0.025055451,1
080330A,1.51,1.783188691,-11.98,3.52,1.13,0.42,2.25433,-6.468521083,2.53,21.69090721,-0.045757491,,0.01,0.01,0.0,0.15,0.102186937,0.45,0.096509885,1
080411A,1.03,1.748188027,-12.0583494966897,4.30921886151772,1.16059940542497,0.827488745245694,1.97674,-4.578396073,1.75,21.57289018,1.635483747,1.000967534,0.752967755325564,0.580802717740986,0.332448274965194,0.211524583621273,0.001645055,0.03,0.009047802,0
080413B,1.1,0.903089987,-13.54,5.62,2.29,0.74,1.93206,-5.494850022,1.26,21.31329763,1.271841607,,0.05,0.02,0.1,0.04,0.013571703,0.27,0.018579443,1
080516A,3.2,0.763427994,-12.3922771815027,4.11846692792739,0.974451217480326,0.932166599563619,2.3315,-6.585026652,1.82,22.03528962,0.255272505,0.213016433,0.739863533813216,0.58929514909501,0.340435386281049,0.225133079346832,0.066814536,0.27,0.072382414,0
080603A,1.69,1.77815125,-12.4,3.8,0.98,0.85,2.0146549872069,-5.70558194498092,1.8144820875664,20.9181675200872,0.365016103959771,,0.03,0.03,0.02,0.31,0.0419982454796969,0.181989441665926,0.0645822859728094,1
080603B,2.6893,1.77815125,-12.2511,4.19971,1.26607,0.62115,1.83449,-5.619788758,1.21,21.31611509,0.544068044,,0.01515,0.014815,0.02688,0.06837,0.018095603,0.3,0.024816828,1
080607A,3.04,1.899984563,-11.2452,2.024669,1.543158,0.98,2.03418,-4.619788758,1.31,22.38386741,1.36361198,3.285061929,0.028099,0.025586,0.031343,0.0606,0.0,0.04,0.02068069,0
080710A,0.85,2.077948999,-11.7,4.01,1.52,0.8,2.00149,-5.853871964,1.47,20.89722339,0.0,17.43704666,0.01,0.01,0.01,0.09,0.062042069,0.23,0.086858896,0
080810A,3.35,2.03666881,-10.4242,2.750635,1.160407,0.51,2.11482,-5.337242168,1.34,21.45079548,0.301029996,4.337190332,0.019425,0.025429,0.008112,0.13,0.018882369,0.06,0.043429448,0
080905B,2.374,2.10720997,-12.0846483734166,4.04832067236062,1.21067807061001,0.723952460370182,1.86248,-5.744727495,1.78,22.33533151,-0.301029996,28.05833332,0.787780525539262,0.547631686936616,0.341088795121996,0.226517240496525,0.048254942,0.15,0.086858896,0
080928A,1.69,2.368584372,-12.67,4.45,2.25,1.08,2.13864,-5.602059991,1.77,21.51035195,0.322219295,20.80043462,0.1,0.07,0.21,0.14,0.034743559,0.12,0.02068069,0
081007A,0.53,0.958563883,-12.93,4.83,1.26,0.27,2.102,-6.148741651,2.51,21.69605744,0.414973348,2.937133306,0.09,0.07,0.09,0.11,0.04893459,0.2,0.066814536,0
081028A,3.038,2.414973348,-12.5058664962304,4.60167539408014,1.69377653187399,0.831385372577157,2.51,-5.431798276,1.25,20.90308999,-0.301029996,32.58849643,0.800337818588934,0.589114075091749,0.357634934667457,0.208180538289035,0.023475377,0.38,0.086858896,0
081029A,3.85,2.431283332,-12.6223,4.599535,2.252306,1.08,1.95818,-5.677780705,1.43,21.49704581,-0.301029996,45.6827768,0.095308,0.071694,0.171741,0.02,0.041361379,0.18,0.173717793,0
081203A,2.1,2.46834733,-11.7554,4.027516,1.826152,0.95,2.03508,-5.113509275,1.54,21.66176916,0.462397998,82.96987405,0.126215,0.081744,0.19167,0.06,0.016920564,0.06,0.029951344,0
081221A,2.26,1.531478917,-11.8082854571469,3.67023033794977,1.11995939573463,0.83370814089989,2.4947,-4.742321425,1.21,21.57331844,1.260071388,0.8019177,0.781653962166946,0.56568238127861,0.328896583614244,0.210608036122254,0.007198251,0.13,0.011931167,0
081228A,3.44,0.477121255,-12.9876,2.80122,1.18347,1.24,2.11824052948599,-7.050609993,2.1,21.16936021,-0.22184875,,0.0492,0.047595,0.036055,0.285,0.0674679414874554,0.31,0.103319586082909,1
081230A,2.1,0.907209226455443,-12.4679138487497,4.06939064941748,0.958161928614876,0.83509432072154,2.08621,-6.086186148,1.97,20.67248024,-0.15490196,13.77430841,0.792518002181151,0.537531810216872,0.332950684951576,0.2116641059114,0.02568693,0.096969697,0.142225970771007,0
090102A,1.55,1.432006687,-12.8492,3.8,1.153525,0.74,1.76997,-7.167491087,1.36,21.72376179,0.740362689,2.240000004,0.071878,0.063638,0.018438,0.22,0.019160051,0.08,0.063170106,0
090205A,4.6497,0.944482672,-12.4702443060295,4.03201853889192,1.16048215214403,0.832080193919563,2.03416,-6.721246399,2.15,21.81792086,-0.301029996,1.794079127,0.798707653653419,0.594810374103137,0.334715069956632,0.208642952271131,0.068572813,0.23,0.086858896,0
090313A,3.38,1.893872679,-11.4731,3.487381,0.938086,1.0,2.07619,-5.853871964,1.91,22.44115763,-0.096910013,,0.110788,0.148455,0.040385,0.103,0.062042069,0.29,0.162860431,1
090418A,1.608,1.748188027,-12.0016799802357,3.96809406045506,1.3013213548524,0.838977109895662,2.03408,-5.337242168,1.48,22.02365981,0.278753601,4.129211073,0.776943873666508,0.574448624874358,0.318589382766038,0.211613366734442,0.018882369,0.07,0.068572813,0
090423A,8.23,0.989894564,-13.39,4.7,1.12,0.45,1.8158,-6.229147988,0.8,22.7516324,0.230448921,1.061728761,0.08,0.09,0.1,0.13,0.029443694,0.5,0.051093468,0
090424A,0.544,1.681241237,-11.6972141060118,3.73131314129977,1.0148760788581,0.81776640284886,1.96315,-4.677780705,1.19,21.63012977,1.851258349,2.27250697,0.808889526322666,0.557454215566841,0.345124619688561,0.214812196108228,0.0,0.15,0.012233647,0
090519A,3.85,1.806179974,-12.576509083428,3.93648913314919,1.23197752592628,0.77657850116284,1.46604,-5.920818754,1.02,22.13069392,-0.22184875,8.24011649,0.794188226986066,0.596236388085537,0.402330922522649,0.215907734146012,0.036191207,0.2,0.144764827,0
090618A,0.54,2.05388479,-11.84,4.07,1.04,0.71,1.82831,-3.978810701,1.42,21.39200012,1.589949601,0.593538562,0.01,0.01,0.0,0.02,0.004136138,0.08,0.008931506,0
090726A,2.71,1.773054693,-12.2265,3.354189,1.086752,1.3,2.4288,-6.065501549,2.25,22.02689264,-0.15490196,,0.098827,0.0975,0.195492,0.11,0.050499358,0.19,0.124084138,1
090809A,2.737,0.73239376,-12.5806851476374,4.4891865215332,1.37480137976355,0.814935933341784,1.94644,-6.468521083,1.34,21.91952315,0.041392685,1.216253263,0.803072528147125,0.59127509638492,0.378512562984105,0.214443118456464,0.063866836,0.24,0.078962633,0
090812A,2.452,1.824125834,-12.1078534995617,4.00476888327027,1.17679800243495,0.769854107304442,1.88559,-5.236572006,1.24,21.77771022,0.556302501,14.65837332,0.747116171714547,0.593636302238187,0.32610492716121,0.214036002495203,0.014975672,0.05,0.024127471,0
090927A,1.37,0.342422681,-12.5736749932282,4.3378520255285,1.05562935096441,0.82961479810776,2.06549,-6.698970004,1.8,21.01785522,0.301029996,0.400898978,0.774324792432609,0.558981297825457,0.33996128573762,0.216225706210881,0.065144172,0.2,0.043429448,0
091018A,0.971,0.639486489,-12.6087,4.381196,1.272917,0.60705,1.98015,-5.853871964,1.77,21.19187281,1.012837225,0.601065704,0.009407,0.009379,0.012642,0.01791,0.031021034,0.24,0.016865805,0
091020A,1.71,1.590061231,-10.8705,2.58947,1.08875,1.06,2.08587,-5.431798276,1.53,21.70587483,0.62324929,4.875038864,0.04935,0.04193,0.00706,0.09,0.011737689,0.07,0.031021034,0
091024A,1.09,1.995196292,-11.21,3.97,1.63,0.64,1.49013,-5.214670165,1.2,22.23512426,0.301029996,,0.04,0.03,0.04,0.29,0.021358745,0.08,0.065144172,1
091029A,2.75,1.593286067,-12.77,4.45,1.1,0.43,2.11535,-5.619788758,1.46,21.45058625,0.255272505,4.829610314,0.01,0.02,0.01,0.03,0.018095603,0.27,0.024127471,0
091109A,3.076,1.681241237,-12.3420090267255,3.90495822829208,1.00818393234055,0.81277143675672,1.96352,-5.795880017,1.31,21.89596701,0.113943352,16.70810678,0.775476261815046,0.579440719484329,0.339345510384343,0.201073722038254,0.05428681,0.25,0.133629071,0
091127A,0.49,0.84260924,-12.02,4.42,1.19,0.43,1.80187,-5.045757491,2.05,20.87872913,1.667452953,0.150359555,0.01,0.01,0.01,0.1,0.014476483,0.07,0.025217099,0
091208B,1.063,1.173186268,-12.0699068622662,3.83102894833506,1.09082088862531,0.820082080890634,2.03333,-5.48148606,1.74,21.91211094,1.181843588,2.897723268,0.761375392093741,0.574565679209104,0.349795025637264,0.205022229259242,0.026320878,0.11,0.028572005,0
100219A,4.67,1.274157849,-12.92,3.37,1.67,1.27,1.58721,-6.431798276,1.34,18.42501386,-0.397940009,,0.1,0.07,0.18,0.08,0.070426132,0.25,0.10857362,1
100316B,1.18,0.579783597,-11.7542,4.081453,1.967914,1.14,2.23535,-6.698970004,2.23,21.41315218,0.113943352,0.445223532,0.27115,0.206598,0.187277,0.14,0.043429448,0.18,0.033407268,0
100316D,0.06,2.717570654,-12.9424,6.41,2.12,0.94,2.49431,-6.522878745,2.29,21.60728985,-1.0,,0.105554,0.06,0.18,0.05,0.115811862,0.41,0.0,1
100418A,0.62,0.84509804,-13.02,4.86,1.06,0.98,2.26662,-6.468521083,2.16,15.61943666,0.0,0.963279858,0.11,0.15,0.12,0.09,0.063866836,0.25,0.086858896,0
100425A,1.755,1.568201724,-12.483905044723,4.03141242532146,0.926473150573003,0.922245568908942,2.17077,-6.327902142,2.42,20.53466438,0.146128036,3.773539953,0.773136719774724,0.572826619749379,0.350353635330317,0.232640460317888,0.083162773,0.32,0.062042069,0
100508A,0.5201,1.716003344,-12.8769,4.020463,0.875389,0.4,1.9368495003839,-6.15490196,1.23,20.84356974,-0.397940009,,0.15766,0.387989,0.292399,0.07,0.0580980942149184,0.25,0.101108910335356,1
100513A,4.772,1.924279286,-13.0903,4.323621,1.387361,1.2,2.25722,-5.853871964,1.62,22.05240534,-0.22184875,14.87086076,0.168576,0.213691,0.282343,0.1,0.031021034,0.14,0.072382414,0
100621A,0.54,1.803457116,-11.87,4.18,1.55,0.78,2.3024,-4.677780705,1.9,22.28454803,1.10720997,1.683600844,0.03,0.02,0.05,0.09,0.0,0.03,0.010178777,0
100704A,3.6,2.2955671,-12.0796808194067,4.07423840339703,0.974795839765546,0.906768283421422,2.11575,-5.22184875,1.73,21.52730245,0.633468456,23.25931459,0.751897874139499,0.548904264189705,0.355984759192435,0.209493405559746,0.014476483,0.06,0.020199743,0
100728A,1.567,2.297760511,-12.0669663483164,4.22222085127483,1.32633594553472,0.825271338668464,1.90402,-4.420216403,1.18,21.52592288,0.707570176,12.6465837,0.766666258328552,0.570275526032545,0.332633410468927,0.209509035690094,0.0,0.02,0.017031156,0
100814A,1.439,2.241795431,-12.9168,5.59489,2.25952,0.41063,1.89414,-5.045757491,1.47,20.89608288,0.397940009,9.468174905,0.0267,0.013105,0.052845,0.04311,0.009650988,0.04,0.034743559,0
100816A,0.804,0.462397998,-12.553434853953,4.26699562819281,1.01294009770317,0.846676992015037,1.91138,-5.698970004,0.73,21.34783526,1.037426498,0.621173086,0.79624513734513,0.561969658311924,0.344091122909998,0.214663136021431,0.021714724,0.24,0.015937412,0
100901A,1.41,2.64246452,-12.17,4.9,1.6,0.74,1.98285,-5.677780705,1.52,21.53188109,-0.096910013,22.56299024,0.02,0.02,0.03,0.02,0.062042069,0.21,0.10857362,0
100906A,1.73,2.058426024,-10.419,2.603734,1.09688,0.84,2.02817,-4.920818754,1.78,21.96198081,1.004321374,1.591145486,0.019906,0.023956,0.015473,0.22,0.0,0.03,0.017199781,0
101219B,0.55,1.531478917,-12.03,3.87,0.97,0.58,1.85684,-5.677780705,1.56,20.49692965,-0.22184875,5.420624286,0.02,0.02,0.01,0.07,0.082722758,0.16,0.217147241,0
101225A,0.33,3.036628895,-14.1,5.38,0.7,0.7,1.81612,-5.721246399,1.82,21.11770968,-0.338610804708651,,0.06,0.17,0.08,0.0303,0.091430417,0.32,0.109322034911467,1
110205A,2.21,2.409933123,-13.04,4.79,1.95,0.74,1.93577,-4.769551079,1.8,21.37042981,0.556302501,,0.06,0.03,0.11,0.04,0.0,0.04,0.024127471,1
110213A,1.4607,1.681241237,-11.5304,4.36285,1.91037,0.9,1.96436,-5.229147988,1.83,21.56708403,0.204119983,16.0,0.0418,0.03889,0.065815,0.06,0.029443694,0.12,0.162860431,0
110422A,1.77,1.413299764,-12.228,3.341312,0.628948,0.886,1.89199,-4.387216143,0.86,22.02088312,1.487138375,0.566646277,0.131094,0.242676,0.035661,0.042,0.010592548,0.1,0.0141464,0
110503A,1.613,1.0,-12.984,4.715862,1.398045,0.8,1.90907,-5.0,0.88,21.13638759,0.130333768,3.405445073,0.066674,0.06045,0.139784,0.04,0.017371779,0.25,0.019301977,0
110715A,0.82,1.113943352,-12.24,5.19,1.51,0.9,1.85342,-4.928117993,1.25,22.0746007,1.731588765,4.0,0.06,0.06,0.09,0.22,0.007360923,0.12,0.008863153,0
110731A,2.83,1.588831726,-12.6474,4.116949,1.162251,0.65,1.85145,-5.22184875,1.15,21.95954126,1.041392685,11.66246372,0.14345,0.236205,0.109516,0.07,0.007238241,0.05,0.011844395,0
110801A,1.858,2.58546073,-11.822,4.036448,1.59481,1.0,2.04784,-5.327902142,1.84,21.39050236,0.041392685,,0.034931,0.030996,0.044803,0.06,0.027720924,0.1,0.078962633,1
110808A,1.348,1.681241237,-12.7157203273429,4.42979953303351,0.875176576066457,0.916532523303273,2.33721,-6.48148606,2.32,14.56450155,-0.397940009,22.627417,0.796589659380108,0.573132341824737,0.348859901612075,0.233356417251163,0.105283511,0.43,0.217147241,0
110818A,3.36,2.012837225,-12.4769267911339,4.14526150042254,1.20258109608999,0.803467864119818,1.95985,-5.397940009,1.58,22.06812647,0.204119983,18.0548006,0.803716830686407,0.553446227115113,0.347557988877952,0.21093926976127,0.021714724,0.11,0.081430215,0
111008A,4.9898,1.802500068,-12.2893829329144,4.25001433881921,1.11111522271693,0.802750012279915,1.94053,-5.27572413,1.86,22.17059025,0.806179974,2.36485691,0.828746098785439,0.561382593612748,0.333558452121531,0.21310383718799,0.024582707,0.09,0.047500959,0
111107A,2.893,1.424881637,-12.5259,3.190433,0.733879,1.0,2.11569,-6.055517328,1.49,21.56675205,0.079181246,,0.238146,0.380189,0.082265,0.09,0.039481317,0.14,0.072382414,1
111123A,3.1516,2.462397998,-12.5350320182654,4.45620201115403,1.26583428785175,0.884793122552956,2.55463,-5.13667714,1.68,21.35034301,-0.045757491,88.09086218,0.819502818248859,0.577067692969638,0.342109257544733,0.224851948793699,0.017847718,0.07,0.048254942,0
111228A,0.714,2.005180513,-12.0111,4.28017,0.93593,0.69,2.03824,-5.070581074,2.27,21.41342718,1.093421685,5.415902489,0.00575,0.008735,0.005345,0.07,0.010218694,0.06,0.017511874,0
120118B,2.943,1.36660971,-12.3451613990603,4.01809408639318,0.972075565905193,0.829338027603966,2.20884,-5.744727495,2.08,21.451745,0.342422681,19.64696058,0.805328100532861,0.565415117714416,0.344682365646637,0.20973637713806,0.024127471,0.11,0.059221975,0
120119A,3.1,2.404491618,-12.0,3.44,1.51,0.89,1.61077,-4.769551079,1.38,22.02202812,1.012837225,,0.06,0.05,0.08,0.01,0.0,0.04,0.012649354,1
120327A,2.813,1.798650645,-12.0760456501803,3.95928201562051,1.23817462251451,0.765933497654203,1.75797,-5.443697499,1.52,22.16619025,0.591064607,7.52171255,0.76579067092082,0.57423215014246,0.347921909475763,0.220986578929724,0.012063736,0.06,0.022271512,0
120404A,2.87,1.587710965,-12.1911,3.966545,1.744036,1.05,1.89579,-5.795880017,1.85,21.70983536,0.079181246,16.0,0.046053,0.034115,0.085691,0.09,0.027143405,0.13,0.072382414,0
120422A,0.283,0.728353782,-12.9223377218328,4.87095195499308,0.909077078568769,0.851324197717516,2.32199,-6.638272164,1.19,16.83373789,-0.22184875,2.236067977,0.798230031557572,0.594290391761409,0.35384336461823,0.216248515422325,0.075529475,0.24,0.144764827,0
120711A,1.405,2.06069784,-12.9249,4.394018,1.107014,0.53,1.96823823014476,-5.59956740196432,1.73945067928945,20.8890204759374,0.15298088503652,,0.108379,0.116386,0.197821,0.02,0.0445850499081247,0.1906576904457,0.0796645497755468,1
120729A,0.8,1.854306042,-12.03,3.81,2.13,0.89,1.8831,-5.619788758,1.62,21.34792064,0.462397998,36.74353317,0.03,0.02,0.05,0.12,0.018095603,0.08,0.029951344,0
120811C,2.671,1.428134794,-12.0942730174068,3.80009423162351,0.963838024496977,0.776494216989617,1.92121,-5.522878745,1.4,21.91722026,0.612783857,3.693579286,0.78471892331854,0.591423594158411,0.331331739363722,0.222687189164038,0.043429448,0.3,0.021185097,0
120815A,2.36,0.986771734,-12.3315,3.266303,0.6555,0.78,1.84293,-6.30980392,2.29,21.77242733,0.342422681,,0.015728,0.033134,0.020651,0.01,0.062042069,0.23,0.059221975,1
120907A,0.97,1.227886705,-12.0278,2.844131,0.787589,0.7,1.82021,-6.173925197,1.73,21.0438101,0.462397998,1.370430613,0.078492,0.160635,0.055886,0.06,0.071302079,0.25,0.059902687,0
120922A,3.1,2.238046103,-12.2289225536875,4.02246729564419,1.02314364425751,0.872119827784916,2.06954,-5.207608311,1.58,21.0163605,0.301029996,30.24009631,0.778540124542298,0.585561650769876,0.335325282257168,0.220325302492593,0.049033248,0.36,0.043429448,0
121024A,2.298,1.838849091,-12.4551055018458,4.22473655642821,1.1436565290387,0.819876690762911,2.00683,-5.958607315,1.41,21.94617755,0.113943352,32.06243908,0.760164989829569,0.589421041130673,0.345823346953004,0.227006995063008,0.039481317,0.22,0.066814536,0
121027A,1.773,1.796574333,-12.6448712624614,4.89282134746587,1.28194386279084,0.872664342958499,2.37144,-5.698970004,1.82,22.07736427,0.113943352,4.820058467,0.75881494586086,0.626392159836131,0.33789872941282,0.216807386756788,0.021714724,0.09,0.066814536,0
121128A,2.2,1.367355921,-11.4998,3.026683,0.954088,0.8,1.98504,-5.161150909,1.32,22.04029767,1.11058971,1.63061216,0.117789,0.179004,0.16947,0.05,0.025176492,0.18,0.013466496,0
121211A,1.023,2.260071388,-12.4891142167761,4.37203677558136,1.0824289148025,0.824050629662775,2.0682,-5.886056648,2.36,21.66138196,0.0,39.28730733,0.786379317063291,0.568704327766421,0.341536626193357,0.204981367279872,0.089197405,0.26,0.130288345,0
121217A,3.1,2.890979597,-12.2295,3.47558,0.775179,0.87,1.96847804960143,-5.207608311,1.53,21.6003032,0.255272505,,0.1152,0.0991,0.028589,0.04,0.0302144713479088,0.08,0.0649371985063369,1
130215A,0.6,1.81756537,-13.66,5.96,2.09,0.94,1.95045663425091,-5.26760624,1.59,21.1575730258515,0.397940009,,0.24,0.13,0.54,0.05,0.040212452,0.14,0.121602455,1
130408A,3.757,1.447158031,-12.1252651581582,4.04322015915914,1.22965016794641,0.81938408490769,2.03183,-5.638272164,1.28,20.06405721,0.69019608,13.06603535,0.761567505993797,0.572150733736473,0.330645689736559,0.214505286299578,0.075529475,0.26,0.088631527,0
130418A,1.218,2.07200023240372,-11.7501506617769,3.52844112058553,1.1508168391544,0.688245056037687,1.68684,-5.744727495,2.07,21.12149747,-0.22184875,46.08809848,0.757387656625762,0.584210347475989,0.325900826943233,0.23190417322543,0.048254942,0.17,0.144764827,0
130420A,1.297,2.091666958,-12.8688,4.259019,1.028031,1.1,2.29559,-5.148741651,1.52,20.79265849,0.531478917,11.73673073,0.066378,0.095952,0.061396,0.06,0.018350471,0.25,0.025546734,0
130427A,0.34,2.211734423,-11.2664,4.420737,1.271343,0.72,1.78644,-3.508638306,1.21,20.99021494,2.519827994,,0.006123,0.006768,0.007333,0.01,0.00420285,0.02,0.006035512,1
130511A,1.3033,0.73479983,-12.1882986178892,3.53399717713957,1.05604117740388,0.771169428043196,2.06879,-6.657577319,1.35,21.01365445,0.113943352,2.212184473,0.772627725233943,0.590338994046999,0.343663156599615,0.223690786657802,0.078962633,0.31,0.066814536,0
130514A,3.6,2.309630167,-12.2605578838291,4.05560463238847,1.07356269261655,0.787871133023514,2.0604,-5.040958608,1.8,21.19799139,0.447158031,12.81269759,0.793426408408215,0.556994491967008,0.341350623064672,0.214704827081136,0.009544934,0.05,0.046531552,0
130604A,1.06,1.57634135,-11.4394741645096,3.28368595930512,1.43545757556668,0.835253890692776,2.08823,-5.853871964,1.51,21.35024026,-0.096910013,4.559271868,0.826590215343174,0.618558754430295,0.333832730029867,0.217563423473793,0.031021034,0.12,0.10857362,0
130606A,5.91,2.441820772,-12.04,4.25,1.71,0.83,1.86465,-5.537602002,1.52,20.24962877,0.414973348,19.31096766,0.09,0.05,0.03,0.12,0.029951344,0.12,0.033407268,0
130702A,0.15,1.770852012,-12.13,5.07,1.33,0.44,1.95922507826468,-5.28621275756824,1.7069931932884,21.1002489320261,0.697313985603386,,0.02,0.01,0.02,0.09,0.0328032555071814,0.171786515728631,0.043879736569635,1
130831A,0.48,1.511883361,-11.42,3.87,1.62,1.0,1.79449,-5.187086643,1.93,19.84752454,1.133538908,1.864331486,0.03,0.01,0.01,0.05,0.001336291,0.05,0.019160051,0
131030A,1.295,1.613841822,-11.8126836411323,3.64166744246732,1.04884546627963,0.782546926843243,2.09466,-4.537602002,1.3,20.84178667,1.44870632,4.042662472,0.826402283269124,0.584978459724672,0.343775811135728,0.215616714659301,0.0,0.03,0.010818724,0
131105A,1.686,2.050379756,-12.3348224587301,4.19357031097264,1.0772984791008,0.812504879331605,2.24976,-5.148741651,1.45,21.32749584,0.544068044,4.086802216,0.789147385833573,0.574646173437902,0.337954737633377,0.214943098267613,0.030584118,0.11,0.074450483,0
140206A,2.73,1.971275849,-10.879,2.792837,0.782606,0.8,1.88134,-4.795880017,1.04,22.00531353,1.28780173,13.75282388,0.019998,0.061447,0.017861,0.03,0.008143022,0.15,0.011193157,0
140213A,1.2076,1.77815125,-12.0521839101332,4.152130671624,1.03855647965402,0.814195378335542,1.96657,-4.920818754,1.8,20.99187128,1.371067862,2.62312486,0.769117534250085,0.57700428138036,0.329300219789774,0.206359928066066,0.0,0.04,0.014784493,0
140419A,3.956,1.976349979,-11.9883787658214,4.07838830002134,1.19538595574116,0.781697832271464,1.87322,-4.795880017,1.21,22.04094236,0.69019608,3.817215769,0.780578483259995,0.573197305822029,0.337336481321536,0.214675708201611,0.0,0.04,0.017726305,0
140423A,3.26,2.127104798,-12.7746,4.184892,1.024631,0.54,2.06486,-5.026872146,1.33,21.81946365,0.322219295,23.01198296,0.051905,0.057199,0.027846,0.08,0.013860462,0.06,0.041361379,0
140430A,1.6,2.239549721,-12.35,3.84,0.78,1.05,2.15785,-5.958607315,2.0,21.67796993,0.397940009,3.69174647,0.02,0.04,0.03,0.08,0.078962633,0.22,0.034743559,0
140506A,0.889,2.045714059,-11.9590062431829,3.84366474184686,0.927575733098556,0.797539739604994,1.74751,-5.552841969,1.68,21.81764402,1.037426498,9.556709938,0.78703983230527,0.56601007319434,0.359226215610209,0.213044840342426,0.046531552,0.16,0.035859177,0
140509A,2.4,1.17092730333444,-12.3839097249102,4.04856493944204,1.21617893324723,0.822866247750191,1.93407,-5.920818754,1.59,20.90144742,0.204119983,5.171156949,0.766773164026873,0.580181115755287,0.33023554847529,0.217988092256581,0.04379136,0.121212121,0.117055576617339,0
140512A,0.725,2.189770956,-11.8893466659215,3.99956006698017,1.1281276198867,0.812365033013517,1.84304,-4.853871964,1.45,21.32824297,0.832508913,4.787065924,0.763035798492453,0.567155262395388,0.345971513706869,0.209340846617785,0.00930631,0.04,0.019160051,0
140518A,4.707,1.781755375,-12.4237204744573,4.12608402351233,1.34934950112782,0.831324604927787,1.93772,-6.0,0.92,22.46148952,0.0,2.429189161,0.801507678285262,0.541889987503772,0.352380738749424,0.226836132452276,0.043429448,0.61,0.043429448,0
140614A,4.233,2.857332496,-12.3084784895473,4.09789410391992,1.16371469217553,0.814385287040149,1.77015,-5.886056648,1.5,12.04338193,-1.4317581319867,160.0586725,0.77809724116385,0.52362627815911,0.366789371307956,0.210334940055299,0.133629071,0.46,0.163321606984505,0
140629A,2.275,1.62324929,-11.9349178621896,3.63475616693168,1.09048319068102,0.80521608250061,1.95996,-5.619788758,1.86,21.74269921,0.62324929,11.54148842,0.786765994680516,0.576051183551405,0.336647656566607,0.215223130077145,0.036191207,0.11,0.041361379,0
140801A,1.32,0.84509804,-12.7942,4.204885,0.861959,0.67,2.01128440967262,-6.05905855564194,1.83370502309806,20.8744034307407,0.574153872694756,,0.036239,0.047598,0.016398,0.16,0.0466131295127891,0.249571169609986,0.0548014009952138,1
140907A,1.21,1.898725182,-12.4311,4.201713,0.985034,1.0,2.00735,-5.366531544,1.72,21.4811071,0.397940009,,0.052537,0.073581,0.036083,0.07,0.020199743,0.07,0.034743559,1
141004A,0.573,0.593286067,-12.2643671430171,3.87813832403496,1.29302395682178,0.847313790644915,1.79496,-6.173925197,1.86,21.49730845,0.785329835,1.073372291,0.724147057013061,0.583655494304749,0.344654518738594,0.212478469317154,0.019446022,0.08,0.021358745,0
141121A,1.47,2.74028372,-13.6665,5.982598,1.859053,0.9,1.93447,-5.27572413,1.73,21.59590717,-0.045757491,37.82221354,0.125949,0.078746,0.276557,0.07,0.032776942,0.13,0.144764827,0
141220A,1.3195,0.857935265,-12.0140017593905,3.61629390644728,1.23095442759923,0.862528486828006,1.80565,-5.585026652,0.62,21.48574413,0.949390007,0.473776348,0.817392087662881,0.531091376816271,0.351716419788614,0.200869648360228,0.016703634,0.38,0.034157993,0
141221A,1.45,1.567026366,-11.3914,2.813159,1.248584,0.26,2.22288,-5.677780705,1.74,21.46788768,0.491361694,,0.019721,0.020312,0.033612,0.09,0.02068069,0.08,0.028018999,1
150120B,3.5,2.01762288488796,-12.2486619885673,3.89600332831107,1.09544219718069,0.820897988729595,2.01678,-6.26760624,2.2,21.52664292,0.079181246,3.388285726,0.781402982065516,0.566387762579821,0.33637874650947,0.219536339937368,0.039006078,0.151515152,0.0542106768002651,0
150314A,1.758,1.169968174,-11.5778096373002,3.48213354160723,1.09036475850215,0.78860645098231,1.84772,-4.657577319,1.08,22.01715025,1.58546073,2.631341157,0.787264853252473,0.584395510373515,0.324539739575702,0.216032887910584,0.005922197,0.03,0.010152339,0
150323A,0.593,2.174931594,-13.0735,3.67566,0.561833,1.1,2.0639,-5.214670165,1.85,21.69269626,0.73239376,,0.057188,0.12415,0.05679,0.21,0.014239163,0.07,0.024127471,1
150403A,2.06,1.611723308,-11.6474673598694,3.83902063097602,1.13649223325668,0.786009850172013,1.70996,-4.769551079,1.23,21.79039707,1.245512668,12.01358912,0.790337045032056,0.577404654165296,0.334075548188076,0.2199386518923,0.00766402,0.04,0.014805494,0
150821A,0.755,2.23578087,-11.6461126833642,3.6616721870682,1.46395969864154,0.806843124378704,2.21622,-6.102372909,2.1,22.340573,-1.49776679460977,99.0437544,0.820273096075203,0.589624874472427,0.363134705336204,0.224727589622497,0.104450572,0.37,0.188398851647283,0
150910A,1.3585,2.049992857,-10.88,2.99,1.239,0.53,1.78547,-5.318758763,1.42,20.842422,0.041392685,,0.03,0.025,0.008,0.14,0.036191207,0.12,0.157925266,1
151021A,2.33,2.042181595,-11.9173071727523,3.8373128639829,1.15914591078037,0.883715552934654,1.96079,-4.552841969,1.57,22.33647975,0.986771734,3.648780623,0.798269562233346,0.574973244631615,0.342697784201069,0.228345567843657,0.015510517,0.04,0.035818102,0
151027A,0.81,2.11290649,-11.4508,4.619188,1.852192,0.97,2.00612,-5.107905397,1.72,21.65076489,0.832508913,5.47526252,0.01712,0.010892,0.014865,0.04,0.011135756,0.05,0.038320101,0
151215A,2.59,1.250420002,-12.3231582496048,3.78070512328286,1.01642538905554,0.84423177767866,2.20942,-6.508638306,1.99,11.58323846,0.204119983,1.003450114,0.760560618548242,0.573201230087181,0.350185205156815,0.228127646445033,0.098066496,0.33,0.05428681,0
160117B,0.87,0.697062187810827,-12.5778137715868,4.32413875830994,0.951169807063527,0.771873017785486,1.83834,-6.4710833,1.73,20.95374423,-0.705929807788426,2.461495511,0.792358894512181,0.542198979758626,0.354210455172224,0.227022969213078,0.005627928835757,0.0041822719666068,0.122191721784807,0
160121A,1.96,1.079181246,-12.4058519044894,4.12345571095853,0.8699838983575,0.850678622646462,2.2054,-6.214670165,1.77,16.38465801,0.079181246,2.383886728,0.764220671247794,0.569149069616994,0.348462456776913,0.217911684977291,0.035597908,0.13,0.072382414,0
160131A,0.972,2.511883361,-11.1733,4.001806,1.287451,0.97,2.02332,-4.690369833,1.24,21.680967,0.806179974,,0.041241,0.050707,0.038892,0.04,0.010644473,0.05,0.020357554,1
160203A,3.52,1.305351369,-12.4997079020454,4.07293700219275,1.04252287075492,0.767239758178432,1.75592,-5.920818754,1.93,22.0158332,0.113943352,3.236126049,0.723222430458077,0.561863162731167,0.334889025119163,0.216243126399521,0.036191207,0.2,0.133629071,0
160227A,2.38,2.500373714,-12.4053269887756,4.40727458337743,1.02916268974915,0.778817817687057,1.72551,-5.508638306,0.75,21.4198963,-0.22184875,75.36821526,0.743950594134467,0.557759818046507,0.336576797907176,0.220897024629698,0.028018999,0.51,0.072382414,0
160314A,0.726,0.941014244,-12.5865,2.806841,0.607458,0.9,1.95129,-6.552841969,1.53,11.89812103,-0.045757491,,0.156279,0.384008,0.053103,0.09,0.062042069,0.22,0.096509885,1
160425A,0.555,2.483701382,-12.4781,3.623299,0.859364,1.5,2.51113,-5.677780705,2.2,22.05510681,0.447158031,,0.257417,0.431716,0.204329,0.09,0.041361379,0.18,0.031021034,1
160804A,0.736,2.15896526,-12.9742,4.72111,1.018609,0.9,1.87827,-4.943095149,1.4,21.30214687,0.462397998,19.22975247,0.063504,0.077461,0.087949,0.07,0.011428802,0.23,0.044927015,0
161014A,2.823,1.26245109,-12.6812,3.993669,1.360776,0.8,1.83236,-5.721246399,1.47,22.18657496,0.462397998,,0.140665,0.162303,0.140234,0.06,0.045715209,0.15,0.089854031,1
161023A,2.71,1.643452676,-11.91,4.55,1.36,0.66,1.95429741445854,-5.42056598348586,1.48429488273099,21.1872488303853,0.588209791507229,,0.05,0.04,0.02,0.08,0.0255406174190192,0.159030747217934,0.0451456901736497,1
161108A,1.159,2.021602716,-12.6231103383585,4.5328392202905,0.930201811291831,0.796118624655276,2.00325,-5.958607315,1.85,21.16074757,-0.22184875,11.8942948,0.76908022832237,0.597790760430662,0.338094865020409,0.205125569411764,0.039481317,0.17,0.072382414,0
161117A,1.549,2.099335278,-12.2043928933637,4.2436987244325,1.05359967187098,0.904500941820585,1.92624,-4.698970004,1.19,21.87736847,0.832508913,1.095627703,0.78356503939914,0.569482053017299,0.350380226698163,0.281647411615092,0.0,0.12,0.019160051,0
161129A,0.645,1.550595207,-12.1163501867246,4.11232298137525,1.78304699118127,0.787624757884028,1.74506,-5.443697499,1.57,21.51361441,0.531478917,2.093571159,0.799497041468196,0.566200209987908,0.382014787181288,0.215486158588655,0.012063736,0.06,0.025546734,0
161219B,0.1475,0.84135947,-12.9799,6.538578,0.890149,0.49723,1.86204,-5.823908741,1.29,21.16590877,0.72427587,0.791979781,0.075567,0.110939,0.142427,0.01068,0.028952965,0.35,0.032776942,0
170113A,1.968,1.315130317,-12.5021,3.874501,1.095671,0.8,1.81917,-6.173925197,0.75,21.4429483,0.041392685,,0.110016,0.186127,0.149224,0.04,0.04537405,0.59,0.039481317,1
170202A,3.645,1.664641976,-12.19461276733,4.12001014994068,1.07309587115922,0.842851366730873,1.99768,-5.48148606,1.68,21.7153121,0.672097858,11.44830537,0.754248948249468,0.562383712261626,0.341103122487694,0.213525402704319,0.013160439,0.07,0.027720924,0
170405A,3.51,2.216693599,-12.7562,4.195041,1.640802,0.8,1.8473,-5.431798276,1.59,13.21022485,0.0992505177283655,35.39093667,0.259204,0.180551,0.148582,0.05,0.035213066,0.12,0.0828682782981754,0
170519A,0.818,2.335257256,-12.3126587005496,4.33012854433067,1.1978245637544,0.833880387823999,1.97351,-5.958607315,1.94,21.33992622,-0.15490196,49.40433008,0.772442085856664,0.562778593573771,0.335318080293496,0.21108896020315,0.078962633,0.26,0.062042069,0
170531B,2.366,2.215187969,-12.5047687044127,4.14911090349307,0.9868299900639,0.839258320161536,2.06685,-5.698970004,1.95,9.634585075,-0.096910013,8.820503864,0.779108024473006,0.600012324130695,0.354803726053323,0.22202187091379,0.043429448,0.14,0.10857362,0
170607A,0.557,1.361727836,-11.9084,4.186609,0.979571,0.9,1.94001,-5.124938737,1.61,20.90203663,1.08334542328181,,0.023499,0.035487,0.024256,0.04,0.017371779,0.07,0.0231184496675564,1
170705A,2.01,2.337059726,-12.1213831401993,4.08454689355939,0.860918972187898,0.782106496900322,1.89159,-5.022276395,1.65,21.08891889,1.1430148,18.07805176,0.797454571207084,0.557172037627152,0.337608574636183,0.215661081471739,0.013714563,0.05,0.012497683,0
170903A,0.886,1.465382851,-12.4159337405126,4.42689010120646,0.966410122600389,0.866985163467863,2.20256,-5.619788758,1.94,21.73970839,0.591064607,3.59505881,0.771935475154807,0.5758530553087,0.3366371804276,0.211096803540329,0.036191207,0.12,0.05567878,0
171222A,2.409,2.242541428,-12.6350442928638,4.55969121041415,0.806948483087147,0.902897912311942,1.99001,-5.721246399,2.07,20.02880298,-0.15490196,22.66456934,0.815228610613029,0.60559905658028,0.362635521376317,0.226996095530768,0.045715209,0.17,0.124084138,0
180115A,2.487,1.611723308,-11.6085,3.061361,0.97054,0.9,1.9512,-6.119186408,1.66,20.61397389,-0.22184875,,0.057564,0.086722,0.036237,0.06,0.062858412,0.22,0.144764827,1
180205A,1.409,1.190331698,-12.8827,5.013912,1.074976,0.9,1.88733,-6.0,2.04,21.4933967,0.531478917,3.123262328,0.024501,0.030888,0.047995,0.09,0.043429448,0.13,0.038320101,0
180325A,2.248,1.973589623,-12.717,3.915432,1.426558,1.13703,1.85846,-5.187086643,1.18,22.14319598,0.973127854,,0.072161,0.045784,0.049597,0.1041,0.013362907,0.05,0.013860462,1
180329B,1.998,2.322219295,-12.4090880775184,4.19953291579803,1.28259166697183,0.789905854475704,1.86768,-5.48148606,0.97,21.41988474,0.146128036,44.04594331,0.787944939978435,0.568280490802633,0.323802460518209,0.222325104328171,0.039481317,0.56,0.124084138,0
180620B,1.1175,2.29841638,-12.3663979347344,4.5265778303877,1.03929275747681,0.823280683140546,1.99236,-5.0,1.3,21.21643247,0.556302501,27.4443118,0.775973884884286,0.571564785596965,0.340113125870886,0.21163772929304,0.013028834,0.2,0.024127471,0
180624A,2.855,2.686993566,-12.5167907696918,4.28760741168365,1.12611388386787,0.825904512481968,2.06008,-5.236572006,1.91,21.1034582,0.146128036,38.50431688,0.768701977577394,0.578961734172999,0.336123212265161,0.208657343578497,0.022463508,0.1,0.062042069,0
180720B,0.654,3.06444019010425,-11.6602089172931,4.05048354644719,1.19075146820813,0.777219739426887,1.8461,-4.065501549,1.36,21.24271531,1.831869774,3.688453378,0.807760496846343,0.578048808151736,0.353055745848598,0.217838324350868,0.005049936,0.03,0.016629833,0
180728A,0.117,0.938519725,-11.82635090009,4.11772503726465,1.10244387309954,0.794292886723743,1.70111,-4.528708289,1.97,21.58733599,2.120573931,0.297321378,0.78749668686156,0.554226007653964,0.333708286078718,0.211207294876606,0.008803267,0.03,0.009541318,0
181020A,2.938,2.376576957,-12.1411942030648,4.34233387971622,1.96822187778181,0.874139422817538,1.93674,-5.091514981,1.25,20.65703194,0.886490725,11.5888181,0.796126987144183,0.58503229755512,0.38956543404862,0.221656694228777,0.016084981,0.06,0.016920564,0
181201A,0.45,1.283301229,-11.6955,4.749372,1.151212,0.57781,1.97913612783146,-5.37153011911936,1.62357778401957,21.1468434832998,0.899550776141651,,0.026476,0.024124,0.006098,0.02953,0.0288230416508681,0.178235765696061,0.0293124960699646,1
190114A,3.3765,1.823474229,-12.2688686827537,4.13138928366559,1.0819470553547,0.810087425344707,1.83214,-6.096910013,2.06,21.6447605,-0.301029996,10.18381229,0.799271143666173,0.57915894912384,0.336476636529598,0.218885184042766,0.065144172,0.22,0.173717793,0
190719C,2.469,2.268811904,-12.4390800360703,4.62998207222266,1.3165106081497,0.809241434692305,1.5415,-5.292429824,1.64,20.95382587,0.740362689,9.689285646,0.832748555712131,0.609859547775042,0.361570648327088,0.219485087622789,0.025546734,0.09,0.02368879,0
190829A,0.0785,1.764922985,-11.9013667497615,4.25746274320334,0.970247676362115,0.865164886299708,2.0913,-5.193820026,2.56,22.04910001,1.255272505,8.854522046,0.802057858600915,0.547311307004275,0.338917114604851,0.218625743830725,0.047500959,0.21,0.065144172,0
191011A,1.722,0.867467488,-12.8184,3.303409,0.811693,0.9,1.81479,-6.48148606,1.94,21.65033473,0.255272505,0.950286355,0.089478,0.236045,0.140267,0.09,0.052641755,0.17,0.048254942,0
191221B,1.148,1.681241237,-11.4646858953794,3.23937682922451,1.0786320373318,0.912750452247464,1.843,-4.721246399,1.24,16.3283796,0.681241237,16.0,0.853365775686917,0.637786833072574,0.33506756050718,0.215581868007983,0.022857604,0.05,0.063334612,0
200205B,1.465,2.660865478,-12.6150757733419,4.45270859613172,1.30805635384365,0.762722495664443,1.90881,-5.26760624,1.36,16.75891189,0.301029996,5.385164807,0.76272068377327,0.569486058967395,0.361975829972428,0.213818203212913,0.016084981,0.22,0.043429448,0
200613A,1.2255,2.580924976,-12.785,5.199503,0.923123,0.9,2.00996423348564,-5.23247535249562,1.74656725545063,20.9938049880807,0.228369899911643,,0.113922,0.166694,0.132474,0.09,0.041388018888279,0.176273323751351,0.0694499683839808,1
200829A,1.25,1.115277591,-10.8633,3.317225,1.301598,0.9,1.88219,-4.292429824,0.83,21.08966848,1.994317153,2.91,0.026536,0.036463,0.022447,0.04,0.008515578,0.03,0.007040235,0
201014A,4.56,1.558708571,-13.7541,5.031584,1.038298,0.9,1.97336,-6.508638306,2.55,22.1524657,-0.522878745,,0.092274,0.110179,0.170451,0.15,0.098066496,0.37,0.289529655,1
201015A,0.426,0.990338855,-12.8744,4.275441,0.481067,1.1,2.1574,-6.698970004,3.03,21.35536147,0.255272505,,0.09442,0.229803,0.027144,0.24,0.130288345,0.68,0.096509885,1
201020A,2.903,1.15136985,-12.091,3.793643,0.728842,1.1,2.0761,-6.036212173,2.25,20.93258486,0.322219295,,0.128558,0.192264,0.056032,0.11,0.033044145,0.14,0.041361379,1
201021C,1.07,1.387033701,-11.1691,2.88042,1.034879,0.6,1.6168,-6.0,1.63,20.75199541,0.0,,0.102098,0.137291,0.035385,0.09,0.043429448,0.15,0.086858896,1
201104B,1.954,0.937517892,-11.8024325245041,3.61312275024669,1.07831860442733,0.75734788977753,1.55046,-5.744727495,1.47,21.73058526,0.612783857,0.161839373,0.793191321925617,0.585353440237596,0.349910202723781,0.217124111188883,0.024127471,0.07,0.031777645,0
210204A,0.876,2.301029996,-12.0073,4.489641,1.06783,0.73,1.98957333119557,-5.18451228666849,1.71047871175346,21.0584880674433,0.493025576197725,,0.017214,0.039841,0.028803,0.16,0.0338538542545085,0.143781575971085,0.0534933364415772,1
210210A,0.715,0.819543936,-11.7476,3.875593,1.44657,0.81,1.85188,-6.008773924,1.53,21.12319546,0.84509804,0.58931824,0.033076,0.03022,0.031618,0.07,0.035452611,0.58,0.031021034,0
210411C,2.826,1.10720997,-11.9291744809384,3.7088676640964,1.08383134498648,0.87343815249032,1.88408,-5.920818754,1.6,21.05996459,0.681241237,0.597059548,0.808901226293957,0.570682566540808,0.322200537766906,0.211497872002024,0.036191207,0.4,0.027143405,0
210517A,2.486,0.485721426,-12.3766183030766,3.73833279296009,1.09538284177117,0.783809780286881,1.71079,-6.823908741,1.85,21.15768338,0.176091259,1.409113169,0.779811153796872,0.624638463227268,0.33523836644846,0.229933374114567,0.086858896,0.25,0.057905931,0
210610B,1.13,1.841234296,-11.7208797750952,3.71411263377221,1.01786802012299,0.786554976569207,1.91684,-4.443697499,0.98,21.03780485,1.130333768,2.53,0.805212835953388,0.589416561142959,0.345052670583526,0.210229063498121,0.012063736,0.11,0.022518973,0
210619B,1.937,1.784617293,-11.5410940286875,3.69438712718933,1.05398210955699,0.790152478386323,1.92306,-4.022276395,1.41,21.83430305,2.06069784,0.277416677,0.796031098081983,0.579133583153472,0.342114361891394,0.224744836942176,0.004571521,0.02,0.008308242,0
210722A,1.145,1.700703717,-12.1427070752043,4.01891551952017,1.24691045036446,0.796184347085253,1.83712,-5.602059991,1.62,20.54058972,0.342422681,10.53830531,0.763175910429414,0.553825795184692,0.333856620235637,0.211424553333742,0.034743559,0.14,0.098703291,0
210822A,1.736,2.257198426,-11.4758614357519,3.49163935966275,1.11699029579329,0.791692979871663,1.70788,-4.698970004,1.3,21.53322281,1.442479769,42.72,0.808104712046275,0.588041783055609,0.31318263247218,0.214064803523531,0.00868589,0.4,0.010974951,0
211024B,1.1137,2.780677274,-11.5745500702315,3.93911459534797,1.53158127022064,0.858224773898708,2.08,-5.167491087,1.63,20.98677173,-0.045757491,20.65497765,0.815944777558417,0.532608494638407,0.35817478212292,0.210726612543786,0.019160051,0.09,0.096509885,0
220101A,4.618,2.238948898,-11.6372557744326,3.77496172918114,1.07923193961064,0.742591863412486,1.62241,-4.602059991,1.13,21.90370028,0.86332286,12.50116167,0.771865813721823,0.583722661802251,0.346506412357251,0.219245925587468,0.0,0.13,0.017847718,0
220117A,4.961,1.697316542,-12.0634505842077,3.9629125904605,1.40698597751599,0.872879012143357,1.78537,-5.795880017,1.84,21.99532933,0.278753601,3.431095393,0.772194006045221,0.538226064515552,0.337921821262401,0.250402629033303,0.05428681,0.18,0.091430417,0
230116D,3.81,1.612783857,-12.3619557473905,4.09356695665816,1.31976467686644,0.802657843617739,1.76412,-6.090443971,1.38,12.161368,-0.22184875,11.18033989,0.779907612493457,0.602779698007637,0.37902771806162,0.213885358645244,0.064181451,0.22,0.144764827,0
230325A,1.664,1.580354661,-12.3076648212819,4.08689320200434,0.934847794789766,0.839699526557922,2.0855,-5.886056648,1.82,22.22918251,0.51851394,11.56039866,0.781913896211101,0.592645090513427,0.345196763111726,0.212363824444481,0.066814536,0.18,0.052641755,0
230818A,2.42,0.992111488,-12.4306074846008,4.20989211345625,1.21602060789543,0.83506464815467,2.00403,-5.721246399,1.36,21.31377445,0.826074803,1.249953617,0.760327920243323,0.584400716937227,0.375080844929136,0.228681870733103,0.022857604,0.1,0.032410036,0
231210B,3.13,0.873320602,-12.0405439470091,3.83249665398071,1.34214315378315,0.811116391999161,1.66432281,-5.853871964,1.08,21.82763844,0.591064607,0.647,0.756952725922534,0.572714705071004,0.359266636519439,0.226622394487242,0.062042069,0.19,0.077950292,0
970508A,0.83,1.120573931,-13.8798,6.247263,1.487567,0.32,1.95905288678887,-6.01308853019273,1.89125935641635,20.9147184367958,0.329125184024259,,0.072147,0.067354,0.155485,0.15,0.0513926781795972,0.291747439511379,0.0729767332031779,1
