"GRB","log10NH","PhotonIndex","log10Fa","log10Ta","log10PeakFlux","log10T90","Gamma","Alpha","Beta","log10Fluence","InvZphot","Zphot","corrected_InvZphot","corrected_Zphot"
"GRB050128",21.0284541237804,0.7,-9.55803,2.89188,0.870403905279027,1.28330122870355,1.9874,1.144,0.922114674653616,-5.578432589073,0.382604188037082,1.41326040871887,0.306701784187282,1.02629085406264
"GRB050607",21.3651509014936,1.92,-11.5579,3.86029,-0.0222763947111523,1.42160392686983,2.32143,1.06876,0.922114674653616,-5.578432589073,0.492439167966683,2.10770057373258,0.565308571502151,2.67543351760818
"GRB050712",21.2692583637097,1.5,-11.5943,4.37043,-0.259637310505756,1.71264970162721,2.12609,1.05095,0.922114674653616,-5.578432589073,0.490911905955607,2.09679106991123,0.564496553136378,2.66856782798736
"GRB050726",20.8995972811555,0.9,-10.4166,3.47822,0.139879086401236,1.69810054562339,2.0163,1.62475,0.922114674653616,-5.578432589073,0.511030160149614,2.24362142321383,0.575193075261817,2.76004528304104
"GRB050814",20.6450251308765,1.8,-11.2842,3.70038,-0.148741651280925,2.17868923977559,1.97267,0.874744,0.922114674653616,-5.578432589073,0.549630190100399,2.545113875739,0.595716032692894,2.94199466965361
"GRB050822",20.9321260884913,2.37,-11.399,4.40868,0.350248018334163,2.01452053875792,2.1128,1.01745,0.922114674653616,-5.578432589073,0.349390337498048,1.23558062714732,0.27051085987514,0.864278795427385
"GRB050922B",21.2649712151637,2.17,-11.4892,5.27032,0.00432137378264258,2.17868923977559,2.61464,1.39422,0.922114674653616,-5.578432589073,0.280850372651959,0.909195370731369,0.195827417881972,0.569738889666634
"GRB051016A",21.6708032110514,1.89,-11.125,3.3379,0.143014800254095,1.36172783601759,2.07321,0.932183,0.922114674653616,-5.578432589073,0.548816654409542,2.53847925983861,0.595283490066026,2.93807053066277
"GRB060105",21.5320418575274,1.07,-8.89733,2.92025,0.871572935545879,1.73559889969818,2.05166,1.53134,0.922114674653616,-5.578432589073,0.369461178034849,1.34132217296931,0.29238072015812,0.960562629103634
"GRB060108",20.8823508992935,2.03,-11.5749,4.05409,-0.113509274827518,1.15533603746506,2.00568,1.13879,0.922114674653616,-5.578432589073,0.448107169782615,1.80612601334441,0.378076027645932,1.3882293300435
"GRB060109",21.5069715468501,1.93,-11.3666,4.15565,-0.327902142064283,2.06220580881971,2.26511,1.53216,0.922114674653616,-5.578432589073,0.531119109692676,2.39718431060787,0.585874016619453,2.85366551447994
"GRB060219",21.5804014551,2.56,-11.4924,3.90781,-0.2518119729938,1.79309160017658,2.57252,1.06824,0.922114674653616,-5.578432589073,0.477628740637391,2.00350763751704,0.557434127622116,2.60939263338008
"GRB060312",21.1217597115228,1.88,-11.3551,3.66183,0.184691430817599,1.7041505168398,1.85164,0.9863,0.922114674653616,-5.578432589073,0.52999403621234,2.38839503119635,0.585275834825988,2.84836126626056
"GRB060421",22.0952432972889,1.55,-10.5758,3.24342,0.468347330412157,1.08635983067475,1.55318,1.42445,0.922114674653616,-5.578432589073,0.552500397139117,2.56862075614647,0.597242071324188,2.95587054826655
"GRB060510A",21.5889179043502,1.57,-9.89639,4.09985,1.16731733474818,1.3096301674259,1.88675,1.4927,0.922114674653616,-5.578432589073,0.274313674387433,0.880674666169363,0.188704812453711,0.544204495542693
"GRB060719",21.523873875843,1.91,-11.0124,3.78765,0.334453751150931,1.82542611776782,2.57067,1.15629,0.922114674653616,-5.578432589073,0.499407924992921,2.15796945464012,0.569013737119363,2.70692446927765
"GRB060805A",20.9841932506923,2.2,-12.0257,3.86318,-0.468521082957745,0.724275869600789,2.29321,1.43902,0.922114674653616,-5.578432589073,0.472095156573675,1.96548107336336,0.404214141723841,1.53637895878999
"GRB060807",21.1668680360146,1.58,-11.3182,4.29504,-0.0809219076239261,1.73239375982297,2.11164,1.75608,0.922114674653616,-5.578432589073,0.511743411218084,2.24895286846902,0.57557229831772,2.76332996347022
"GRB060813",21.6081557627479,1,-9.43514,2.80308,0.946452265013073,1.20682587603185,1.91821,1.08339,0.922114674653616,-5.578432589073,0.391080890377913,1.46082590746297,0.31593828305311,1.06984718496594
"GRB060923A",21.2185460079791,1.7,-11.0023,3.72998,0.12057393120585,1.71349054309394,1.95494,1.15018,0.922114674653616,-5.578432589073,0.519508083689398,2.30756268494966,0.57970063818684,2.79927419771525
"GRB060923C",21.194356135527,2.27,-11.3585,3.98473,-0.0177287669604316,1.87966920563205,2.23639,0.816344,0.922114674653616,-5.578432589073,0.441551445077739,1.76408532411896,0.370932690370821,1.34926868852486
"GRB061019",22.072744953761,1.92,-11.1221,4.18079,0.326335860928751,2.26434550705009,2.08231,1.02077,0.922114674653616,-5.578432589073,0.529627423234493,2.38553589880349,0.585080913149822,2.84663441789596
"GRB061202",21.8427939002985,1.58,-11.0231,4.68769,0.399673721481038,1.95999483832842,2.21627,1.47495,0.922114674653616,-5.578432589073,0.416307295602597,1.60799824975822,0.343425819347073,1.20508745926471
"GRB070103",21.5213303341844,1.95,-10.9987,3.53314,0.0170333392987804,1.26951294421792,2.31333,1.4608,0.922114674653616,-5.578432589073,0.527342332067358,2.36776928758542,0.58386597034255,2.83588846070015
"GRB070107",21.5918972083864,1.33,-9.99381,3.36646,0.294466226161593,2.54070478331076,2.07615,1.07545,0.922114674653616,-5.578432589073,0.440485922726563,1.75731207505344,0.369771661518747,1.34299661694251
"GRB070129",21.2135586610946,2.01,-11.6028,4.49461,-0.259637310505756,2.66332393362821,2.27617,1.08993,0.922114674653616,-5.578432589073,0.475435645477702,1.98837879090872,0.407854050350187,1.55772618918909
"GRB070224",20.783454051921,2.42,-12.3077,4.34243,-0.468521082957745,1.53781909507327,2.18172,0.732455,0.922114674653616,-5.578432589073,0.402569425075276,1.52679160353615,0.328456575360141,1.13037754272524
"GRB070328",21.3970043998704,1.24,-9.2568,3.02881,0.625312450961674,1.8767949762007,2.14125,1.41933,0.922114674653616,-5.578432589073,0.385327955597751,1.42844323124512,0.309669692575868,1.04018566889181
"GRB070420",21.6101158896311,1.2,-10.1688,3.73139,0.852479993636856,1.88366143515362,1.97643,1.36588,0.922114674653616,-5.578432589073,0.396132984428039,1.48961954290221,0.321443213990613,1.09625066791483
"GRB070517",21.1991710643245,1.94,-11.5013,3.81016,-0.0222763947111523,0.880813592280791,2.1231,1.1757,0.922114674653616,-5.578432589073,0.471670265562413,1.9625812205136,0.403751166242832,1.53367651695831
"GRB070621",21.6530628976851,1.57,-10.6032,3.27723,0.397940008672038,1.52244423350632,2.67361,1.08208,0.922114674653616,-5.578432589073,0.489134901303196,2.08414580418107,0.56355175099807,2.66059558010317
"GRB070628",21.8755826826928,1.91,-10.3432,3.97958,0.707570176097936,1.59217675739587,2.03993,1.2331,0.922114674653616,-5.578432589073,0.353808691690618,1.25844069967381,0.275325246631641,0.885060297814612
"GRB080129",21.9206001619667,1.34,-11.0339,3.99429,-0.698970004336019,1.68124123737559,2.00581,1.08095,0.922114674653616,-5.578432589073,0.590620645920443,2.89601523000274,0.617509937540839,3.14486068213485
"GRB080205",21.3315932887924,2.08,-9.73889,2.81358,0.146128035678238,2.02734960777476,1.82123,1.56547,0.922114674653616,-5.578432589073,0.401632959894224,1.52134897618622,0.327436171524441,1.1253779544087
"GRB080229A",21.4152739093529,1.91,-9.54636,3.68741,0.755874855672491,1.80617997398389,1.80704,1.27632,0.922114674653616,-5.578432589073,0.262480211101223,0.830122713728931,0.175810674400118,0.499031207919635
"GRB080328",21.672850290861,1.52,-9.62397,3.21924,0.740362689494244,1.95712819767681,1.95126,1.14608,0.922114674653616,-5.578432589073,0.364190164257633,1.31307739424097,0.286637246951504,0.934805204542951
"GRB080409",21.7301828910411,2.1,-11.4191,3.60854,0.568201724066995,1.30535136944662,2.07321,1.2996,0.922114674653616,-5.578432589073,0.536310905200405,2.43803984171368,0.588634403031895,2.87823751470156
"GRB080605",21.7380841782878,1.11,-8.99918,2.73047,1.29885307640971,1.30102999566398,1.7467,1.29386,0.922114674653616,-5.578432589073,0.37716307330575,1.38321417485033,0.300772963282163,0.998816672342643
"GRB080707",21.5584229460035,1.77,-11.568,4.01305,0,1.43296929087441,2.07126,1.04373,0.922114674653616,-5.578432589073,0.502195463744178,2.17830421421971,0.570495822475319,2.71959643225491
"GRB081126",21.6934587288331,1.27,-9.95186,3.42034,0.568201724066995,1.73239375982297,2.05246,1.41484,0.922114674653616,-5.578432589073,0.467975698533923,1.93748527686803,0.399725442229378,1.51029893727464
"GRB081222",21.472879262713,1.08,-10.7863,4.05592,0.886490725172482,1.38021124171161,1.99296,1.36844,0.922114674653616,-5.578432589073,0.413129463120522,1.58898457604879,0.33996314660757,1.18757598259277
"GRB090113",21.4966792341692,1.6,-10.0724,3.04433,0.397940008672038,0.959041392321094,2.25448,1.27448,0.922114674653616,-5.578432589073,0.436280195216724,1.73073901457816,0.365188959919389,1.31840315917479
"GRB090404",21.5865164166267,2.32,-11.1402,4.3431,0.278753600952829,1.92427928606188,2.57252,0.979951,0.922114674653616,-5.578432589073,0.360732691305039,1.29473580113498,0.282869868586519,0.918093919477266
"GRB090407",21.4704149015271,1.73,-11.7256,4.89641,-0.221848749616356,2.49136169383427,2.34527,1.44641,0.922114674653616,-5.578432589073,0.464474947909737,1.91390204273754,0.395910907063494,1.48834679633578
"GRB090518",21.8471393823925,1.54,-11.0436,3.67955,0.380211241711606,0.838849090737255,2.58544,1.07718,0.922114674653616,-5.578432589073,0.511131520914281,2.24437854615975,0.575246966998718,2.76051189717646
"GRB090727",21.4201277808955,1.24,-12.3566,5.35407,-0.301029995663981,2.48000694295715,1.59799,1.21998,0.922114674653616,-5.578432589073,0.447525254781444,1.80236857825768,0.377441953564736,1.38474503663818
"GRB090728",20.9836731865922,2.05,-11.0749,3.64639,0,1.77085201164214,1.87788,1.87025,0.922114674653616,-5.578432589073,0.538626928508054,2.45642333521232,0.589865791914568,2.88924938683847
"GRB090807",21.5072971338106,2.25,-11.2763,4.08802,-0.154901959985743,2.14860265480609,2.35238,2.054,0.922114674653616,-5.578432589073,0.489114195251645,2.08399876349245,0.563540741954422,2.66050278789092
"GRB090813",21.3222399749312,1.69,-9.61111,3.00808,0.929418925714293,0.851258348719075,1.89556,1.2342,0.922114674653616,-5.578432589073,0.309729518732337,1.04046673365193,0.227295102990206,0.687699427187112
"GRB090904A",21.0032700556617,2.01,-11.7199,4.37117,0.278753600952829,2.08635983067475,1.56773,1.26809,0.922114674653616,-5.578432589073,0.440987896818966,1.76050092384064,0.370318629307485,1.3459493393107
"GRB100302A",21.2918297661278,1.72,-12.0003,4.23746,-0.301029995663981,1.25285303097989,1.9307,0.842899,0.922114674653616,-5.578432589073,0.475169323455131,1.98654679179022,0.407563856951797,1.5560177002209
"GRB100305A",21.1651493230937,1.27,-11.775,4.35979,-0.0457574905606751,1.84323277809801,2.09053,2.08702,0.922114674653616,-5.578432589073,0.551023331449028,2.55650424537886,0.596456741459956,2.94872365547841
"GRB100424A",21.3018652089066,1.83,-8.68223,2.66885,-0.397940008672038,2.01703333929878,1.65736,2.13779,0.922114674653616,-5.578432589073,0.329164509419345,1.13385305707696,0.248472119973951,0.772034283736189
"GRB100522A",21.6868694388793,1.89,-10.5759,3.86836,0.851258348719075,1.54777470538782,2.27533,1.01657,0.922114674653616,-5.578432589073,0.322918912562763,1.10338567843792,0.241666708392566,0.744482866604684
"GRB100606A",21.2663281435841,1.35,-8.53703,2.19646,0.204119982655925,2.68124123737559,1.77395,1.49601,0.922114674653616,-5.578432589073,0.301085386083931,1.00025509857798,0.21787616645182,0.65149082948038
"GRB100725A",21.0351334362852,1.23,-9.86238,2.52661,-0.154901959985743,2.14921911265538,1.86536,1.294775771,0.922114674653616,-5.578432589073,0.456703699625183,1.86222453138459,0.387443094572236,1.44029929567721
"GRB100725B",21.6870507065163,1.89,-11.0882,4.41393,0.380211241711606,2.30102999566398,2.61517,1.35267,0.922114674653616,-5.578432589073,0.418748388597556,1.62269862521212,0.346085716058406,1.21863426514795
"GRB100727A",21.3704224093627,1.81,-11.2837,4.2408,0.0791812460476248,1.92427928606188,2.16468,0.84082,0.922114674653616,-5.578432589073,0.440897496704749,1.75992637445389,0.370220126314356,1.3454173113041
"GRB100802A",21.0705952537691,1.85,-12.205,4.8136,-0.0457574905606751,2.68752896121463,2.0718,0.628651,0.922114674653616,-5.578432589073,0.475643094848024,1.98980659027193,0.408080094134273,1.55905779393653
"GRB101011A",21.1476763242411,1.24,-9.66783,2.23005,0.113943352306837,1.85430604180108,1.80947,2.42724,0.922114674653616,-5.578432589073,0.455120390519157,1.85180870616274,0.38571786792465,1.43062448192904
"GRB101024A",20.9146408720964,1.15,-10.4259,3.43724,0.740362689494244,1.2718416065365,1.81907,1.40772,0.922114674653616,-5.578432589073,0.378317395063033,1.38955700281508,0.302030750942181,1.00461396236152
"GRB110102A",21.1999717221478,1.6,-10.4417,4.06295,0.924279286061882,2.42160392686983,2.12056,1.30042,0.922114674653616,-5.578432589073,0.305153864916447,1.01908157145945,0.22230931729412,0.668435097990227
"GRB110201A",21.4481077867832,1.09,-9.38832,2.8541,0.0413926851582251,1.11394335230684,1.90764,1.16111,0.922114674653616,-5.578432589073,0.454448052012913,1.84739718935451,0.384985265362866,1.42652776704426
"GRB110208A",20.7561026100651,2.08,-11.4309,3.31036,-0.221848749616356,1.57287160220048,2.09745,1.00193,0.922114674653616,-5.578432589073,0.557591583075033,2.61070147245409,0.599948965395766,2.98060391123801
"GRB110312A",21.6134707695839,2.32,-11.0279,4.1347,0.0791812460476248,1.45788189673399,2.22412,0.982892,0.922114674653616,-5.578432589073,0.395766356684277,1.48751871392883,0.321043724117868,1.09432329856947
"GRB110315A",21.4240331176752,1.77,-9.65017,2.90525,0.230448921378274,1.88649072517248,2.11774,1.37716,0.922114674653616,-5.578432589073,0.41709750632226,1.61274789383733,0.344286859421675,1.20946364215786
"GRB110318B",21.7707850220727,1.09,-10.6991,3.39365,-0.154901959985743,0.681241237375587,2.36875,1.10524,0.922114674653616,-5.578432589073,0.559941997337804,2.63029566731708,0.601198639344769,2.99207451710141
"GRB110319A",20.985032421261,1.31,-10.6395,3.34438,0.342422680822206,1.28555730900777,2.22404,1.08335,0.922114674653616,-5.578432589073,0.485687216004758,2.05975896553967,0.561718677326733,2.6451774699233
"GRB110402A",20.8487936282468,1.59,-12.0969,4.12739,0.612783856719735,1.78461729263288,2.16612,2.25288,0.922114674653616,-5.578432589073,0.531147463057716,2.39740610654399,0.585889091605262,2.85379928307162
"GRB110420A",21.1500069040069,2.3,-10.3969,3.75189,1.14612803567824,1.07188200730613,2.04862,1.1552,0.922114674653616,-5.578432589073,0.233665460333484,0.712637544202579,0.144413156581974,0.394482782901522
"GRB110530A",21.3858367638158,2.06,-11.1955,3.83408,-0.397940008672038,1.29225607135648,2.13305,1.16745,0.922114674653616,-5.578432589073,0.52161010567631,2.32361037256176,0.580818246328895,2.80906379457806
"GRB110610A",21.9789224305269,1.51,-10.0085,3.10642,0.6232492903979,1.66651798055488,2.28925,1.06138,0.922114674653616,-5.578432589073,0.475210287518942,1.98682850585392,0.407608492768146,1.55628041550871
"GRB110801A",21.3905023625177,1.84,-10.366,3.50689,0.0413926851582251,2.5854607295085,2.04784,1.39929,0.922114674653616,-5.578432589073,0.470163011331593,1.95231716347741,0.402108811535338,1.52411310429632
"GRB110820A",21.7001635411957,1.92,-11.9925,4.70932,-0.397940008672038,2.40823996531185,1.81873,1.3371,0.922114674653616,-5.578432589073,0.535180289506355,2.42910109938586,0.588033274540816,2.87287316756055
"GRB111107A",21.5667520502364,1.49,-11.3845,3.50884,0.0791812460476248,1.42488163663107,2.11569,0.947197,0.922114674653616,-5.578432589073,0.57360889914497,2.74635474935368,0.60846509080506,3.05943031674192
"GRB111121A",21.5516865996055,1.66,-10.4143,3.3955,0.851258348719075,2.07554696139253,1.90432,1.30357,0.922114674653616,-5.578432589073,0.383144515589883,1.41626473559216,0.307290543191427,1.02903969397284
"GRB111129A",21.2732976492781,2.56,-10.5301,3.4323,-0.0457574905606751,0.880813592280791,1.96497,1.20903,0.922114674653616,-5.578432589073,0.367453445072662,1.33052327753002,0.290193027057371,0.95071142269744
"GRB120102A",21.4339185723075,1.59,-10.0397,3.80062,1.01283722470517,1.58771096501891,2.02376,1.23,0.922114674653616,-5.578432589073,0.29594110728633,0.976701570362085,0.212270787925,0.630312235432307
"GRB120116A",21.1083004429334,1.31,-10.8231,3.46641,0.612783856719735,1.61278385671974,2.09196,0.747488,0.922114674653616,-5.578432589073,0.490115781059934,2.09111940194794,0.56407326752327,2.66499399606389
"GRB120119A",22.0220281244648,1.38,-9.53847,2.93291,1.01283722470517,2.40449161775869,1.61077,1.17477,0.922114674653616,-5.578432589073,0.416672562988148,1.61019265345846,0.343823826927935,1.20710922983834
"GRB120213A",21.2745547700684,2.37,-10.2817,3.80607,0.230448921378274,1.68930885912362,2.22073,1.7873,0.922114674653616,-5.578432589073,0.374688486751951,1.36967336295674,0.298076570866983,0.986445118484207
"GRB120215A",20.9743960804097,1.62,-10.2817,3.80607,-0.221848749616356,1.42324587393681,2.14101,1.7873,0.922114674653616,-5.578432589073,0.475021505775674,1.9855304553774,0.40740278985592,1.55506992392479
"GRB120224A",21.5104712811198,2.25,-10.5659,3.93181,-0.0457574905606751,0.910090545594068,2.22324,1.69152,0.922114674653616,-5.578432589073,0.397616738786118,1.49813980136046,0.323059962449451,1.10406892565227
"GRB120308A",20.7536382038973,1.71,-10.5768,3.93915,0.778151250383644,1.78247262416629,1.65025,1.68971,0.922114674653616,-5.578432589073,0.299160793322484,0.99141050295164,0.215779065699248,0.643535411129162
"GRB120324A",22.050269911888,1.34,-10.5957,3.9494,0.770852011642144,2.07188200730613,2.06101,1.1,0.922114674653616,-5.578432589073,0.443229392247997,1.77478534587049,0.372761037823858,1.35917978274122
"GRB120701A",21.2091261201048,1.05,-10.0266,2.75708,0.204119982655925,1.13987908640124,2.04485,1.15833,0.922114674653616,-5.578432589073,0.483564071863131,2.04483716450694,0.560589838906292,2.63571505797041
"GRB120703A",21.1449942893595,1.51,-10.1351,3.20671,1.02118929906994,1.40140054078154,1.9962,1.08348,0.922114674653616,-5.578432589073,0.32667190722494,1.12164103822283,0.245756097113187,0.760986785877418
"GRB120728A",21.714329759749,1.79,-10.6692,3.21922,0.380211241711606,1.34360550810417,2.64225,1.10643,0.922114674653616,-5.578432589073,0.505525070784876,2.20276497727778,0.572266116012541,2.73478938694015
"GRB120927A",21.4414814698903,0.63,-10.5667,3.51032,0.204119982655925,1.63346845557959,1.7477,1.61279,0.922114674653616,-5.578432589073,0.547877942999751,2.53083922799742,0.594784393709681,2.93354745290625
"GRB121123A",20.7584031522204,0.96,-11.3875,4.43356,0.414973347970818,2.50105926221775,1.93494,1.3998,0.922114674653616,-5.578432589073,0.477331825609773,2.0014549248648,0.557276263120969,2.60808087040685
"GRB121209A",21.7181835326131,1.43,-9.86315,3.27553,0.531478917042255,1.63042787502502,2.29895,1.1864,0.922114674653616,-5.578432589073,0.453703820771426,1.84252190922218,0.384174326068135,1.42200104432938
"GRB121217A",21.6003031960224,1.53,-10.8368,4.50576,0.255272505103306,2.89097959698969,1.94438,1.32254,0.922114674653616,-5.578432589073,0.398993168110695,1.50606982972132,0.32455976595607,1.11134773146754
"GRB130131A",21.4328234331816,2.12,-11.3112,3.64265,-0.154901959985743,1.71264970162721,2.35898,1.155,0.922114674653616,-5.578432589073,0.536804144503607,2.44194672927379,0.588896649699471,2.88058007727233
"GRB130427B",20.6478971480755,1.64,-11.2077,3.91798,0.477121254719662,1.43136376415899,1.8144,1.86416,0.922114674653616,-5.578432589073,0.460424604529672,1.88685256512775,0.391497517217777,1.46318775660044
"GRB130527A",21.1632478673251,1.25,-9.93338,3.25596,1.30319605742049,1.64345267648619,1.66746,1.71904,0.922114674653616,-5.578432589073,0.328849364820357,1.13230519413105,0.248128727860593,0.770633708508901
"GRB130528A",21.5356447061123,1.39,-10.9087,3.9777,0.477121254719662,1.77378644498119,1.91315,1.11496,0.922114674653616,-5.578432589073,0.47063427021001,1.95552250194869,0.402622310997864,1.527099320644
"GRB130603A",21.6723722084131,1.83,-11.2718,4.38521,-0.0969100130080564,1.88081359228079,2.32319,1.0884,0.922114674653616,-5.578432589073,0.447019525873539,1.79910716462243,0.376890894403229,1.38172104651146
"GRB130608A",20.8208579897214,2.71,-11.8323,3.62551,-0.221848749616356,2.18006850090122,2.38733,0.5463,0.922114674653616,-5.578432589073,0.4757321346334,1.99041962829028,0.408177114867522,1.55962954745605
"GRB130725B",20.8639548042813,2.23,-10.3642,3.06254,0.342422680822206,1,1.94128,0.9482,0.922114674653616,-5.578432589073,0.3810388062805,1.40457765087391,0.30499609178027,1.01834820046724
"GRB130812A",21.4473890765796,2.52,-10.3117,2.6882,0.447158031342219,0.880813592280791,2.00858,0.933759,0.922114674653616,-5.578432589073,0.314200944649385,1.06158357117156,0.232167318475762,0.706739809515051
"GRB130816A",21.8479444879521,1.86,-10.4298,2.83295,0.176091259055681,1.47668674294564,2.13422,1.0698,0.922114674653616,-5.578432589073,0.527408295942492,2.3682808482749,0.583901042175475,2.83619824375538
"GRB131002A",21.0534126831504,1.63,-11.1228,3.74626,0.113943352306837,1.74499667403856,2.07363,1.09328,0.922114674653616,-5.578432589073,0.526477185323154,2.36106711978503,0.583405987025811,2.83182782743486
"GRB131018A",21.5164996769919,2.24,-11.4224,4.56307,-0.301029995663981,1.86462972454551,2.18813,0.92307,0.922114674653616,-5.578432589073,0.402212116090139,1.52471358025468,0.328067239519001,1.1284685600099
"GRB131024A",20.8182232535179,1.85,-11.0831,3.69653,-0.522878745280338,2.04921802267018,2.02387,0.734633,0.922114674653616,-5.578432589073,0.538139842725026,2.4525489343676,0.589606816965504,2.88693087266104
"GRB131229A",21.9428906346751,1.02,-8.49034,2.28078,1.02938377768521,1.14176323027579,2.09007,1.24672,0.922114674653616,-5.578432589073,0.411410739973374,1.57875890071801,0.338090368283995,1.17816295879576
"GRB140108A",21.9933184920758,1.62,-9.89581,4.02038,0.785329835010767,1.9731278535997,1.93177,1.6012,0.922114674653616,-5.578432589073,0.356694878246806,1.27349957966511,0.278470132199273,0.898760253882026
"GRB140114A",21.1319264745199,2.06,-11.8158,4.48388,-0.0457574905606751,2.14519640611418,2.35235,1.1721,0.922114674653616,-5.578432589073,0.45224589106451,1.8329955416677,0.38258571701441,1.41315777227822
"GRB140215A",21.205186493608,1.19,-11.3344,4.05216,0.897627091290441,1.92531209149965,1.97861,1.55735,0.922114674653616,-5.578432589073,0.435323299031053,1.72472890559741,0.364146293776555,1.3128437493361
"GRB140304A",22.4805386999219,1.29,-9.31099,3.01201,0.230448921378274,1.19312459835446,2.01927,1.8624,0.922114674653616,-5.578432589073,0.575495793627086,2.7626670790704,0.609468319434229,3.06881851835397
"GRB140323A",21.7106089485737,1.35,-9.9529,3.72061,0.792391689498254,2.02077548819356,1.97013,1.37879,0.922114674653616,-5.578432589073,0.402139720150117,1.52429275110082,0.327988354477269,1.12808198110993
"GRB140331A",20.6388605732975,2.01,-11.8072,4.54757,-0.508638306165727,2.32014628611105,1.90533,1.648,0.922114674653616,-5.578432589073,0.486205398684031,2.06341192551702,0.561994185948924,2.64749063870513
"GRB140626A",21.2325656662408,0.61,-11.8607,3.92917,-0.154901959985743,1.2148438480477,2.00951,1.03196,0.922114674653616,-5.578432589073,0.552714241130882,2.5703783562314,0.597355768415757,2.9569063197862
"GRB140703A",21.8698439952801,1.74,-9.92462,3.54149,0.447158031342219,1.82672252016899,1.82756,1.41389,0.922114674653616,-5.578432589073,0.439058595235026,1.74826492540768,0.368216397664165,1.33462105356687
"GRB140706A",20.9108580287517,1.8,-11.1976,3.83282,0.255272505103306,1.68394713075151,1.8367,1.15048,0.922114674653616,-5.578432589073,0.453299906050752,1.83987945635836,0.383734207056121,1.4195478039566
"GRB140709A",21.9036856474898,1.23,-10.3217,3.77564,0.491361693834273,1.99387691494121,1.88959,1.02354,0.922114674653616,-5.578432589073,0.49162670811889,2.10189225290231,0.564876600882128,2.67177956842991
"GRB140713A",21.7729730998564,1.84,-10.0335,3.22665,0.278753600952829,0.724275869600789,1.75082,1.1122,0.922114674653616,-5.578432589073,0.445456323557043,1.78905015101345,0.375187576787153,1.3723981504877
"GRB140719A",21.4622182526462,1.9,-11.4492,4.11285,-0.698970004336019,1.68124123737559,2.13988,0.964218,0.922114674653616,-5.578432589073,0.471373738370758,1.96055912240205,0.403428060280243,1.53179221593261
"GRB140730A",21.5003826334218,2.5,-11.2702,3.53158,-0.301029995663981,1.6159500516564,1.96098,0.946435,0.922114674653616,-5.578432589073,0.51465121467863,2.27077910523017,0.577118326305647,2.77675076895907
"GRB140817A",21.4020046858679,1.48,-11.0425,4.28008,0.857332496431269,2.38738982633873,1.83757,1.45491,0.922114674653616,-5.578432589073,0.373599271783849,1.36373764464578,0.296889725745732,0.981023948550426
"GRB140818B",21.7607729442963,1.99,-11.7843,4.44713,0.0413926851582251,1.25767857486918,2.29134,1.86618,0.922114674653616,-5.578432589073,0.446747185490809,1.79735243141503,0.376594143197978,1.38009418454003
"GRB140824A",21.0214018445404,1.98,-11.0198,2.63156,0.0791812460476248,0.489958479424835,1.87687,1.03747,0.922114674653616,-5.578432589073,0.464497708206026,1.91405475711571,0.395935707444869,1.48848889740816
"GRB140916A",21.1610168305473,2.15,-11.776,5.03564,0.113943352306837,1.90363251608424,2.06379,2.2633,0.922114674653616,-5.578432589073,0.349333215769115,1.23528660583637,0.270448618125543,0.864011631868473
"GRB140927A",21.2918297661278,1.82,-11.3603,3.59415,-0.0457574905606751,0.79657433321043,1.83323,1.49418,0.922114674653616,-5.578432589073,0.532678887068782,2.40940730288312,0.586703322833272,2.86103130466651
"GRB141005A",21.5226411212026,1.33,-10.4975,2.75932,0.6232492903979,0.637489729512511,2.02777,1.5598,0.922114674653616,-5.578432589073,0.477405882226974,2.0019667815895,0.557315637722601,2.60840800600993
"GRB141017A",21.269031918602,1.05,-10.4872,3.64462,0.826074802700826,1.74585519517373,2.01954,1.1315,0.922114674653616,-5.578432589073,0.390807403600538,1.45927674781307,0.315640282697845,1.06842740265199
"GRB141020A",20.3684858522067,1.74,-10.8233,3.34044,-0.154901959985743,1.19173039336286,1.81334,1.33331,0.922114674653616,-5.578432589073,0.533423897364194,2.41526098869425,0.58709943171189,2.86455445891882
"GRB141026A",21.4545948782699,2.34,-11.7639,4.59028,-0.397940008672038,2.16435285578444,1.91933,0.874934,0.922114674653616,-5.578432589073,0.420303806647112,1.63210861501426,0.347780551676427,1.22730940891036
"GRB141109B",20.9905501777759,1.85,-10.9767,3.5871,-0.397940008672038,1.73399928653839,1.95675,0.581067,0.922114674653616,-5.578432589073,0.542716734423003,2.48912665368323,0.5920402698308,2.90877138082192
"GRB141221A",21.4678876805073,1.74,-9.78946,2.92269,0.491361693834273,1.56702636615906,2.22288,1.30102,0.922114674653616,-5.578432589073,0.41748143161407,1.61505863816089,0.344705197282295,1.21159295221294
"GRB150323A",21.6926962555066,1.85,-11.5974,4.25725,0.732393759822969,2.17493159352844,2.0639,1.22625,0.922114674653616,-5.578432589073,0.448273201113502,1.80719900396577,0.37825694094662,1.38922439784463
"GRB150323C",20.7880530626744,2.09,-11.6292,3.86864,0.0413926851582251,2.20248831706009,2.49524,1.05112,0.922114674653616,-5.578432589073,0.512628768635441,2.25558297465353,0.576043027294119,2.7674112238722
"GRB150424A",21.0188772588155,1.23,-10.8513,3.43316,1.07918124604762,1.95904139232109,1.98937,0.884463,0.922114674653616,-5.578432589073,0.403169001893251,1.53028244213682,0.32910989434865,1.13358472944927
"GRB150428B",21.513766175091,1,-11.6808,4.54278,0.146128035678238,2.11693964655076,1.90578,0.922538,0.922114674653616,-5.578432589073,0.495739213055575,2.13140480075014,0.567063147469224,2.69031252707012
"GRB150430A",21.578965896529,1.43,-10.4325,3.54254,0.698970004336019,2.02978947083186,2.10253,1.54594,0.922114674653616,-5.578432589073,0.427245061953114,1.6745151476604,0.355343976010969,1.26643869347585
"GRB150530A",22.3294405947503,1.49,-10.6954,3.26007,0.612783856719735,0.8208579894397,1.81811,1.4001,0.922114674653616,-5.578432589073,0.579753039393712,2.79973263910167,0.611731822176416,3.09008018359503
"GRB150607A",21.3340013265539,0.99,-9.50944,2.71762,0.690196080028514,1.41995574848976,1.81752,0.976847,0.922114674653616,-5.578432589073,0.416051745776508,1.60646408922781,0.343147363694872,1.20367408126974
"GRB150615A",21.7017681633491,1.84,-11.3767,4.30707,-0.221848749616356,1.44090908206522,2.47862,0.790346,0.922114674653616,-5.578432589073,0.491714101524772,2.10251651182592,0.564923066419875,2.67217243627992
"GRB150711A",21.6244915588761,1.79,-10.8257,3.59028,0.57978359661681,1.80753502806885,2.19738,0.950191,0.922114674653616,-5.578432589073,0.469035690006282,1.94466361418089,0.400880444450593,1.51698393985849
"GRB150801B",22.4878896065359,1.84,-8.71783,3.25529,0.397940008672038,2.62940959910272,1.83096,2.6044,0.922114674653616,-5.578432589073,0.463782666334672,1.90926087446284,0.395156573865768,1.48402849738321
"GRB150817A",21.6523807677089,1.78,-10.0959,3.39134,0.982271233039568,1.58883172559421,1.76185,1.17232,0.922114674653616,-5.578432589073,0.355678076102143,1.26818292173973,0.277362190516491,0.893922443196253
"GRB150911A",21.633665358434,1.02,-10.2632,3.58105,0.716003343634799,0.857332496431269,1.98783,1.7817,0.922114674653616,-5.578432589073,0.441028593039658,1.76075961287135,0.370362973272998,1.3461888864661
"GRB151001A",20.9080934412007,1.17,-10.6292,3.33312,0.113943352306837,0.951337518795918,1.78616,1.32922,0.922114674653616,-5.578432589073,0.491046605866848,2.09775171342753,0.564568170711491,2.66917284510653
"GRB151114A",21.3033842936436,2.14,-10.6397,2.97269,0.462397997898956,0.686636269262293,1.99994,1.1526,0.922114674653616,-5.578432589073,0.410915078651201,1.57581743593847,0.337550279101197,1.17545587612064
"GRB151118A",22.0168215691157,1.8,-9.9889,2.92497,0.0791812460476248,1.36921585741014,1.90528,1.04554,0.922114674653616,-5.578432589073,0.497460884814421,2.14384325398475,0.56797853008064,2.6980989728932
"GRB151205A",21.8667309200731,1.17,-8.81097,2.28802,-0.221848749616356,1.7979596437372,1.90057,1.71547,0.922114674653616,-5.578432589073,0.437059064265871,1.73564074951309,0.366037641729816,1.3229381243124
"GRB151228B",20.7593266620382,1.09,-11.3242,3.50046,0,1.68124123737559,1.9262,0.889563,0.922114674653616,-5.578432589073,0.56497084623495,2.67257646022948,0.603872389908565,3.01672768754932
"GRB160104A",21.4334629182211,1.76,-11.9491,4.59482,0,1.20951501454263,1.95461,0.873724,0.922114674653616,-5.578432589073,0.382169873751294,1.41084824460324,0.30622854079064,1.02408404156158
"GRB160119A",21.3074211530985,1.68,-11.1805,4.32085,0.462397997898956,2.06445798922692,2.11362,1.279,0.922114674653616,-5.578432589073,0.443045127991855,1.77360829820482,0.372560257316953,1.35808935250232
"GRB160123A",21.424523931121,1.51,-11.1607,3.26757,0.113943352306837,0.59659709562646,2.08982,1.15534,0.922114674653616,-5.578432589073,0.510653583222511,2.24081009674694,0.574992855928974,2.75831221877342
"GRB160127A",21.0155206996,0.99,-10.5862,3.2676,0.146128035678238,0.789580712164425,1.85981,1.34532,0.922114674653616,-5.578432589073,0.500265416111412,2.16421085526798,0.569469650074476,2.7108179617146
"GRB160412A",21.4377605483086,1.88,-11.7502,4.47886,0.204119982655925,1.4996870826184,2.30285,0.940394,0.922114674653616,-5.578432589073,0.409377197773637,1.56671233529484,0.335874552573326,1.16707804659772
"GRB160417A",20.4658328324811,1.93,-11.4802,3.65811,0,1.17609125905568,2.03026,0.857876,0.922114674653616,-5.578432589073,0.530920445795862,2.39563065620476,0.58576839051754,2.85272836655916
"GRB160504A",21.1438656208972,1.88,-11.5015,4.23844,-0.154901959985743,1.73158876518674,2.00145,1.22333,0.922114674653616,-5.578432589073,0.491403093070273,2.10029552240255,0.564757708691382,2.67077452188615
"GRB160630A",21.6711930290683,1.32,-10.3254,3.54193,0.0791812460476248,1.46982201597816,1.78526,1.18101,0.922114674653616,-5.578432589073,0.503547063053152,2.18821105283812,0.571214444070103,2.72575629641826
"GRB160705B",20.9072667510385,1.79,-11.9322,4.56399,-0.301029995663981,1.73559889969818,2.07099,0.734183,0.922114674653616,-5.578432589073,0.417810304248855,1.61703966018892,0.345063547923388,1.21341856327816
"GRB160815A",21.4186081727097,0.96,-10.3999,3.17448,0.672097857935718,0.934498451243568,1.89874,0.988304,0.922114674653616,-5.578432589073,0.435548587108027,1.72614271167615,0.364391775213061,1.31415143506739
"GRB160824A",22.0075655750078,1.64,-10.3081,3.83339,0.113943352306837,1.99694924849538,1.93678,1.11257,0.922114674653616,-5.578432589073,0.500510508771762,2.16599707121677,0.569599961533857,2.71193157166979
"GRB160905A",21.735938059795,1.04,-8.9155,3.06527,0.799340549453582,1.80617997398389,1.8094,1.26565,0.922114674653616,-5.578432589073,0.374086990890953,1.36639364796172,0.297421160824902,0.983449560799953
"GRB161001A",21.8095661111736,1.14,-10.0841,3.39412,0.544068044350276,0.414973347970818,1.93192,1.28616,0.922114674653616,-5.578432589073,0.477201392687056,2.00055362454438,0.557206914228651,2.60750477182455
"GRB161004B",22.0411324253148,1.21,-9.39802,2.43837,1.00432137378264,1.20139712432045,1.9797,1.1167,0.922114674653616,-5.578432589073,0.424287732223008,1.65636489503606,0.352121570457523,1.24968426354714
"GRB161113A",21.0732343096353,1.73,-11.9023,4.28684,0.146128035678238,1.62940959910272,2.02591,0.867794,0.922114674653616,-5.578432589073,0.476876865631703,1.9983122948904,0.409424452115237,1.56699162712398
"GRB161214B",21.0569238989224,1.76,-11.3198,4.17771,0.342422680822206,1.39445168082622,1.98842,1.00484,0.922114674653616,-5.578432589073,0.4296371210068,1.68928680505079,0.357950443697105,1.28008188247466
"GRB161217A",20.4365059698313,2.7,-11.1373,3.1149,-0.397940008672038,1.26007138798507,1.8394,0.825749,0.922114674653616,-5.578432589073,0.463680696247591,1.90857787531602,0.395045463842577,1.48339306411743
"GRB170208B",21.5925289373485,1.18,-10.5809,3.45314,0.924279286061882,2.10744740952361,2.14664,0.902264,0.922114674653616,-5.578432589073,0.408445816280628,1.56121370041037,0.334859688094435,1.16201990526645
"GRB170317A",21.4027255290306,0.8,-10.7249,3.22899,0.544068044350276,1.07700432679335,2.06523,1.17372,0.922114674653616,-5.578432589073,0.530112836751404,2.38932204785342,0.585338998984386,2.84892101589671
"GRB170711A",21.8187186504044,1.75,-10.9417,3.57249,0.681241237375587,1.49554433754645,2.11428,0.778258,0.922114674653616,-5.578432589073,0.517743831406564,2.29415349221954,0.57876261625928,2.79107709473677
"GRB170803A",21.1269174279435,0.65,-10.1971,2.96196,0.812913356642856,0.582063362911709,1.8674,1.18713,0.922114674653616,-5.578432589073,0.377076593592875,1.38273966005101,0.300678732089682,0.998383025464402
"GRB170822A",21.5500668388799,1.8,-9.90552,3.747,0.6232492903979,1.80617997398389,1.8366,1.9641,0.922114674653616,-5.578432589073,0.397311158966191,1.49638266964691,0.322726992439807,1.1024563715461
"GRB171027A",21.5085539579869,1.25,-9.95031,3.26278,0.477121254719662,1.98497712641549,1.99755,1.19637,0.922114674653616,-5.578432589073,0.442621007748224,1.77090098952255,0.372098121690178,1.3555814286326
"GRB171120A",22.3825121262939,1.06,-10.9086,4.53418,1.05690485133647,1.80617997398389,1.91761,0.969833,0.922114674653616,-5.578432589073,0.419642828887958,1.62810570437731,0.347060328165292,1.22361875371212
"GRB171123A",21.0383852694924,1.35,-11.4263,3.76961,-0.0969100130080564,1.76715586608218,2.2649,0.90234,0.922114674653616,-5.578432589073,0.540721094509516,2.47313044111645,0.590979223167248,2.89923332132254
"GRB171211A",21.2472485925937,1.77,-10.6388,2.93112,0.361727836017593,0.3654879848909,1.66685,1.03336,0.922114674653616,-5.578432589073,0.422681615113526,1.64655921273129,0.350371491445233,1.24063693899158
"GRB180115A",20.6139738864907,1.66,-10.9141,3.62081,-0.221848749616356,1.61172330800734,1.9512,1.17047,0.922114674653616,-5.578432589073,0.549273889022693,2.54220660902211,0.595526593672776,2.94027554865967
"GRB180224A",20.9645310148041,2.11,-10.5124,3.46482,0.146128035678238,1.03742649794062,1.65422,1.84815,0.922114674653616,-5.578432589073,0.452575262878592,1.83514491921494,0.382944611577989,1.41515279453534
"GRB180314A",21.6244915588761,0.83,-10.3733,3.19213,0.897627091290441,1.70926996097583,1.76908,1.01924,0.922114674653616,-5.578432589073,0.426805196916221,1.67180769869085,0.354864684329957,1.26393880904386
"GRB180316A",21.5124695967566,1.46,-9.13278,2.70967,0.518513939877887,1.93951925261862,2.03262,1.3171,0.922114674653616,-5.578432589073,0.376080616010061,1.37728152908477,0.299593481547175,0.993395536817267
"GRB180331B",20.9903175391979,2.48,-11.3357,4.3889,0.447158031342219,2.16731733474818,1.84737,1.09515,0.922114674653616,-5.578432589073,0.31289704025426,1.05540325641921,0.230746540562078,0.70116539821753
"GRB180411A",22.2320177195751,1.46,-10.2597,3.9963,0.785329835010767,1.88930170250631,1.95526,1.34166,0.922114674653616,-5.578432589073,0.427305085227115,1.67488481445625,0.355409379381283,1.26678003765034
"GRB180425A",21.0790107520018,1.35,-11.8748,4.48348,0.342422680822206,1.04921802267018,2.00413,0.96255,0.922114674653616,-5.578432589073,0.402652508468573,1.52727504164445,0.328547105809024,1.13082167486671
"GRB180514A",20.8225890885597,1.77,-11.8389,4.17677,-0.154901959985743,1.67117284271508,1.83771,0.793297,0.922114674653616,-5.578432589073,0.439727638754743,1.75250197178008,0.368945409898237,1.33854326914304
"GRB180614A",22.2314311037097,1.53,-10.4888,3.04737,-0.154901959985743,0.847572659142112,2.73639,0.9061,0.922114674653616,-5.578432589073,0.585967192389047,2.85449238837763,0.615035778094483,3.121314699577
"GRB180626A",21.3659246804868,1.64,-10.8016,3.89183,0.612783856719735,1.47813342810052,2.03488,1.12702,0.922114674653616,-5.578432589073,0.430204001504514,1.69279939777225,0.358568135679632,1.28332712366279
"GRB180630A",21.2370090862215,2.07,-9.96603,3.09267,0.819543935541869,1.27531135454181,1.64932,0.863273,0.922114674653616,-5.578432589073,0.278603169027013,0.89934198757971,0.193378789524088,0.560913330263373
"GRB180706A",20.7223640497047,1.9,-11.2568,3.79087,0.505149978319906,1.63042787502502,2.09151,0.880109,0.922114674653616,-5.578432589073,0.475789051674741,1.99081156739719,0.40823913358266,1.55999509727898
"GRB180720C",22.4487778721404,1.39,-10.9196,3.49451,0.0413926851582251,2.09412159584056,2.07213,0.727455,0.922114674653616,-5.578432589073,0.687355077293503,3.86805052739809,0.780404132209532,5.03120558140333
"GRB180721A",21.143342428378,1.25,-11.727,3.82343,-0.0457574905606751,1.67760695272049,2.13857,1.74717,0.922114674653616,-5.578432589073,0.605460715232912,3.03144477747931,0.625400141542295,3.22085216742997
"GRB180818B",21.1036634931579,1.77,-10.9776,4.06908,0.0791812460476248,2.12839926871781,1.76901,1.12225,0.922114674653616,-5.578432589073,0.429156853567774,1.68631448314896,0.357427128205125,1.27733608758437
"GRB180823A",21.0621399446104,1.58,-10.3003,3.1323,0.361727836017593,1.90471554527868,2.06097,1.14145,0.922114674653616,-5.578432589073,0.452911066673758,1.8373379486679,0.383310514643648,1.41718847361188
"GRB180924A",20.8417679156425,1.94,-10.8965,3.5304,-0.221848749616356,1.97818051693741,1.87764,1.01997,0.922114674653616,-5.578432589073,0.504307980247822,2.19380193918633,0.571619010367453,2.7292286355318
"GRB180925A",21.1720497876031,1.53,-10.997,3.18075,0.491361693834273,1.91222205653242,1.7684,1.36178,0.922114674653616,-5.578432589073,0.525325276311584,2.35216414337445,0.582793537252092,2.8264279243502
"GRB181023A",21.3647318043115,1.74,-9.40653,3.29862,0,1.76342799356294,1.78544,1.164,0.922114674653616,-5.578432589073,0.368302199879318,1.33508234298099,0.291117858730567,0.954869895912307
"GRB181103A",21.8021800803218,1.9,-11.0113,3.71006,-0.0969100130080564,0.923244018630276,2.1983,0.81937,0.922114674653616,-5.578432589073,0.482407663755341,2.03674037567655,0.559974997042195,2.63057152446104
"GRB190202A",20.8308067234232,1.32,-9.44352,3.28863,0.89209460269048,1.28780172993023,1.82361,1.44109,0.922114674653616,-5.578432589073,0.312437004032936,1.05322717691395,0.230245269682714,0.69920301376892
"GRB190203A",21.8472696577414,1.06,-8.81988,2.80793,0.491361693834273,1.98227123303957,1.62927,1.39866,0.922114674653616,-5.578432589073,0.425741983170821,1.66527473913165,0.353706171012082,1.25790762924312
"GRB190204A",21.7209852487605,1.3,-8.67607,2.5734,1.48429983934679,1.42160392686983,1.88087,1.44147,0.922114674653616,-5.578432589073,0.366635995528434,1.32614078253148,0.28930230664694,0.946714692464052
"GRB190211A",20.8407952722495,1.51,-10.5104,3.41868,0.278753600952829,1.09621458534641,1.9291,1.2215,0.922114674653616,-5.578432589073,0.454550183475057,1.84806688019168,0.385096551225732,1.4271496327334
"GRB190219A",21.2340014424009,2.24,-11.5912,4.52688,0.278753600952829,2.22479195649268,2.12305,0.9296,0.922114674653616,-5.578432589073,0.396992625426109,1.49455236762752,0.322379907622693,1.10077677579785
"GRB190311A",21.582518792169,1.8,-11.0329,3.73931,0.255272505103306,1.23044892137827,2.00488,0.854671,0.922114674653616,-5.578432589073,0.501954974644099,2.17654472621394,0.570367958648015,2.71850147975188
"GRB190511A",21.2145900823896,1.19,-11.577,4.39622,0.792391689498254,1.44247976906445,2.11564,2.18128,0.922114674653616,-5.578432589073,0.432987510744513,1.71011369447642,0.361601140603544,1.2993291258258
"GRB190515B",21.1268252042341,1.74,-11.2285,3.68578,0.0413926851582251,1.66651798055488,1.96696,0.948964,0.922114674653616,-5.578432589073,0.527518681044571,2.36913707670098,0.583959731993951,2.83671669609945
"GRB190519A",21.8164733037652,1.32,-9.645,3.34823,1.31386722036915,1.65877432084436,1.76831,1.10892,0.922114674653616,-5.578432589073,0.373545745722708,1.36344633592671,0.296831401956226,0.980757923835318
"GRB190604B",21.4618690346815,1.81,-10.0302,3.5915,0.863322860120456,2.34281731463573,2.02184,1.14658,0.922114674653616,-5.578432589073,0.341086324159868,1.19324083970936,0.261462528732206,0.825839207442868
"GRB190613B",21.4200792489025,1.84,-10.9611,4.42656,0.755874855672491,2.20639406443087,1.90583,0.987946,0.922114674653616,-5.578432589073,0.276685216429173,0.890972514751736,0.191288924116248,0.553420113742206
"GRB190706B",21.5298353273365,1.9,-11.2376,3.61223,0.146128035678238,1.40071063677323,1.98504,0.994626,0.922114674653616,-5.578432589073,0.550518616156654,2.55237345505949,0.596188393210656,2.9462845137885
"GRB190719C",20.9538258694985,1.64,-11.0479,4.666,0.740362689494244,2.26881190373978,1.5415,1.42354,0.922114674653616,-5.578432589073,0.246054113196692,0.762195602728053,0.157912247799201,0.438507888430754
"GRB190821A",21.549357055614,2.03,-10.36847409,3.502563782,0.447158031342219,1.75663610824585,1.71274,1.09868891,0.922114674653616,-5.578432589073,0.413635785630289,1.59200470560183,0.340514852577553,1.1903567355065
"GRB190824A",22.1089311784672,1.62,-10.57249958,3.859869434,0.698970004336019,2.22891340599469,2.18884,0.87467774,0.922114674653616,-5.578432589073,0.416516096228705,1.60925242777849,0.343653335504736,1.20624295278857
"GRB191004A",20.7782033625948,1.35,-10.57249958,3.859869434,0.89209460269048,0.387389826338729,1.80978,0.87467774,0.922114674653616,-5.578432589073,0.248903426455239,0.773795000357974,0.161016954986357,0.448828415134955
"GRB191017B",20.9927762758534,1.82,-11.02064155,3.664634775,0.278753600952829,0.77451696572855,1.54322,1.070748196,0.922114674653616,-5.578432589073,0.457511943482984,1.86755623483372,0.388323784158319,1.44525290855207
"GRB191029A",20.5421018299469,1.77,-12.0011996,4.214169923,0.0413926851582251,1.59659709562646,1.80812,1.312003004,0.922114674653616,-5.578432589073,0.490431028728414,2.09336401242857,0.56424087916732,2.66640873709935
"GRB191101A",20.8833928275429,1.78,-11.35506604,4.467589848,0.113943352306837,2.1397217048152,1.9989,0.954135398,0.922114674653616,-5.578432589073,0.381315011872689,1.40610741711389,0.305297054647245,1.01974738561316
"GRB191123A",20.6812412373756,1.67,-11.22175607,4.197593038,0.0791812460476248,2.43949059038968,1.98,1.542811774,0.922114674653616,-5.578432589073,0.489412518404991,2.08611793455517,0.563699355131267,2.66183992211053
"GRB191220A",21.18385616163,2.12,-11.74516561,4.052629652,0.0413926851582251,2.24440083380137,1.99781,0.635127087,0.922114674653616,-5.578432589073,0.504390074257686,2.19440571565889,0.571662658309486,2.72960345340762
"GRB191228A",21.5497699611327,2.06,-10.44176367,3.806005268,-0.221848749616356,2.22245633667925,2.16743,1.306703041,0.922114674653616,-5.578432589073,0.445113194210288,1.78684743594708,0.374813691555054,1.37035662574508
"GRB200109A",21.8561093223049,1.31,-10.21589708,2.763790636,-0.154901959985743,2.04921802267018,1.66765,1.387930316,0.922114674653616,-5.578432589073,0.569722201371939,2.71297650729892,0.606398601917744,3.0401603476113
"GRB200227A",21.7481880270062,1.15,-9.740282109,2.990939635,0.755874855672491,1.51587384371168,1.83,1.235502167,0.922114674653616,-5.578432589073,0.439868518533263,1.75339499433811,0.369098917224813,1.33937000535909
"GRB200303A",21.8771686662241,1.39,-9.626275458,3.689082283,0.698970004336019,1.97405090279288,2.38226,1.294775771,0.922114674653616,-5.578432589073,0.399656010907758,1.50989764403098,0.325282021674996,1.11486194075273
"GRB200306A",21.6691261955223,1.06,-11.0881633,4.199174663,0.845098040014257,1.51679970408162,2.04359,1.50060078,0.922114674653616,-5.578432589073,0.460440613850686,1.88695898462698,0.391514961510314,1.46328669737118
"GRB200306C",20.62833067959,0.83,-9.967258901,3.062508242,0.113943352306837,1.72835378202123,1.56127,1.485105316,0.922114674653616,-5.578432589073,0.481486302727877,2.03030472309264,0.559485125579157,2.62647865480708
"GRB200324A",21.4273708661977,1.72,-10.57326696,3.566879478,-0.154901959985743,2.24440083380137,1.93506,1.275683047,0.922114674653616,-5.578432589073,0.494679492272107,2.12377318314844,0.566499712555944,2.68552797920423
"GRB200409A",20.631696357522,2.14,-11.17146422,3.603207968,0.0791812460476248,1.25309558584903,2.0354,1.300863508,0.922114674653616,-5.578432589073,0.52809683629931,2.37362523283401,0.584267126980347,2.83943329741795
"GRB200410A",21.4770983812746,1.41,-10.6644684,3.689712507,0.255272505103306,2.03662889536216,2.06836,0.921858886,0.922114674653616,-5.578432589073,0.486396412643662,2.06475958975907,0.562095744713703,2.64834369573272
"GRB200519A",21.675651883099,1.42,-10.01327888,4.08556622,1.31386722036915,1.85660806843694,1.76388,1.462815998,0.922114674653616,-5.578432589073,0.28569556306086,0.930614497327728,0.201106899680097,0.588937810533083
"GRB200711A",22.2171134514777,1.42,-9.751789117,3.462520743,0.886490725172482,1.46819958607261,2.01181,1.178020802,0.922114674653616,-5.578432589073,0.461584194564054,1.89457091909414,0.392761045369026,1.47036454341146
"GRB200713A",21.2317717583243,2.48,-11.23774036,4.378137384,-0.0969100130080564,1.6900187807887,2.13218,1.142286648,0.922114674653616,-5.578432589073,0.355467719892922,1.26708456371638,0.277132979343352,0.892923135890154
"GRB200906A",21.8441457055812,2,-11.09609497,3.841140068,0.397940008672038,1.85064623518307,2.2558,0.948827036,0.922114674653616,-5.578432589073,0.481922883212167,2.03335251013442,0.559717247748641,2.62841745699653
"GRB200925B",20.8749946664652,2.01,-10.91084339,3.969339748,0.477121254719662,1.26126286879249,2.11946,1.348323817,0.922114674653616,-5.578432589073,0.400149501020375,1.51275126917982,0.32581974503512,1.11748208682389
"GRB201027A",21.1223073163146,1.5,-10.71550079,3.049384967,0.146128035678238,2.73777290501831,1.8145,1.271595026,0.922114674653616,-5.578432589073,0.511995003332342,2.25083557195521,0.5757060654225,2.76448928579674
"GRB201128A",21.1868077802185,1.37,-11.12097143,3.755648104,-0.397940008672038,0.733197265106569,2.07781,1.202387676,0.922114674653616,-5.578432589073,0.550794728274627,2.55463267147797,0.596335197170409,2.94761869633791
"GRB201209A",21.2066405195203,1.56,-10.36512971,4.163842298,1.08635983067475,1.68124123737559,1.97912,1.163557392,0.922114674653616,-5.578432589073,0.246870506813269,0.765511321308252,0.158801817635488,0.441457418620207
"GRB201223A",20.608897271524,1.35,-11.17200546,3.554946214,0.176091259055681,1.46239799789896,1.87353,1.412653305,0.922114674653616,-5.578432589073,0.569085010690964,2.70753287541366,0.606059818832917,3.03700994086856
"GRB201229A",21.1180857453337,1.4,-11.06840106,4.215991552,0.230448921378274,1.72672720902657,1.80484,1.002994191,0.922114674653616,-5.578432589073,0.421024102600991,1.6364777017686,0.348565410279875,1.23133825013255
"GRB210104B",22.0525373522686,1.83,-10.47349565,3.394158757,0.278753600952829,1.29972515397564,2.2916,0.932715191,0.922114674653616,-5.578432589073,0.528948098468654,2.38024437271571,0.584719728112687,2.84343665858404
"GRB210112A",21.4552802010099,1.45,-9.9388455,3.825686797,1.31175386105575,2.03181227133037,2.01845,1.350697279,0.922114674653616,-5.578432589073,0.278105931838309,0.897168616592802,0.192836983224321,0.558967219056188
"GRB210207B",20.8570090679147,1.2,-10.79098324,4.143050385,0.491361693834273,1.98086655458208,1.77966,1.797744516,0.922114674653616,-5.578432589073,0.425605143224405,1.66443508167496,0.353557065621913,1.25713255973332
"GRB210217A",21.3903782884283,2.01,-10.77058837,3.472452434,0.707570176097936,0.625312450961674,1.97362,1.261531393,0.922114674653616,-5.578432589073,0.353828090354942,1.25854157986759,0.275346384066203,0.885152047330247
"GRB210307A",21.8441457055812,1.56,-11.79616915,5.104778989,0,2.41830129131975,1.88675,2.585712564,0.922114674653616,-5.578432589073,0.491259883890575,2.09927336439259,0.564681566887803,2.67013100716429
"GRB210318B",22.2041199826559,1.1,-9.699639861,3.144735284,1.16136800223497,1.17464119266045,1.69,1.543437522,0.922114674653616,-5.578432589073,0.456632981053783,1.86175849748538,0.387366037247553,1.4398663492281
"GRB210419A",21.280813663271,2.17,-11.5116339,4.250854041,-0.221848749616356,1.80908813134635,2.60043,1.16969055,0.922114674653616,-5.578432589073,0.47106463416351,1.95845272747355,0.403091249980096,1.52982948521649
"GRB210421A",21.6654618563323,1.1,-11.3785531,4.031378365,0.301029995663981,1.90047637138926,2.17119,0.92450685,0.922114674653616,-5.578432589073,0.525454891142277,2.35316474331084,0.582862451179261,2.82703515080347
"GRB210509A",20.8516475712489,0.76,-11.90560957,4.004941202,0.0791812460476248,0.91487181754005,1.62964,1.464292757,0.922114674653616,-5.578432589073,0.513399472197337,2.26136549583451,0.576452796830903,2.77096756396348
"GRB210712A",20.9487610565673,1,-11.17849959,4.14973547,0.361727836017593,2.13484620892477,1.97803,1.274050794,0.922114674653616,-5.578432589073,0.486924252598093,2.06848675209474,0.562376387939343,2.65070203523749
"GRB210807A",21.5365248335694,1.26,-10.33296018,4.256597633,0.255272505103306,2.19395897801919,1.70939,1.831682223,0.922114674653616,-5.578432589073,0.433884091248921,1.71571437574567,0.362578084759314,1.30450728185058
"GRB210820A",20.5545960583973,2.26,-11.63229735,3.777162379,-0.0969100130080564,2.29402509409532,2.27505,1.204815871,0.922114674653616,-5.578432589073,0.544249733392704,2.50146454701083,0.592855338436632,2.91611411358098
"GRB210912A",21.0705195738327,1.61,-10.88968341,3.629749018,0.230448921378274,1.45255306322893,1.6687,1.089397108,0.922114674653616,-5.578432589073,0.506653619623774,2.21109844033253,0.572866145593065,2.73995300980238
"GRB210930A",21.7902531644311,1.58,-10.96336905,3.235265957,-0.154901959985743,1.07224989761351,2.25294,0.89594147,0.922114674653616,-5.578432589073,0.55753729210056,2.61025012836056,0.59992009983894,2.98033934759569
"GRB211025A",20.3802112417116,1.96,-11.36646045,3.624243496,-0.301029995663981,2.01494034979294,2.33,1.129643755,0.922114674653616,-5.578432589073,0.580557465276068,2.80677725045999,0.612159521278233,3.09411013413659
"GRB220319A",21.448158856674,2.15,-10.71790257,2.91464161,0.176091259055681,0.808885867359812,2.25813,1.225055333,0.922114674653616,-5.578432589073,0.449905872853009,1.81777215307348,0.380035954773445,1.39903152404
"GRB220325A",21.6426455209933,0.69,-11.16070525,3.571225849,0.301029995663981,0.544068044350276,1.58848,0.882606246,0.922114674653616,-5.578432589073,0.528026839169342,2.37308153480291,0.58422991073672,2.83910429677722
"GRB220403B",21.2236290903456,1.94,-11.16681647,4.046866898,0.431363764158987,1.43136376415899,1.89728,1.140936747,0.922114674653616,-5.578432589073,0.416627810760025,1.60992369789109,0.343775063400837,1.20686142473562
"GRB220408A",21.2312852820137,1.19,-10.24229187,3.528156503,0.690196080028514,1.23678909940929,1.90992,1.449972043,0.922114674653616,-5.578432589073,0.432132792513889,1.70478526922551,0.3606698109838,1.29440357660784
"GRB220430A",22.0046024992015,1.24,-9.655415435,3.427677584,1.47129171105894,1.63447727016073,1.83378,1.435109393,0.922114674653616,-5.578432589073,0.381289443427662,1.40596576526967,0.305269194412923,1.01961782184268
"GRB220518A",20.4258119236587,1.71,-10.67032295,3.31306173,0.255272505103306,1.08955188288645,1.84744,1.340508705,0.922114674653616,-5.578432589073,0.473995752048291,1.97848729589744,0.4062850942287,1.54850267765614
"GRB220711B",21.3555978567329,1.75,-10.74173825,3.603028081,0.301029995663981,1.94762974738435,2.07638,1.037885184,0.922114674653616,-5.578432589073,0.498419027535356,2.15078687385903,0.568487957723565,2.70243938998275
"GRB220714B",21.1685201699557,1.92,-10.13248674,3.831265206,0.57978359661681,1.69983772586725,2.02899,1.297368542,0.922114674653616,-5.578432589073,0.352372920145573,1.25098665425985,0.273760781853455,0.878281936297179
"GRB220715B",21.9999847994271,1.36,-10.89047431,3.636918814,0.113943352306837,1.6063813651106,2.55747,1.285330969,0.922114674653616,-5.578432589073,0.600037891601342,2.98141906376574,0.622516921537315,3.19292333370745
"GRB220813A",20.6939827029432,1.79,-11.07417988,3.644444987,-0.154901959985743,1.06483221973857,1.99747,0.924711861,0.922114674653616,-5.578432589073,0.499984146290983,2.16216222486607,0.569320103854987,2.70954038788658
"GRB220826A",21.240733659482,1.44,-10.25788982,3.253766055,0.414973347970818,1.04688519083771,1.84127,1.257995857,0.922114674653616,-5.578432589073,0.435345070621086,1.72486550223888,0.364170016830469,1.31297009037388
"GRB220930A",21.8028380097959,1.59,-9.801237915,3.448483171,0.792391689498254,2.25640501833417,1.82188,1.234482071,0.922114674653616,-5.578432589073,0.372441399077489,1.35744407605821,0.295628068852631,0.975277281926565
"GRB221016A",21.1709349366599,1.28,-10.35817715,3.017365909,0.531478917042255,1.33965015761368,2.04284,0.905266779,0.922114674653616,-5.578432589073,0.447834264947223,1.80436323525457,0.377778661394147,1.38659464262359
"GRB221024A",20.7746417618409,1.39,-10.9782179,4.424211134,0.176091259055681,2.07918124604762,1.96093,1.919295172,0.922114674653616,-5.578432589073,0.410419637339965,1.57288062974996,0.337010429649686,1.1727533572478
"GRB221027B",21.1055340277341,2.39,-10.32115538,2.901465155,0.531478917042255,0.937517892017347,1.94934,0.943440412,0.922114674653616,-5.578432589073,0.318321184223394,1.08123530399262,0.236656869556135,0.724474868354541
"GRB221201A",21.4531071053467,1.63,-10.25548978,3.718739045,1.04921802267018,1.52775875252097,1.98704,1.073992935,0.922114674653616,-5.578432589073,0.319504086330582,1.08691175983324,0.237945799322938,0.729600488713671
"GRB230123A",21.1853100725146,2.06,-11.67275768,3.4540002,0.0413926851582251,0.729974285699556,2.18978,1.007516025,0.922114674653616,-5.578432589073,0.456798305869254,1.86284810322286,0.387546180705373,1.44087860507849
"GRB230322B",20.8811351939566,2.07,-11.08844371,3.538737318,0.0413926851582251,1.06483221973857,1.99948,1.054105,0.922114674653616,-5.578432589073,0.475930966731401,1.99178903905739,0.408393768982982,1.56090677441923
"GRB230405B",21.7299645806865,1.24,-9.671885021,3.096158675,0.755874855672491,1.63042787502502,1.94897,1.173407881,0.922114674653616,-5.578432589073,0.423071735203165,1.64893764448186,0.350796579365111,1.24283115058221
"GRB230409B",22.0903688174139,1.86,-9.73267374,3.057792946,0.568201724066995,0.990782691803138,1.97486,0.982949217,0.922114674653616,-5.578432589073,0.451286248116471,1.8267424971172,0.381540057907275,1.40735455534662
"GRB230606A",21.0605747098559,1.15,-11.23518382,4.076465759,0.414973347970818,1.21112054125805,2.02294,1.53907387,0.922114674653616,-5.578432589073,0.505601554726835,2.20332906840066,0.572306781180081,2.73513911034937
"GRB230628E",21.0381991731062,1.45,-10.71482568,3.164942495,0.0413926851582251,0.673941998634088,2.00283,1.004628488,0.922114674653616,-5.578432589073,0.474739977146139,1.98359573144459,0.407096026829115,1.5532657927114
"GRB230815A",21.9589931877309,1.19,-9.488056517,3.244260884,1.13672056715641,1.23044892137827,1.93508,1.658513324,0.922114674653616,-5.578432589073,0.419633579170757,1.62804973089231,0.347050249363536,1.22356715012635
"GRB230911C",21.0973343719007,1.26,-11.8098964,4.794592912,-0.154901959985743,1.20978301484851,1.85704,1.13466889,0.922114674653616,-5.578432589073,0.39952864872115,1.50916169366318,0.325143243569448,1.11418624797356
"GRB231205B",21.6508438525303,1.38,-10.11347313,4.006094742,0.851258348719075,1.67154308526257,2.057236542,1.400188058,0.922114674653616,-5.578432589073,0.365812974073921,1.32173674110973,0.288405514896386,0.942698992273385
"GRB231214A",22.0765855323441,0.87,-9.86536251,3.248298554,1.05307844348342,1.44404479591808,2.406159215,1.691345388,0.922114674653616,-5.578432589073,0.483993814781522,2.04785158184145,0.560818325662175,2.63762834799615
"GRB231230A",21.6114363396266,1.28,-10.25918193,3.656223067,0.342422680822206,1.18184358794477,1.945300942,1.299151557,0.922114674653616,-5.578432589073,0.491406612724435,2.1003206482393,0.564759580029633,2.67079033897769
"GRB240101A",21.6453034986245,2.03,-10.31576042,2.880077209,-0.0457574905606751,1.19865708695442,2.11460126,1.243058136,0.922114674653616,-5.578432589073,0.492707433076636,2.10962080346072,0.565451203345671,2.67664080891529
"GRB240112C",21.32830773195,1.39,-10.00910991,3.267832071,0.139879086401236,2.18006850090122,1.954809978,1.217628238,0.922114674653616,-5.578432589073,0.43852758821987,1.7449067060083,0.367637794630104,1.33151274930693
"GRB240123A",20.4281736827103,1.69,-11.33535602,4.077055229,0.0413926851582251,2.0618293072947,2.037532978,1.069414171,0.922114674653616,-5.578432589073,0.492689659295876,2.10949354283515,0.56544175333886,2.67656080812291
"GRB240204A",21.9826204151316,1.21,-10.62942195,3.813072986,1.34439227368511,1.2771506139638,2.28608484,0.955485113,0.922114674653616,-5.578432589073,0.387088422431918,1.43830720760538,0.311587956219359,1.04921702905445
